dataset,N,status
roadNet-CA,all,ran
roadNet-PA,all,ran
roadNet-TX,all,ran
Amazon0601,all,ran
web-Google,all,ran
web-Stanford,all,ran
ogbn-arxiv,all,ran
Yelp,all,ran
twitter-combined,all,ran
soc-Pokec,all,ran
ca-GrQc,all,ran
ca-HepTh,all,ran
ca-CondMat,all,ran
amazon-computers,all,ran
amazon-photo,all,ran
gplus-combined,all,ran
Reddit,all,ran
ogbn-products,all,ran
ogbn-proteins,all,ran
com-DBLP,all,ran
com-Amazon,all,ran
com-youtube,all,ran
Cora,all,ran
CiteSeer,all,ran
PPI,all,ran
Flickr,all,ran
synth_sparse_skewed_cv1p5,all,ran
synth_sparse_skewed_cv2p0,all,ran
synth_sparse_skewed_cv2p5,all,ran
synth_sparse_skewed_cv3p0,all,ran
synth_sparse_skewed_cv4p0,all,ran
synth_community_nc10,all,ran
synth_community_nc50,all,ran
synth_community_nc100,all,ran
synth_community_nc500,all,ran
synth_community_nc1000,all,ran
synth_mixed_v1,all,ran
synth_mixed_v2,all,ran
synth_mixed_v3,all,ran
synth_mixed_v4,all,ran
synth_mixed_v5,all,ran
synth_dense_small_d30,all,ran
synth_dense_small_d50,all,ran
synth_dense_small_d70,all,ran
synth_dense_small_d90,all,ran
synth_dense_small_d120,all,ran
synth_sparse_uniform_d3,all,ran
synth_sparse_uniform_d5,all,ran
synth_sparse_uniform_d8,all,ran
synth_sparse_uniform_d12,all,ran
synth_sparse_uniform_d18,all,ran
