dataset,N,M,nnz,kernel,best_config,kernel_ms,ms_cusparse,speedup_vs_cusparse,rel_fro_err,correct,ms_16x1,ms_8x1,ms_8x1_balance,note
roadNet-CA,64,1971281,5533214,FLASHSPARSE_BEST,8x1,0.64525,2.39796,3.7163,0.000327,True,0.8193,0.64525,0.93264,
roadNet-CA,128,1971281,5533214,FLASHSPARSE_BEST,8x1,1.24318,4.63883,3.7314,0.000327,True,1.53934,1.24318,1.78879,
roadNet-CA,256,1971281,5533214,FLASHSPARSE_BEST,8x1,2.42178,9.19049,3.7949,0.000327,True,2.96486,2.42178,3.50597,
roadNet-CA,512,1971281,5533214,FLASHSPARSE_BEST,8x1,4.86448,18.43023,3.7887,0.000327,True,5.80134,4.86448,7.04845,
roadNet-PA,64,1090920,3083796,FLASHSPARSE_BEST,8x1,0.35965,1.43687,3.9952,0.000327,True,0.45887,0.35965,0.51758,
roadNet-PA,128,1090920,3083796,FLASHSPARSE_BEST,8x1,0.69129,2.57732,3.7283,0.000327,True,0.86133,0.69129,0.99479,
roadNet-PA,256,1090920,3083796,FLASHSPARSE_BEST,8x1,1.34578,5.0849,3.7784,0.000327,True,1.64764,1.34578,1.94591,
roadNet-PA,512,1090920,3083796,FLASHSPARSE_BEST,8x1,2.68525,10.21141,3.8028,0.000327,True,3.22025,2.68525,3.87219,
roadNet-TX,64,1393383,3843320,FLASHSPARSE_BEST,8x1,0.45598,1.89002,4.145,0.000327,True,0.58169,0.45598,0.65837,
roadNet-TX,128,1393383,3843320,FLASHSPARSE_BEST,8x1,0.87821,3.30623,3.7648,0.000327,True,1.09193,0.87821,1.26683,
roadNet-TX,256,1393383,3843320,FLASHSPARSE_BEST,8x1,1.71056,6.48487,3.7911,0.000327,True,2.09108,1.71056,2.4758,
roadNet-TX,512,1393383,3843320,FLASHSPARSE_BEST,8x1,3.41318,12.9722,3.8006,0.000327,True,4.07599,3.41318,4.92956,
Amazon0601,64,403394,3387388,FLASHSPARSE_BEST,8x1,0.17872,0.953,5.3323,0.0004,True,0.296,0.17872,0.24636,
Amazon0601,128,403394,3387388,FLASHSPARSE_BEST,8x1,0.36198,1.58557,4.3803,0.0004,True,0.57061,0.36198,0.50737,
Amazon0601,256,403394,3387388,FLASHSPARSE_BEST,8x1,0.82761,2.66142,3.2158,0.0004,True,1.20366,0.82761,1.16545,
Amazon0601,512,403394,3387388,FLASHSPARSE_BEST,8x1,2.03199,5.27731,2.5971,0.0004,True,2.64621,2.03199,2.65118,
web-Google,64,916428,5105039,FLASHSPARSE_BEST,8x1,0.42396,1.62626,3.8359,0.000438,True,0.71811,0.42396,0.62213,
web-Google,128,916428,5105039,FLASHSPARSE_BEST,8x1,0.87205,2.9915,3.4304,0.000438,True,1.35528,0.87205,1.26429,
web-Google,256,916428,5105039,FLASHSPARSE_BEST,8x1,1.99099,5.87967,2.9531,0.000438,True,2.78511,1.99099,2.79048,
web-Google,512,916428,5105039,FLASHSPARSE_BEST,8x1,4.66815,11.63288,2.492,0.000438,True,5.89133,4.66815,6.01962,
web-Stanford,64,281904,2312497,FLASHSPARSE_BEST,8x1,0.14076,0.79854,5.6729,0.000491,True,0.24648,0.14076,0.17071,
web-Stanford,128,281904,2312497,FLASHSPARSE_BEST,8x1,0.26682,1.22559,4.5933,0.000498,True,0.45577,0.26682,0.33107,
web-Stanford,256,281904,2312497,FLASHSPARSE_BEST,8x1,0.55264,1.81398,3.2824,0.000495,True,0.91743,0.55264,0.68714,
web-Stanford,512,281904,2312497,FLASHSPARSE_BEST,8x1,1.19565,3.29114,2.7526,0.00049,True,1.91312,1.19565,1.55346,
ogbn-arxiv,64,169343,1166243,FLASHSPARSE_BEST,8x1,0.06129,0.55233,9.0111,0.000484,True,0.10522,0.06129,0.07975,
ogbn-arxiv,128,169343,1166243,FLASHSPARSE_BEST,8x1,0.13492,0.75892,5.6249,0.000485,True,0.22899,0.13492,0.16406,
ogbn-arxiv,256,169343,1166243,FLASHSPARSE_BEST,8x1,0.27206,1.03378,3.7998,0.000484,True,0.45067,0.27206,0.33468,
ogbn-arxiv,512,169343,1166243,FLASHSPARSE_BEST,8x1,0.58081,1.68816,2.9066,0.000484,True,0.93846,0.58081,0.73372,
Yelp,64,716847,13954819,FLASHSPARSE_BEST,8x1_balance,0.89364,2.14702,2.4026,143.116669,False,1.80814,0.9947,0.89364,
Yelp,128,716847,13954819,FLASHSPARSE_BEST,8x1,1.77793,4.80859,2.7046,0.001175,True,3.11366,1.77793,1.88409,
Yelp,256,716847,13954819,FLASHSPARSE_BEST,8x1,4.0546,9.35383,2.307,0.001175,True,6.21277,4.0546,4.58021,
Yelp,512,716847,13954819,FLASHSPARSE_BEST,8x1,10.08877,18.62597,1.8462,0.001174,True,13.42647,10.08877,11.17613,
twitter-combined,64,81306,1768149,FLASHSPARSE_BEST,8x1_balance,0.05043,0.6134,12.1639,110.290855,False,0.0838,0.06017,0.05043,
twitter-combined,128,81306,1768149,FLASHSPARSE_BEST,8x1_balance,0.0987,0.64372,6.5219,110.895744,False,0.13599,0.1035,0.0987,
twitter-combined,256,81306,1768149,FLASHSPARSE_BEST,8x1_balance,0.20479,0.95882,4.6821,110.896637,False,0.31329,0.21608,0.20479,
twitter-combined,512,81306,1768149,FLASHSPARSE_BEST,8x1_balance,0.43008,1.44698,3.3644,110.770195,False,0.63886,0.44264,0.43008,
soc-Pokec,64,1632803,30622564,FLASHSPARSE_BEST,8x1,2.29431,5.67235,2.4724,0.00078,True,3.79923,2.29431,2.65026,
soc-Pokec,128,1632803,30622564,FLASHSPARSE_BEST,8x1,5.05645,13.39268,2.6486,0.000779,True,7.18399,5.05645,5.79178,
soc-Pokec,256,1632803,30622564,FLASHSPARSE_BEST,8x1,11.74847,26.69858,2.2725,0.000776,True,14.79018,11.74847,13.22804,
soc-Pokec,512,1632803,30622564,FLASHSPARSE_BEST,8x1,26.31269,53.41809,2.0301,0.000777,True,31.32608,26.31269,29.06523,
ca-GrQc,64,5242,28980,FLASHSPARSE_BEST,8x1_balance,0.00469,0.36729,78.3679,0.000436,True,0.00892,0.00566,0.00469,
ca-GrQc,128,5242,28980,FLASHSPARSE_BEST,8x1_balance,0.0064,0.2623,41.0137,0.000431,True,0.00973,0.00736,0.0064,
ca-GrQc,256,5242,28980,FLASHSPARSE_BEST,8x1_balance,0.00951,0.22717,23.8932,0.000434,True,0.0145,0.0099,0.00951,
ca-GrQc,512,5242,28980,FLASHSPARSE_BEST,8x1_balance,0.01504,0.23641,15.723,0.000433,True,0.02381,0.01545,0.01504,
ca-HepTh,64,9877,51971,FLASHSPARSE_BEST,8x1_balance,0.00576,0.46162,80.0919,0.000416,True,0.00928,0.00626,0.00576,
ca-HepTh,128,9877,51971,FLASHSPARSE_BEST,8x1_balance,0.00887,0.41145,46.38,0.000419,True,0.01455,0.0093,0.00887,
ca-HepTh,256,9877,51971,FLASHSPARSE_BEST,8x1_balance,0.01404,0.43526,30.9966,0.000419,True,0.02236,0.01431,0.01404,
ca-HepTh,512,9877,51971,FLASHSPARSE_BEST,8x1_balance,0.02492,0.44644,17.9172,0.00042,True,0.03971,0.02518,0.02492,
ca-CondMat,64,23133,186936,FLASHSPARSE_BEST,8x1_balance,0.01319,0.48526,36.7816,26.671354,False,0.02714,0.01618,0.01319,
ca-CondMat,128,23133,186936,FLASHSPARSE_BEST,8x1_balance,0.02171,0.44091,20.3075,25.898674,False,0.0415,0.0245,0.02171,
ca-CondMat,256,23133,186936,FLASHSPARSE_BEST,8x1_balance,0.03811,0.48575,12.7465,26.49996,False,0.0685,0.04254,0.03811,
ca-CondMat,512,23133,186936,FLASHSPARSE_BEST,8x1_balance,0.07433,0.54888,7.3848,26.391918,False,0.12091,0.07756,0.07433,
amazon-computers,64,13752,491722,FLASHSPARSE_BEST,8x1_balance,0.02313,0.49946,21.5981,155.248093,False,0.12208,0.08354,0.02313,
amazon-computers,128,13752,491722,FLASHSPARSE_BEST,8x1_balance,0.04288,0.52734,12.2987,154.41481,False,0.15268,0.10562,0.04288,
amazon-computers,256,13752,491722,FLASHSPARSE_BEST,8x1_balance,0.07637,0.52172,6.8315,154.893906,False,0.19408,0.13892,0.07637,
amazon-computers,512,13752,491722,FLASHSPARSE_BEST,8x1_balance,0.15182,0.68403,4.5056,154.714508,False,0.29729,0.21791,0.15182,
amazon-photo,64,7650,238162,FLASHSPARSE_BEST,8x1_balance,0.01223,0.4336,35.4561,140.200027,False,0.05764,0.03754,0.01223,
amazon-photo,128,7650,238162,FLASHSPARSE_BEST,8x1_balance,0.0232,0.48905,21.078,139.859238,False,0.06401,0.04598,0.0232,
amazon-photo,256,7650,238162,FLASHSPARSE_BEST,8x1_balance,0.04173,0.49344,11.8234,139.652435,False,0.0779,0.0612,0.04173,
amazon-photo,512,7650,238162,FLASHSPARSE_BEST,8x1_balance,0.07981,0.54891,6.8781,139.712753,False,0.13182,0.0966,0.07981,
gplus-combined,64,107614,13673453,FLASHSPARSE_BEST,8x1_balance,0.40728,1.28758,3.1614,197.646973,False,0.89393,0.57402,0.40728,
gplus-combined,128,107614,13673453,FLASHSPARSE_BEST,8x1_balance,0.79999,2.05683,2.5711,198.875992,False,1.46617,0.97118,0.79999,
gplus-combined,256,107614,13673453,FLASHSPARSE_BEST,8x1_balance,1.62775,3.71878,2.2846,198.680115,False,2.67613,1.82806,1.62775,
gplus-combined,512,107614,13673453,FLASHSPARSE_BEST,8x1_balance,3.32372,6.70694,2.0179,198.840225,False,5.19612,3.59845,3.32372,
Reddit,64,232965,114615892,FLASHSPARSE_BEST,8x1_balance,4.68435,7.35477,1.5701,199.467911,False,9.45639,5.17176,4.68435,
Reddit,128,232965,114615892,FLASHSPARSE_BEST,8x1_balance,9.22732,13.76401,1.4917,199.87706,False,17.36011,9.79541,9.22732,
Reddit,256,232965,114615892,FLASHSPARSE_BEST,8x1_balance,18.87428,27.05847,1.4336,200.294342,False,36.39552,19.87197,18.87428,
Reddit,512,232965,114615892,FLASHSPARSE_BEST,8x1,48.98551,54.0932,1.1043,0.003364,True,83.10654,48.98551,49.66189,
ogbn-proteins,64,132534,79122504,FLASHSPARSE_BEST,8x1_balance,2.13921,5.03439,2.3534,203.119431,False,3.53296,2.35396,2.13921,
ogbn-proteins,128,132534,79122504,FLASHSPARSE_BEST,8x1_balance,4.28692,9.08965,2.1203,202.818375,False,6.35252,4.50026,4.28692,
ogbn-proteins,256,132534,79122504,FLASHSPARSE_BEST,8x1_balance,8.49131,17.81937,2.0985,202.998947,False,12.2701,8.8744,8.49131,
ogbn-proteins,512,132534,79122504,FLASHSPARSE_BEST,8x1_balance,17.19651,34.91801,2.0305,203.275253,False,24.58866,17.9095,17.19651,
com-DBLP,64,317080,2099732,FLASHSPARSE_BEST,8x1,0.13191,0.82637,6.2644,0.000453,True,0.22096,0.13191,0.18287,
com-DBLP,128,317080,2099732,FLASHSPARSE_BEST,8x1,0.27269,1.23476,4.528,0.000453,True,0.42871,0.27269,0.37703,
com-DBLP,256,317080,2099732,FLASHSPARSE_BEST,8x1,0.616,2.08279,3.3812,0.000453,True,0.89677,0.616,0.8669,
com-DBLP,512,317080,2099732,FLASHSPARSE_BEST,8x1,1.48408,3.96786,2.6736,0.000454,True,1.9484,1.48408,1.96771,
com-Amazon,64,334863,1851744,FLASHSPARSE_BEST,8x1,0.15382,0.89329,5.8073,0.000416,True,0.26755,0.15382,0.21651,
com-Amazon,128,334863,1851744,FLASHSPARSE_BEST,8x1,0.33147,1.47087,4.4375,0.000416,True,0.51995,0.33147,0.48394,
com-Amazon,256,334863,1851744,FLASHSPARSE_BEST,8x1,0.82042,2.54793,3.1056,0.000416,True,1.08979,0.82042,1.10852,
com-Amazon,512,334863,1851744,FLASHSPARSE_BEST,8x1,1.94866,4.86393,2.496,0.000416,True,2.32399,1.94866,2.40668,
com-youtube,64,1157828,5975248,FLASHSPARSE_BEST,8x1_balance,0.71632,1.75163,2.4453,116.030128,False,2.11172,1.43128,0.71632,
com-youtube,128,1157828,5975248,FLASHSPARSE_BEST,8x1_balance,1.3854,3.50205,2.5278,116.557121,False,2.33276,1.7731,1.3854,
com-youtube,256,1157828,5975248,FLASHSPARSE_BEST,8x1,2.5091,6.86048,2.7342,0.001279,True,3.02393,2.5091,2.87001,
com-youtube,512,1157828,5975248,FLASHSPARSE_BEST,8x1,4.69792,13.67122,2.9101,0.001247,True,5.93031,4.69792,6.04856,
Cora,64,2708,10556,FLASHSPARSE_BEST,8x1_balance,0.00518,0.41076,79.2282,0.000379,True,0.00866,0.00603,0.00518,
Cora,128,2708,10556,FLASHSPARSE_BEST,8x1_balance,0.00541,0.4141,76.5627,0.000375,True,0.00931,0.00648,0.00541,
Cora,256,2708,10556,FLASHSPARSE_BEST,8x1_balance,0.00642,0.48074,74.9129,0.000376,True,0.01159,0.00768,0.00642,
Cora,512,2708,10556,FLASHSPARSE_BEST,8x1_balance,0.00887,0.41807,47.1078,0.000377,True,0.01392,0.00933,0.00887,
CiteSeer,64,3327,9104,FLASHSPARSE_BEST,8x1_balance,0.00396,0.41272,104.1208,0.000346,True,0.00613,0.00443,0.00396,
CiteSeer,128,3327,9104,FLASHSPARSE_BEST,8x1_balance,0.00423,0.45181,106.7332,0.000344,True,0.0071,0.00504,0.00423,
CiteSeer,256,3327,9104,FLASHSPARSE_BEST,8x1,0.00571,0.43898,76.8283,0.000342,True,0.00931,0.00571,0.00578,
CiteSeer,512,3327,9104,FLASHSPARSE_BEST,8x1,0.00746,0.41338,55.3794,0.000343,True,0.01157,0.00746,0.00815,
PPI,64,1767,32318,FLASHSPARSE_BEST,8x1_balance,0.00645,0.44344,68.7731,69.642517,False,0.0156,0.00906,0.00645,
PPI,128,1767,32318,FLASHSPARSE_BEST,8x1_balance,0.00679,0.42912,63.1731,69.006508,False,0.01563,0.01007,0.00679,
PPI,256,1767,32318,FLASHSPARSE_BEST,8x1_balance,0.0088,0.42117,47.8369,68.591743,False,0.01706,0.01161,0.0088,
PPI,512,1767,32318,FLASHSPARSE_BEST,8x1_balance,0.01332,0.51407,38.5816,67.929367,False,0.01913,0.01561,0.01332,
Flickr,64,89250,899756,FLASHSPARSE_BEST,8x1_balance,0.03917,0.5941,15.1663,78.982109,False,0.25151,0.17239,0.03917,
Flickr,128,89250,899756,FLASHSPARSE_BEST,8x1_balance,0.09416,0.56837,6.0365,78.792168,False,0.36452,0.20775,0.09416,
Flickr,256,89250,899756,FLASHSPARSE_BEST,8x1_balance,0.19854,0.90193,4.5428,78.39006,False,0.43834,0.3104,0.19854,
Flickr,512,89250,899756,FLASHSPARSE_BEST,8x1,0.45762,1.22269,2.6719,0.00076,True,0.71179,0.45762,0.5205,
synth_sparse_skewed_cv1p5,64,200000,3622709,FLASHSPARSE_BEST,8x1_balance,0.16143,0.74768,4.6315,34.918457,False,0.31653,0.17866,0.16143,
synth_sparse_skewed_cv1p5,128,200000,3622709,FLASHSPARSE_BEST,8x1_balance,0.31243,1.54877,4.9571,34.874229,False,0.63353,0.33801,0.31243,
synth_sparse_skewed_cv1p5,256,200000,3622709,FLASHSPARSE_BEST,8x1,0.93908,2.68673,2.861,0.000645,True,1.56993,0.93908,1.13175,
synth_sparse_skewed_cv1p5,512,200000,3622709,FLASHSPARSE_BEST,8x1,3.01858,4.74918,1.5733,0.000646,True,3.75791,3.01858,3.31218,
synth_sparse_skewed_cv2p0,64,200000,6166484,FLASHSPARSE_BEST,8x1_balance,0.25449,0.88257,3.468,150.33757,False,0.51863,0.2906,0.25449,
synth_sparse_skewed_cv2p0,128,200000,6166484,FLASHSPARSE_BEST,8x1_balance,0.50999,2.00783,3.937,150.213318,False,1.02284,0.56153,0.50999,
synth_sparse_skewed_cv2p0,256,200000,6166484,FLASHSPARSE_BEST,8x1,1.46206,3.5441,2.424,0.000811,True,2.551,1.46206,1.75207,
synth_sparse_skewed_cv2p0,512,200000,6166484,FLASHSPARSE_BEST,8x1,4.92016,6.58331,1.338,0.000811,True,6.14799,4.92016,5.42142,
synth_sparse_skewed_cv2p5,64,200000,10306672,FLASHSPARSE_BEST,8x1_balance,0.42798,1.16751,2.7279,193.932571,False,0.86041,0.47011,0.42798,
synth_sparse_skewed_cv2p5,128,200000,10306672,FLASHSPARSE_BEST,8x1_balance,0.84604,2.72212,3.2175,193.979813,False,1.67119,0.90571,0.84604,
synth_sparse_skewed_cv2p5,256,200000,10306672,FLASHSPARSE_BEST,8x1,2.31543,5.13713,2.2186,0.001018,True,4.1482,2.31543,2.6883,
synth_sparse_skewed_cv2p5,512,200000,10306672,FLASHSPARSE_BEST,8x1,7.96358,9.52492,1.1961,0.001018,True,10.00454,7.96358,8.79308,
synth_sparse_skewed_cv3p0,64,200000,16207364,FLASHSPARSE_BEST,8x1_balance,0.64423,1.38791,2.1544,199.214066,False,1.32664,0.7295,0.64423,
synth_sparse_skewed_cv3p0,128,200000,16207364,FLASHSPARSE_BEST,8x1_balance,1.32454,3.7717,2.8475,199.201859,False,2.57901,1.41899,1.32454,
synth_sparse_skewed_cv3p0,256,200000,16207364,FLASHSPARSE_BEST,8x1,3.50292,6.93682,1.9803,0.00125,True,6.41267,3.50292,3.90487,
synth_sparse_skewed_cv3p0,512,200000,16207364,FLASHSPARSE_BEST,8x1,12.31576,13.55941,1.101,0.001249,True,15.4764,12.31576,13.18915,
synth_sparse_skewed_cv4p0,64,200000,25191428,FLASHSPARSE_BEST,8x1_balance,1.01118,2.19452,2.1702,199.922394,False,2.05772,1.13089,1.01118,
synth_sparse_skewed_cv4p0,128,200000,25191428,FLASHSPARSE_BEST,8x1_balance,2.02771,5.23708,2.5828,199.697556,False,3.95055,2.15634,2.02771,
synth_sparse_skewed_cv4p0,256,200000,25191428,FLASHSPARSE_BEST,8x1,5.31834,9.90223,1.8619,0.001535,True,9.79518,5.31834,5.66486,
synth_sparse_skewed_cv4p0,512,200000,25191428,FLASHSPARSE_BEST,8x1,18.91849,19.55125,1.0334,0.001535,True,23.69151,18.91849,19.86806,
synth_community_nc10,64,200000,1089063,FLASHSPARSE_BEST,8x1,0.0603,0.60775,10.0786,0.000399,True,0.13654,0.0603,0.10634,
synth_community_nc10,128,200000,1089063,FLASHSPARSE_BEST,8x1,0.15988,0.8789,5.4973,0.000399,True,0.25231,0.15988,0.20759,
synth_community_nc10,256,200000,1089063,FLASHSPARSE_BEST,8x1,0.32754,1.24554,3.8027,0.000399,True,0.49375,0.32754,0.41097,
synth_community_nc10,512,200000,1089063,FLASHSPARSE_BEST,8x1,0.66513,2.11566,3.1808,0.000399,True,0.98487,0.66513,0.82505,
synth_community_nc50,64,200000,1098216,FLASHSPARSE_BEST,8x1,0.06008,0.58967,9.8142,0.0004,True,0.13941,0.06008,0.10562,
synth_community_nc50,128,200000,1098216,FLASHSPARSE_BEST,8x1,0.15481,0.8303,5.3633,0.0004,True,0.25023,0.15481,0.20661,
synth_community_nc50,256,200000,1098216,FLASHSPARSE_BEST,8x1,0.31914,1.26476,3.963,0.0004,True,0.48642,0.31914,0.40775,
synth_community_nc50,512,200000,1098216,FLASHSPARSE_BEST,8x1,0.6541,2.08927,3.1941,0.0004,True,0.97574,0.6541,0.81732,
synth_community_nc100,64,200000,1098420,FLASHSPARSE_BEST,8x1,0.06001,0.67158,11.1918,0.0004,True,0.13871,0.06001,0.10586,
synth_community_nc100,128,200000,1098420,FLASHSPARSE_BEST,8x1,0.15472,0.83826,5.4179,0.0004,True,0.25199,0.15472,0.20645,
synth_community_nc100,256,200000,1098420,FLASHSPARSE_BEST,8x1,0.31132,1.24647,4.0038,0.0004,True,0.48256,0.31132,0.40556,
synth_community_nc100,512,200000,1098420,FLASHSPARSE_BEST,8x1,0.64303,2.07757,3.2309,0.0004,True,0.95727,0.64303,0.81699,
synth_community_nc500,64,200000,1100450,FLASHSPARSE_BEST,8x1,0.05845,0.58127,9.9447,0.000398,True,0.13328,0.05845,0.10512,
synth_community_nc500,128,200000,1100450,FLASHSPARSE_BEST,8x1,0.15381,0.83044,5.3993,0.000398,True,0.24422,0.15381,0.20516,
synth_community_nc500,256,200000,1100450,FLASHSPARSE_BEST,8x1,0.3087,1.28221,4.1536,0.000398,True,0.47086,0.3087,0.40465,
synth_community_nc500,512,200000,1100450,FLASHSPARSE_BEST,8x1,0.62693,2.05193,3.273,0.000398,True,0.92967,0.62693,0.80931,
synth_community_nc1000,64,200000,1101854,FLASHSPARSE_BEST,8x1,0.05718,0.59567,10.4181,0.000396,True,0.12333,0.05718,0.10381,
synth_community_nc1000,128,200000,1101854,FLASHSPARSE_BEST,8x1,0.15094,0.85194,5.6444,0.000396,True,0.23208,0.15094,0.20279,
synth_community_nc1000,256,200000,1101854,FLASHSPARSE_BEST,8x1,0.30672,1.26969,4.1396,0.000396,True,0.45272,0.30672,0.40118,
synth_community_nc1000,512,200000,1101854,FLASHSPARSE_BEST,8x1,0.61961,2.10994,3.4053,0.000396,True,0.89234,0.61961,0.80464,
synth_mixed_v1,64,200000,4001390,FLASHSPARSE_BEST,8x1_balance,0.18243,0.75911,4.1611,143.926498,False,0.37769,0.20964,0.18243,
synth_mixed_v1,128,200000,4001390,FLASHSPARSE_BEST,8x1_balance,0.35655,1.62704,4.5633,143.84491,False,0.70854,0.3811,0.35655,
synth_mixed_v1,256,200000,4001390,FLASHSPARSE_BEST,8x1,1.02262,2.71462,2.6546,0.000809,True,1.7294,1.02262,1.26736,
synth_mixed_v1,512,200000,4001390,FLASHSPARSE_BEST,8x1,3.31252,4.99953,1.5093,0.000808,True,4.13132,3.31252,3.70145,
synth_mixed_v2,64,200000,5457270,FLASHSPARSE_BEST,8x1_balance,0.23005,0.86073,3.7415,165.371841,False,0.4937,0.28038,0.23005,
synth_mixed_v2,128,200000,5457270,FLASHSPARSE_BEST,8x1_balance,0.45188,1.86312,4.123,165.389709,False,0.94309,0.50296,0.45188,
synth_mixed_v2,256,200000,5457270,FLASHSPARSE_BEST,8x1,1.32495,3.25253,2.4548,0.000973,True,2.30347,1.32495,1.57889,
synth_mixed_v2,512,200000,5457270,FLASHSPARSE_BEST,8x1,4.40692,6.02775,1.3678,0.000972,True,5.50146,4.40692,4.82377,
synth_mixed_v3,64,200000,5576937,FLASHSPARSE_BEST,8x1_balance,0.2335,0.8891,3.8076,156.784393,False,0.49862,0.27666,0.2335,
synth_mixed_v3,128,200000,5576937,FLASHSPARSE_BEST,8x1_balance,0.46415,1.97643,4.2582,156.76741,False,0.95971,0.51572,0.46415,
synth_mixed_v3,256,200000,5576937,FLASHSPARSE_BEST,8x1,1.3578,3.32482,2.4487,0.000892,True,2.35599,1.3578,1.60578,
synth_mixed_v3,512,200000,5576937,FLASHSPARSE_BEST,8x1,4.50728,6.16552,1.3679,0.000891,True,5.63008,4.50728,4.92259,
synth_mixed_v4,64,200000,7410217,FLASHSPARSE_BEST,8x1_balance,0.30019,0.97526,3.2488,166.397415,False,0.66384,0.37218,0.30019,
synth_mixed_v4,128,200000,7410217,FLASHSPARSE_BEST,8x1_balance,0.60556,2.25373,3.7217,166.350906,False,1.25529,0.69104,0.60556,
synth_mixed_v4,256,200000,7410217,FLASHSPARSE_BEST,8x1,1.75576,3.92849,2.2375,0.001113,True,3.07605,1.75576,1.97001,
synth_mixed_v4,512,200000,7410217,FLASHSPARSE_BEST,8x1,5.87623,7.36199,1.2528,0.001115,True,7.3644,5.87623,6.33376,
synth_mixed_v5,64,200000,7276677,FLASHSPARSE_BEST,8x1_balance,0.28806,0.94899,3.2945,161.037857,False,0.66527,0.36249,0.28806,
synth_mixed_v5,128,200000,7276677,FLASHSPARSE_BEST,8x1_balance,0.59489,2.20403,3.7049,160.947464,False,1.25313,0.66903,0.59489,
synth_mixed_v5,256,200000,7276677,FLASHSPARSE_BEST,8x1,1.72406,3.89039,2.2565,0.001047,True,3.05785,1.72406,1.93897,
synth_mixed_v5,512,200000,7276677,FLASHSPARSE_BEST,8x1,5.77574,7.33407,1.2698,0.001046,True,7.26684,5.77574,6.22672,
synth_dense_small_d30,64,10000,300000,FLASHSPARSE_BEST,8x1_balance,0.01353,0.43092,31.8588,0.000717,True,0.02222,0.01531,0.01353,
synth_dense_small_d30,128,10000,300000,FLASHSPARSE_BEST,8x1_balance,0.02565,0.51566,20.1067,0.000714,True,0.04134,0.02925,0.02565,
synth_dense_small_d30,256,10000,300000,FLASHSPARSE_BEST,8x1_balance,0.05026,0.49024,9.7535,0.000715,True,0.08255,0.05515,0.05026,
synth_dense_small_d30,512,10000,300000,FLASHSPARSE_BEST,8x1_balance,0.09329,0.57078,6.118,0.000716,True,0.15449,0.10233,0.09329,
synth_dense_small_d50,64,10000,500000,FLASHSPARSE_BEST,8x1,0.02304,0.45481,19.7416,0.000891,True,0.03437,0.02304,0.02407,
synth_dense_small_d50,128,10000,500000,FLASHSPARSE_BEST,8x1_balance,0.04399,0.47758,10.857,198.999893,False,0.06441,0.04585,0.04399,
synth_dense_small_d50,256,10000,500000,FLASHSPARSE_BEST,8x1_balance,0.08282,0.53204,6.4237,198.999878,False,0.13029,0.08772,0.08282,
synth_dense_small_d50,512,10000,500000,FLASHSPARSE_BEST,8x1_balance,0.15502,0.67841,4.3763,199.000061,False,0.22972,0.16204,0.15502,
synth_dense_small_d70,64,10000,700000,FLASHSPARSE_BEST,8x1,0.03046,0.51773,16.9985,0.001033,True,0.04605,0.03046,0.03234,
synth_dense_small_d70,128,10000,700000,FLASHSPARSE_BEST,8x1_balance,0.06049,0.5197,8.5916,198.999847,False,0.08704,0.06228,0.06049,
synth_dense_small_d70,256,10000,700000,FLASHSPARSE_BEST,8x1_balance,0.10887,0.59356,5.452,198.999847,False,0.16895,0.11708,0.10887,
synth_dense_small_d70,512,10000,700000,FLASHSPARSE_BEST,8x1_balance,0.21891,0.75441,3.4462,198.999863,False,0.31593,0.22446,0.21891,
synth_dense_small_d90,64,10000,900000,FLASHSPARSE_BEST,8x1,0.03766,0.48756,12.9465,0.00116,True,0.05785,0.03766,0.04017,
synth_dense_small_d90,128,10000,900000,FLASHSPARSE_BEST,8x1_balance,0.0748,0.56974,7.6165,198.999603,False,0.10892,0.07818,0.0748,
synth_dense_small_d90,256,10000,900000,FLASHSPARSE_BEST,8x1_balance,0.13389,0.64516,4.8187,198.999771,False,0.20922,0.14799,0.13389,
synth_dense_small_d90,512,10000,900000,FLASHSPARSE_BEST,8x1_balance,0.2673,0.81706,3.0567,198.999847,False,0.39687,0.28371,0.2673,
synth_dense_small_d120,64,10000,1200000,FLASHSPARSE_BEST,8x1,0.04841,0.49558,10.2368,0.001325,True,0.07358,0.04841,0.05,
synth_dense_small_d120,128,10000,1200000,FLASHSPARSE_BEST,8x1_balance,0.09507,0.55362,5.8231,198.999969,False,0.14055,0.10112,0.09507,
synth_dense_small_d120,256,10000,1200000,FLASHSPARSE_BEST,8x1_balance,0.17241,0.68693,3.9842,199.000031,False,0.26878,0.19701,0.17241,
synth_dense_small_d120,512,10000,1200000,FLASHSPARSE_BEST,8x1_balance,0.35261,0.93833,2.6611,198.999969,False,0.51651,0.37401,0.35261,
synth_sparse_uniform_d3,64,300000,900000,FLASHSPARSE_BEST,8x1,0.08689,0.85581,9.8488,0.000333,True,0.13671,0.08689,0.16592,
synth_sparse_uniform_d3,128,300000,900000,FLASHSPARSE_BEST,8x1,0.21458,1.1951,5.5693,0.000333,True,0.29349,0.21458,0.36562,
synth_sparse_uniform_d3,256,300000,900000,FLASHSPARSE_BEST,8x1,0.53785,1.96311,3.6499,0.000333,True,0.63969,0.53785,0.78167,
synth_sparse_uniform_d3,512,300000,900000,FLASHSPARSE_BEST,8x1,1.18592,3.69992,3.1199,0.000333,True,1.34588,1.18592,1.60893,
synth_sparse_uniform_d5,64,300000,1500000,FLASHSPARSE_BEST,8x1,0.1026,0.85318,8.316,0.000381,True,0.18462,0.1026,0.1834,
synth_sparse_uniform_d5,128,300000,1500000,FLASHSPARSE_BEST,8x1,0.26629,1.43166,5.3763,0.000381,True,0.41042,0.26629,0.43366,
synth_sparse_uniform_d5,256,300000,1500000,FLASHSPARSE_BEST,8x1,0.72904,2.31929,3.1813,0.000381,True,0.91474,0.72904,1.00467,
synth_sparse_uniform_d5,512,300000,1500000,FLASHSPARSE_BEST,8x1,1.7239,4.43317,2.5716,0.000381,True,1.97465,1.7239,2.13747,
synth_sparse_uniform_d8,64,300000,2400000,FLASHSPARSE_BEST,8x1,0.13236,0.93722,7.081,0.000437,True,0.25638,0.13236,0.19043,
synth_sparse_uniform_d8,128,300000,2400000,FLASHSPARSE_BEST,8x1,0.33711,1.74686,5.1819,0.000437,True,0.57829,0.33711,0.50355,
synth_sparse_uniform_d8,256,300000,2400000,FLASHSPARSE_BEST,8x1,1.01879,3.00414,2.9487,0.000437,True,1.31841,1.01879,1.23838,
synth_sparse_uniform_d8,512,300000,2400000,FLASHSPARSE_BEST,8x1,2.50506,5.79535,2.3135,0.000437,True,2.90224,2.50506,2.90227,
synth_sparse_uniform_d12,64,300000,3600000,FLASHSPARSE_BEST,8x1,0.18135,1.07045,5.9026,0.0005,True,0.35131,0.18135,0.19666,
synth_sparse_uniform_d12,128,300000,3600000,FLASHSPARSE_BEST,8x1,0.43198,2.17404,5.0327,0.0005,True,0.80254,0.43198,0.58442,
synth_sparse_uniform_d12,256,300000,3600000,FLASHSPARSE_BEST,8x1,1.40657,3.84686,2.7349,0.0005,True,1.85356,1.40657,1.64986,
synth_sparse_uniform_d12,512,300000,3600000,FLASHSPARSE_BEST,8x1,3.55348,7.42361,2.0891,0.0005,True,4.15203,3.55348,3.95758,
synth_sparse_uniform_d18,64,300000,5400000,FLASHSPARSE_BEST,8x1_balance,0.24859,1.11479,4.4844,0.000582,True,0.49758,0.25496,0.24859,
synth_sparse_uniform_d18,128,300000,5400000,FLASHSPARSE_BEST,8x1,0.57972,2.71635,4.6856,0.000582,True,1.13771,0.57972,0.70665,
synth_sparse_uniform_d18,256,300000,5400000,FLASHSPARSE_BEST,8x1,1.98637,4.97127,2.5027,0.000582,True,2.64645,1.98637,2.23091,
synth_sparse_uniform_d18,512,300000,5400000,FLASHSPARSE_BEST,8x1,5.16244,9.67994,1.8751,0.000582,True,6.01227,5.16244,5.53558,
