dataset,M,nnz,preproc_16x1_ms,preproc_8x1_ms,preproc_8x1_balance_ms
roadNet-CA,1971281,5533214,98.373,56.539,56.613
roadNet-PA,1090920,3083796,69.663,31.575,32.178
roadNet-TX,1393383,3843320,77.94,40.338,37.781
Amazon0601,403394,3387388,66.168,31.86,31.074
web-Google,916428,5105039,111.473,56.303,55.761
web-Stanford,281904,2312497,60.678,29.465,28.503
ogbn-arxiv,169343,1166243,39.954,16.052,15.905
Yelp,716847,13954819,260.97,146.169,160.302
twitter-combined,81306,1768149,42.125,20.193,19.137
soc-Pokec,1632803,30622564,400.092,242.625,280.89
ca-GrQc,5242,28980,18.549,1.641,1.681
ca-HepTh,9877,51971,18.091,2.353,2.405
ca-CondMat,23133,186936,26.637,5.368,5.27
amazon-computers,13752,491722,73.39,21.703,12.145
amazon-photo,7650,238162,25.191,6.684,6.82
gplus-combined,107614,13673453,201.556,121.732,131.451
Reddit,232965,114615892,1281.612,838.831,947.576
ogbn-products,2449029,123718152,1278.311,858.39,871.164
ogbn-proteins,132534,79122504,747.034,505.793,501.51
com-DBLP,317080,2099732,57.783,27.186,26.971
com-Amazon,334863,1851744,57.782,27.886,26.251
com-youtube,1157828,5975248,147.365,97.008,95.853
Cora,2708,10556,18.982,1.173,1.326
CiteSeer,3327,9104,16.072,1.169,1.268
PPI,1767,32318,31.357,3.795,2.563
Flickr,89250,899756,40.299,20.447,18.725
synth_sparse_skewed_cv1p5,200000,3622709,104.345,45.587,42.711
synth_sparse_skewed_cv2p0,200000,6166484,123.59,69.165,66.042
synth_sparse_skewed_cv2p5,200000,10306672,198.493,103.176,104.47
synth_sparse_skewed_cv3p0,200000,16207364,279.741,137.527,156.9
synth_sparse_skewed_cv4p0,200000,25191428,393.703,216.635,245.833
synth_community_nc10,200000,1089063,40.463,15.931,15.972
synth_community_nc50,200000,1098216,40.037,17.792,15.506
synth_community_nc100,200000,1098420,37.228,16.216,18.487
synth_community_nc500,200000,1100450,38.072,15.748,15.507
synth_community_nc1000,200000,1101854,38.107,18.164,15.754
synth_mixed_v1,200000,4001390,85.991,44.315,44.624
synth_mixed_v2,200000,5457270,112.162,60.282,55.41
synth_mixed_v3,200000,5576937,118.098,63.942,66.111
synth_mixed_v4,200000,7410217,152.798,77.385,77.149
synth_mixed_v5,200000,7276677,132.107,73.409,76.632
synth_dense_small_d30,10000,300000,24.624,9.62,7.634
synth_dense_small_d50,10000,500000,26.809,9.479,9.733
synth_dense_small_d70,10000,700000,33.29,12.371,12.24
synth_dense_small_d90,10000,900000,35.386,14.2,14.102
synth_dense_small_d120,10000,1200000,41.413,18.18,16.204
synth_sparse_uniform_d3,300000,900000,57.051,25.173,28.972
synth_sparse_uniform_d5,300000,1500000,49.32,21.791,24.039
synth_sparse_uniform_d8,300000,2400000,63.712,30.673,31.744
synth_sparse_uniform_d12,300000,3600000,77.85,42.555,43.025
synth_sparse_uniform_d18,300000,5400000,110.217,59.651,56.346
