dataset,category,N,M,nnz,synthetic,regime,oracle_kernel,oracle_ms,oracle_speedup,router_kernel,router_ms,router_speedup,router_oracle_ratio,is_hit
Amazon0601,Sparse Uniform,64,403394,3387388,False,cold,CSR_DIRECT,0.333891,2.6850978313281884,TC_DIRECT,60.100158,0.014917265275741871,0.005555576076854906,False
Amazon0601,Sparse Uniform,128,403394,3387388,False,cold,CSR_DIRECT,0.791642,2.0552610902402852,TC_DIRECT,62.378509,0.026083197980894347,0.012690941362513168,False
Amazon0601,Sparse Uniform,256,403394,3387388,False,cold,CSR_DIRECT,1.962333,1.3454958969756916,TC_DIRECT,63.844772,0.04135516373995352,0.030736001375335793,False
Amazon0601,Sparse Uniform,512,403394,3387388,False,cold,CSR_DIRECT,4.63441,1.1283280935437305,TC_DIRECT,67.209545,0.07780345782730712,0.06895464029699948,False
CiteSeer,Mixed/Irregular,64,3327,9104,False,cold,CSR_DIRECT,0.01743,24.243373493975902,TC_DIRECT_TF32,0.457831,0.9229650242119909,0.03807081652400122,False
CiteSeer,Mixed/Irregular,128,3327,9104,False,cold,CSR_DIRECT,0.015578,27.638849659776607,TC_DIRECT_TF32,0.368926,1.1670578923686594,0.042225270108368615,False
CiteSeer,Mixed/Irregular,256,3327,9104,False,cold,CSR_DIRECT,0.021811,19.270780798679564,TC_DIRECT_TF32,0.398112,1.0557707378828067,0.054786090346435175,False
CiteSeer,Mixed/Irregular,512,3327,9104,False,cold,CSR_DIRECT,0.026218,15.906857883896558,TC_DIRECT_TF32,0.387947,1.0750076685732846,0.06758139642786258,False
Cora,Mixed/Irregular,64,2708,10556,False,cold,CSR_DIRECT,0.022701,20.90502621029911,TC_DIRECT_TF32,0.515245,0.9210472687750488,0.044058651709380975,False
Cora,Mixed/Irregular,128,2708,10556,False,cold,CSR_DIRECT,0.020467,20.74089998534226,TC_DIRECT_TF32,0.503994,0.8422798684111318,0.04060961043187022,False
Cora,Mixed/Irregular,256,2708,10556,False,cold,CSR_DIRECT,0.030042,14.008488116636709,TC_DIRECT_TF32,0.471681,0.8922195297245384,0.06369135072220419,False
Cora,Mixed/Irregular,512,2708,10556,False,cold,CSR_DIRECT,0.036861,11.499660888201623,TC_DIRECT_TF32,0.500757,0.8464964044436722,0.07361055362181657,False
Flickr,Mixed/Irregular,64,89250,899756,False,cold,ZERO_OVERHEAD_CSR,0.462063,1.0131432293864688,SEGMENT_HYBRID,14.129553,0.033131692134917505,0.032701883775091825,False
Flickr,Mixed/Irregular,128,89250,899756,False,cold,ZERO_OVERHEAD_CSR,0.516253,1.080388879096102,SEGMENT_HYBRID,15.585958,0.03578567323227741,0.0331229559325131,False
Flickr,Mixed/Irregular,256,89250,899756,False,cold,ZERO_OVERHEAD_CSR,0.737918,1.1064291696367348,SEGMENT_HYBRID,15.94666,0.051199059865827706,0.046274141418955445,False
Flickr,Mixed/Irregular,512,89250,899756,False,cold,ZERO_OVERHEAD_CSR,1.400408,0.855461408389555,SEGMENT_HYBRID,16.032513,0.07472284600673643,0.08734800339784536,False
PPI,Mixed/Irregular,64,1767,32318,False,cold,CSR_DIRECT,0.030221,14.733992918831277,TC_DIRECT,1.769619,0.2516225243964944,0.017077687343998907,False
PPI,Mixed/Irregular,128,1767,32318,False,cold,CSR_DIRECT,0.030019,13.78343715646757,TC_DIRECT,1.999102,0.20697543196895407,0.015016242292789464,False
PPI,Mixed/Irregular,256,1767,32318,False,cold,CSR_DIRECT,0.045133,9.095207497839718,TC_DIRECT,2.027557,0.2024574401607452,0.022259793436140145,False
PPI,Mixed/Irregular,512,1767,32318,False,cold,CSR_DIRECT,0.057555,8.231152810355312,TC_DIRECT,1.954518,0.2423840558132491,0.029447157815891183,False
Reddit,Dense Large-Scale,64,232965,114615892,False,cold,CSR_DIRECT,7.551043,0.975181706686083,COMMUNITY_TC,1356.594257,0.005428033446259827,0.005566176445931984,False
Reddit,Dense Large-Scale,128,232965,114615892,False,cold,CSR_DIRECT,13.554442,1.0060644326044554,COMMUNITY_TC,1361.143827,0.010018516581054883,0.009958126195873346,False
Reddit,Dense Large-Scale,256,232965,114615892,False,cold,CSR_DIRECT,45.835632,0.5873940169517026,COMMUNITY_TC,1363.066972,0.019752203342214062,0.0336268378161539,False
Yelp,Sparse Uniform,64,716847,13954819,False,cold,CSR_DIRECT,1.756368,1.1718779891230084,COMMUNITY_TC,369.194154,0.005574977224585197,0.004757301763776031,False
Yelp,Sparse Uniform,128,716847,13954819,False,cold,CSR_DIRECT,4.095475,1.2345325023348939,COMMUNITY_TC,367.840384,0.013745084063418116,0.011133837333097175,False
Yelp,Sparse Uniform,256,716847,13954819,False,cold,CSR_DIRECT,10.32863,0.9000155877400972,COMMUNITY_TC,350.92526,0.02648976594047405,0.02943256350369307,False
amazon-computers,Dense Small,64,13752,491722,False,cold,ZERO_OVERHEAD_CSR,0.230285,1.9019215320146774,CUSPARSE,0.437984,1.0,0.525784046905823,False
amazon-computers,Dense Small,128,13752,491722,False,cold,ZERO_OVERHEAD_CSR,0.251691,1.840097579969089,SEGMENT_HYBRID,8.86841,0.052223115530292345,0.028380622907601245,False
amazon-computers,Dense Small,256,13752,491722,False,cold,ZERO_OVERHEAD_CSR,0.296643,1.7532151441294754,COMMUNITY_TC,13.869772,0.037497299883516466,0.021387734419859247,False
amazon-computers,Dense Small,512,13752,491722,False,cold,ZERO_OVERHEAD_CSR,0.398934,1.5849488887886216,COMMUNITY_TC,14.061754,0.04496522979992396,0.028370145004670114,False
amazon-photo,Dense Small,64,7650,238162,False,cold,CSR_DIRECT,0.13017,3.2264269801029424,CUSPARSE,0.419984,1.0,0.3099403786810926,False
amazon-photo,Dense Small,128,7650,238162,False,cold,CSR_DIRECT,0.139254,3.201904433624887,SEGMENT_HYBRID,4.250048,0.10491128570783201,0.03276527700393031,False
amazon-photo,Dense Small,256,7650,238162,False,cold,ZERO_OVERHEAD_CSR,0.173486,2.626096630275642,COMMUNITY_TC,6.134983,0.07426116747185771,0.028278154967992575,False
amazon-photo,Dense Small,512,7650,238162,False,cold,ZERO_OVERHEAD_CSR,0.217754,2.3440809353674332,COMMUNITY_TC,7.807953,0.06537347240691638,0.027888743695050417,False
ca-CondMat,Dense Small,64,23133,186936,False,cold,CSR_DIRECT,0.038739,13.722114664808073,TC_DIRECT_TF32,3.448885,0.15413126271244182,0.011232325809645727,False
ca-CondMat,Dense Small,128,23133,186936,False,cold,CSR_DIRECT,0.047501,9.167596471653228,TC_DIRECT_TF32,3.492057,0.12470300456149486,0.01360258437935005,False
ca-CondMat,Dense Small,256,23133,186936,False,cold,CSR_DIRECT,0.082912,5.520431300656117,TC_DIRECT_TF32,4.449841,0.10285985499257164,0.018632575860575692,False
ca-CondMat,Dense Small,512,23133,186936,False,cold,CSR_DIRECT,0.144749,4.849981692446926,TC_DIRECT_TF32,4.819723,0.14565774838097545,0.03003263880517615,False
ca-GrQc,Dense Small,64,5242,28980,False,cold,CSR_DIRECT,0.01616,25.809096534653463,TC_DIRECT_TF32,0.714802,0.5834832583009001,0.022607659183941847,False
ca-GrQc,Dense Small,128,5242,28980,False,cold,CSR_DIRECT,0.015555,27.303825136612023,TC_DIRECT_TF32,0.702811,0.6043032906428614,0.02213255057191763,False
ca-GrQc,Dense Small,256,5242,28980,False,cold,CSR_DIRECT,0.021901,18.837724304826263,TC_DIRECT_TF32,0.674935,0.6112662700852676,0.03244905064932179,False
ca-GrQc,Dense Small,512,5242,28980,False,cold,CSR_DIRECT,0.029558,20.228872048176466,TC_DIRECT_TF32,0.685886,0.8717556561877631,0.04309462505430932,False
ca-HepTh,Dense Small,64,9877,51971,False,cold,CSR_DIRECT,0.015962,25.905275028191955,TC_DIRECT_TF32,1.381464,0.29932014153101344,0.011554408945871916,False
ca-HepTh,Dense Small,128,9877,51971,False,cold,CSR_DIRECT,0.016349,29.368340571288766,TC_DIRECT_TF32,1.27685,0.3760371226064142,0.012804166503504718,False
ca-HepTh,Dense Small,256,9877,51971,False,cold,CSR_DIRECT,0.024947,24.0891890808514,TC_DIRECT_TF32,1.280786,0.46920640918935713,0.01947788311240129,False
ca-HepTh,Dense Small,512,9877,51971,False,cold,CSR_DIRECT,0.036947,14.028067231439628,TC_DIRECT_TF32,1.311575,0.39516992928349504,0.02816994834454759,False
com-Amazon,Community,64,334863,1851744,False,cold,CSR_DIRECT,0.376733,2.319388001582022,TC_DIRECT,34.804067,0.025105973965628782,0.010824395896031345,False
com-Amazon,Community,128,334863,1851744,False,cold,CSR_DIRECT,0.837853,1.725062749670885,TC_DIRECT,36.664829,0.039420584778944424,0.02285168164837207,False
com-Amazon,Community,256,334863,1851744,False,cold,CSR_DIRECT,1.998624,1.2501345925997087,TC_DIRECT,38.530438,0.06484610945767084,0.051871302371387526,False
com-Amazon,Community,512,334863,1851744,False,cold,CSR_DIRECT,4.330176,1.1123778802524424,TC_DIRECT,38.916103,0.12377374990502005,0.11126951740260323,False
com-DBLP,Community,64,317080,2099732,False,cold,CSR_DIRECT,0.246058,3.1292093733997675,TC_DIRECT,35.979049,0.02140042667609141,0.006838924508538288,False
com-DBLP,Community,128,317080,2099732,False,cold,CSR_DIRECT,0.587894,2.0589800202077244,TC_DIRECT,36.109127,0.03352232802526629,0.01628103609372777,False
com-DBLP,Community,256,317080,2099732,False,cold,CSR_DIRECT,1.445683,1.4092882049522613,TC_DIRECT,36.466912,0.055869386472866135,0.03964369124536786,False
com-DBLP,Community,512,317080,2099732,False,cold,CSR_DIRECT,3.441856,1.1421320357388571,TC_DIRECT,41.022828,0.09582601180006411,0.08390099288132939,False
com-youtube,Community,64,1157828,5975248,False,cold,CSR_DIRECT,4.355264,0.4024311729438215,ZERO_OVERHEAD_CSR,8.009027,0.21883981662191926,0.5437943959984153,False
com-youtube,Community,128,1157828,5975248,False,cold,CSR_DIRECT,5.22577,0.6574173758125598,ZERO_OVERHEAD_CSR,9.031005,0.3804130326580486,0.5786476698883457,False
com-youtube,Community,256,1157828,5975248,False,cold,CSR_DIRECT,10.454698,0.6547951935101329,ZERO_OVERHEAD_CSR,11.489388,0.5958268621444415,0.9099438542766595,False
gplus-combined,Dense Large-Scale,64,107614,13673453,False,cold,CSR_DIRECT,1.172864,0.9532938175270109,COMMUNITY_TC,192.524277,0.005807496163198161,0.006092031707772625,False
gplus-combined,Dense Large-Scale,128,107614,13673453,False,cold,CSR_DIRECT,1.88856,1.070466916592536,COMMUNITY_TC,178.894008,0.011300775373091309,0.010556865605023506,False
gplus-combined,Dense Large-Scale,256,107614,13673453,False,cold,CSR_DIRECT,3.831853,0.8705339166194527,COMMUNITY_TC,179.69101,0.01856385581003746,0.021324678402108152,False
gplus-combined,Dense Large-Scale,512,107614,13673453,False,cold,CSR_DIRECT,7.017174,0.9354468052238694,COMMUNITY_TC,185.956147,0.03529968277951038,0.037735638822415485,False
ogbn-arxiv,Sparse Uniform,64,169343,1166243,False,cold,CSR_DIRECT,0.106454,5.317254400961918,TC_DIRECT,19.398925,0.029179091109430032,0.0054876236698683046,False
ogbn-arxiv,Sparse Uniform,128,169343,1166243,False,cold,CSR_DIRECT,0.200054,3.6123896547932057,TC_DIRECT,19.802491,0.03649404511785916,0.010102466401827933,False
ogbn-arxiv,Sparse Uniform,256,169343,1166243,False,cold,CSR_DIRECT,0.521728,2.019650085868499,TC_DIRECT,19.811143,0.05318764293408008,0.02633507819311586,False
ogbn-arxiv,Sparse Uniform,512,169343,1166243,False,cold,CSR_DIRECT,1.284611,1.2670847439419404,TC_DIRECT,22.266424,0.0731015900891854,0.05769273952566429,False
ogbn-products,Dense Large-Scale,64,2449029,123718152,False,cold,CSR_DIRECT,25.091517,1.0395403753388048,COMMUNITY_TC,1794.43595,0.01453584620838654,0.013982954922408905,False
ogbn-products,Dense Large-Scale,128,2449029,123718152,False,cold,CSR_DIRECT,57.273177,1.0501995026397786,COMMUNITY_TC,1863.665115,0.03227417925886326,0.030731474522449273,False
ogbn-proteins,Dense Large-Scale,64,132534,79122504,False,cold,CSR_DIRECT,4.306474,1.1671443970171422,COMMUNITY_TC,968.58853,0.005189279910221526,0.00444613359193919,False
ogbn-proteins,Dense Large-Scale,128,132534,79122504,False,cold,CSR_DIRECT,7.878701,1.131790507089938,COMMUNITY_TC,1020.8242,0.00873513676497873,0.007717980235970112,False
roadNet-CA,Sparse Uniform,64,1971281,5533214,False,cold,CSR_DIRECT,1.161002,2.0209215832530862,CSR_DIRECT,1.161002,2.0209215832530862,1.0,True
roadNet-CA,Sparse Uniform,128,1971281,5533214,False,cold,CSR_DIRECT,2.270122,2.026696362574346,CSR_DIRECT,2.270122,2.026696362574346,1.0,True
roadNet-PA,Sparse Uniform,64,1090920,3083796,False,cold,CSR_DIRECT,0.649315,2.1797910105264777,CSR_DIRECT,0.649315,2.1797910105264777,1.0,True
roadNet-PA,Sparse Uniform,128,1090920,3083796,False,cold,CSR_DIRECT,1.25776,2.0490506932960186,CSR_DIRECT,1.25776,2.0490506932960186,1.0,True
roadNet-PA,Sparse Uniform,256,1090920,3083796,False,cold,CSR_DIRECT,2.497741,2.0339706959208343,CSR_DIRECT,2.497741,2.0339706959208343,1.0,True
roadNet-PA,Sparse Uniform,512,1090920,3083796,False,cold,CSR_DIRECT,5.05431,2.015387461394335,TC_DIRECT_TF32,82.630233,0.12327682774415026,0.061167805251136104,False
roadNet-TX,Sparse Uniform,64,1393383,3843320,False,cold,CSR_DIRECT,0.826128,2.046104235663239,CSR_DIRECT,0.826128,2.046104235663239,1.0,True
roadNet-TX,Sparse Uniform,128,1393383,3843320,False,cold,CSR_DIRECT,1.595763,2.0346787085550924,CSR_DIRECT,1.595763,2.0346787085550924,1.0,True
soc-Pokec,Sparse Skewed,64,1632803,30622564,False,cold,CSR_DIRECT,4.907734,1.1472873224180449,TC_DIRECT,395.108994,0.014250703186979338,0.012421215600068066,False
soc-Pokec,Sparse Skewed,128,1632803,30622564,False,cold,CSR_DIRECT,11.351914,1.1785550877147237,TC_DIRECT,470.173137,0.028455168845599108,0.02414411438397426,False
soc-Pokec,Sparse Skewed,256,1632803,30622564,False,cold,CSR_DIRECT,26.121078,1.0221142864011967,TC_DIRECT,406.495448,0.06568026070491201,0.06425921404167852,False
synth_community_nc10,Community,64,200000,1089063,True,cold,CSR_DIRECT,0.124915,7.39715806748589,CSR_DIRECT,0.124915,7.39715806748589,1.0,True
synth_community_nc10,Community,128,200000,1089063,True,cold,CSR_DIRECT,0.261677,3.1622037855829896,CSR_DIRECT,0.261677,3.1622037855829896,1.0,True
synth_community_nc10,Community,256,200000,1089063,True,cold,CSR_DIRECT,0.541955,2.3567916155400357,TC_DIRECT_TF32,21.554153,0.059258881571454,0.025143878305030124,False
synth_community_nc10,Community,512,200000,1089063,True,cold,CSR_DIRECT,1.340186,1.5907411359318782,TC_DIRECT_TF32,22.888599,0.09314196120085813,0.05855255710495868,False
synth_community_nc100,Community,64,200000,1098420,True,cold,CSR_DIRECT,0.125034,5.00374298190892,CSR_DIRECT,0.125034,5.00374298190892,1.0,True
synth_community_nc100,Community,128,200000,1098420,True,cold,CSR_DIRECT,0.26192,3.473289554062309,CSR_DIRECT,0.26192,3.473289554062309,1.0,True
synth_community_nc100,Community,256,200000,1098420,True,cold,CSR_DIRECT,0.536067,2.4465710442911055,TC_DIRECT_TF32,20.56638,0.06377038642678001,0.026065209336791403,False
synth_community_nc100,Community,512,200000,1098420,True,cold,CSR_DIRECT,1.094125,1.8677518565063405,TC_DIRECT_TF32,21.415714,0.09542310847072387,0.051089821240608645,False
synth_community_nc1000,Community,64,200000,1101854,True,cold,CSR_DIRECT,0.126045,4.570216985997066,CSR_DIRECT,0.126045,4.570216985997066,1.0,True
synth_community_nc1000,Community,128,200000,1101854,True,cold,CSR_DIRECT,0.262854,4.375090354341194,CSR_DIRECT,0.262854,4.375090354341194,1.0,True
synth_community_nc1000,Community,256,200000,1101854,True,cold,CSR_DIRECT,0.537347,2.2761306939463695,TC_DIRECT_TF32,21.609488,0.05659884213823113,0.024866253193967392,False
synth_community_nc1000,Community,512,200000,1101854,True,cold,CSR_DIRECT,1.089648,1.9018260942983425,TC_DIRECT_TF32,26.289688,0.07882638242036193,0.04144773418383664,False
synth_community_nc50,Community,64,200000,1098216,True,cold,CSR_DIRECT,0.125866,4.553946260308582,CSR_DIRECT,0.125866,4.553946260308582,1.0,True
synth_community_nc50,Community,128,200000,1098216,True,cold,CSR_DIRECT,0.260861,3.5055565991083375,CSR_DIRECT,0.260861,3.5055565991083375,1.0,True
synth_community_nc50,Community,256,200000,1098216,True,cold,CSR_DIRECT,0.536768,2.2773525992607606,TC_DIRECT_TF32,21.785731,0.056110579902046896,0.024638512244551266,False
synth_community_nc50,Community,512,200000,1098216,True,cold,CSR_DIRECT,1.089936,1.86908589128169,TC_DIRECT_TF32,22.118954,0.09210128110036306,0.04927610953031505,False
synth_community_nc500,Community,64,200000,1100450,True,cold,CSR_DIRECT,0.12505,5.675673730507797,CSR_DIRECT,0.12505,5.675673730507797,1.0,True
synth_community_nc500,Community,128,200000,1100450,True,cold,CSR_DIRECT,0.260694,3.163908643850645,CSR_DIRECT,0.260694,3.163908643850645,1.0,True
synth_community_nc500,Community,256,200000,1100450,True,cold,CSR_DIRECT,0.542323,2.3730359951541797,TC_DIRECT_TF32,21.603843,0.0595705125240912,0.025103080039972515,False
synth_community_nc500,Community,512,200000,1100450,True,cold,CSR_DIRECT,1.090845,1.8591761432650833,TC_DIRECT_TF32,26.409683,0.0767927808902515,0.041304736599829694,False
synth_dense_small_d120,Dense Small,64,10000,1200000,True,cold,CSR_DIRECT,0.066637,7.1384516109668805,TC_DIRECT,19.915162,0.023885570200232367,0.0033460435822716384,False
synth_dense_small_d120,Dense Small,128,10000,1200000,True,cold,CSR_DIRECT,0.133216,3.9859176074945952,TC_DIRECT,22.341619,0.023766764619878263,0.0059626833668589545,False
synth_dense_small_d120,Dense Small,256,10000,1200000,True,cold,CSR_DIRECT,0.28761,2.3611244393449464,TC_DIRECT,24.275725,0.027973747436997244,0.011847637918126028,False
synth_dense_small_d120,Dense Small,512,10000,1200000,True,cold,CSR_DIRECT,0.55455,1.7605878640339014,TC_DIRECT,21.37477,0.04567693593895981,0.02594413881412525,False
synth_dense_small_d30,Dense Small,64,10000,300000,True,cold,CSR_DIRECT,0.024189,11.413617760138907,TC_DIRECT,6.443985,0.04284367514821962,0.003753733132525914,False
synth_dense_small_d30,Dense Small,128,10000,300000,True,cold,CSR_DIRECT,0.039088,7.536993450675399,TC_DIRECT,5.873467,0.05015879037032131,0.006655013129383378,False
synth_dense_small_d30,Dense Small,256,10000,300000,True,cold,CSR_DIRECT,0.084,4.3145,TC_DIRECT,5.996664,0.06043660275112963,0.014007788330311655,False
synth_dense_small_d30,Dense Small,512,10000,300000,True,cold,CSR_DIRECT,0.149277,3.6184341861103855,TC_DIRECT,6.97609,0.07742861688997704,0.02139837645443221,False
synth_dense_small_d50,Dense Small,64,10000,500000,True,cold,CSR_DIRECT,0.034717,12.553417634012156,TC_DIRECT,10.023036,0.04348153593382285,0.003463720972368053,False
synth_dense_small_d50,Dense Small,128,10000,500000,True,cold,CSR_DIRECT,0.062342,7.454733566456001,TC_DIRECT,9.52115,0.04881164565204833,0.0065477384559638275,False
synth_dense_small_d50,Dense Small,256,10000,500000,True,cold,CSR_DIRECT,0.136083,3.7793772917998574,TC_DIRECT,10.354524,0.04966998000101212,0.013142371392446433,False
synth_dense_small_d50,Dense Small,512,10000,500000,True,cold,CSR_DIRECT,0.240397,2.5975864923439143,TC_DIRECT,11.443115,0.054570106129318806,0.021008003502542793,False
synth_dense_small_d70,Dense Small,64,10000,700000,True,cold,CSR_DIRECT,0.044528,10.074874236435502,TC_DIRECT,13.688989,0.03277188695235273,0.003252833353872956,False
synth_dense_small_d70,Dense Small,128,10000,700000,True,cold,CSR_DIRECT,0.08279,5.820860007247251,TC_DIRECT,13.008923,0.037044496304574945,0.006364093322713956,False
synth_dense_small_d70,Dense Small,256,10000,700000,True,cold,CSR_DIRECT,0.174448,3.182747867559388,TC_DIRECT,13.511324,0.041093234090160226,0.012911243931386738,False
synth_dense_small_d70,Dense Small,512,10000,700000,True,cold,CSR_DIRECT,0.327712,2.204069426813788,TC_DIRECT,14.372318,0.05025633304245008,0.022801610707472518,False
synth_dense_small_d90,Dense Small,64,10000,900000,True,cold,CSR_DIRECT,0.054234,8.492477043920788,TC_DIRECT,16.02737,0.028737154005928606,0.0033838365246450287,False
synth_dense_small_d90,Dense Small,128,10000,900000,True,cold,CSR_DIRECT,0.104064,4.894949261992619,TC_DIRECT,16.681162,0.030536721602487882,0.006238414326292137,False
synth_dense_small_d90,Dense Small,256,10000,900000,True,cold,CSR_DIRECT,0.234694,2.544751889694666,TC_DIRECT,17.535015,0.034059737046133125,0.013384305630762221,False
synth_dense_small_d90,Dense Small,512,10000,900000,True,cold,CSR_DIRECT,0.416042,1.8934602756452472,TC_DIRECT,17.489999,0.045040540025188106,0.023787422743706276,False
synth_mixed_v1,Mixed/Irregular,64,200000,4001390,True,cold,CSR_DIRECT,0.255149,2.8182316999086803,TC_DIRECT,71.397281,0.010071377928243513,0.003573651495215903,False
synth_mixed_v1,Mixed/Irregular,128,200000,4001390,True,cold,CSR_DIRECT,0.918797,1.7688401246412429,TC_DIRECT,72.761372,0.022336096136285063,0.012627538139330303,False
synth_mixed_v1,Mixed/Irregular,256,200000,4001390,True,cold,CSR_DIRECT,3.204032,0.8394950487385894,TC_DIRECT,74.543641,0.03608314490568015,0.04298196274045697,False
synth_mixed_v1,Mixed/Irregular,512,200000,4001390,True,cold,CSR_DIRECT,7.846889,0.6265842424940636,TC_DIRECT,51.898188,0.09473812457575591,0.15119774509275738,False
synth_mixed_v2,Mixed/Irregular,64,200000,5457270,True,cold,CSR_DIRECT,0.342045,1.8952915552047247,COMMUNITY_TC,83.434965,0.007769824077951013,0.0040995402826620704,False
synth_mixed_v2,Mixed/Irregular,128,200000,5457270,True,cold,CSR_DIRECT,1.156182,1.4504273548628157,COMMUNITY_TC,83.046256,0.020193059636547613,0.013922144786394705,False
synth_mixed_v2,Mixed/Irregular,256,200000,5457270,True,cold,CSR_DIRECT,4.238906,0.7208671293961225,COMMUNITY_TC,83.885032,0.036427094645442824,0.05053232858038369,False
synth_mixed_v2,Mixed/Irregular,512,200000,5457270,True,cold,CSR_DIRECT,10.459523,0.5674189922427628,COMMUNITY_TC,92.120337,0.06442586070869454,0.11354195328225948,False
synth_mixed_v3,Mixed/Irregular,64,200000,5576937,True,cold,CSR_DIRECT,0.344736,1.8579028589993503,COMMUNITY_TC,84.147791,0.0076114416360614865,0.004096792035812325,False
synth_mixed_v3,Mixed/Irregular,128,200000,5576937,True,cold,CSR_DIRECT,1.188106,1.4534603814811136,COMMUNITY_TC,84.094347,0.020534852360527874,0.014128250499406341,False
synth_mixed_v3,Mixed/Irregular,256,200000,5576937,True,cold,CSR_DIRECT,4.346867,0.7212332468419209,COMMUNITY_TC,88.011235,0.03562164535016467,0.04938991027679591,False
synth_mixed_v3,Mixed/Irregular,512,200000,5576937,True,cold,CSR_DIRECT,10.716691,0.5933481706246826,COMMUNITY_TC,99.674749,0.06379478317020894,0.10751660884543587,False
synth_mixed_v4,Mixed/Irregular,64,200000,7410217,True,cold,CSR_DIRECT,0.457334,2.2669843046876026,COMMUNITY_TC,153.648494,0.006747667829402871,0.002976495168250722,False
synth_mixed_v4,Mixed/Irregular,128,200000,7410217,True,cold,CSR_DIRECT,1.505446,1.4458193784433317,COMMUNITY_TC,159.168033,0.013674875281018267,0.009458218284320948,False
synth_mixed_v4,Mixed/Irregular,256,200000,7410217,True,cold,CSR_DIRECT,5.639043,0.7021531845031151,COMMUNITY_TC,155.242472,0.02550508214015041,0.03632409950287316,False
synth_mixed_v4,Mixed/Irregular,512,200000,7410217,True,cold,CSR_DIRECT,13.975571,0.5232019500312366,COMMUNITY_TC,121.051595,0.060404375506163295,0.11545135774543078,False
synth_mixed_v5,Mixed/Irregular,64,200000,7276677,True,cold,CSR_DIRECT,0.451498,2.0329436675245516,COMMUNITY_TC,153.411983,0.005983039799439917,0.002943042591399135,False
synth_mixed_v5,Mixed/Irregular,128,200000,7276677,True,cold,CSR_DIRECT,1.482979,1.4780209294939441,COMMUNITY_TC,156.715391,0.013986335266840509,0.00946288038805327,False
synth_mixed_v5,Mixed/Irregular,256,200000,7276677,True,cold,CSR_DIRECT,5.566931,0.6584967552139589,COMMUNITY_TC,112.041475,0.03271829472077192,0.049686341598055545,False
synth_mixed_v5,Mixed/Irregular,512,200000,7276677,True,cold,CSR_DIRECT,13.765232,0.5299742132933176,COMMUNITY_TC,122.405957,0.059598553688036605,0.11245557273001018,False
synth_sparse_skewed_cv1p5,Sparse Skewed,64,200000,3622709,True,cold,CSR_DIRECT,0.224554,3.1125965246666722,TC_DIRECT,60.96146,0.011465375009063103,0.003683540387648196,False
synth_sparse_skewed_cv1p5,Sparse Skewed,128,200000,3622709,True,cold,CSR_DIRECT,0.846125,1.8051044467425026,TC_DIRECT,63.170745,0.02417802734477803,0.013394253938274751,False
synth_sparse_skewed_cv1p5,Sparse Skewed,256,200000,3622709,True,cold,CSR_DIRECT,2.935456,0.8874648436222515,TC_DIRECT,61.602932,0.0422887988513274,0.047651238418327226,False
synth_sparse_skewed_cv1p5,Sparse Skewed,512,200000,3622709,True,cold,CSR_DIRECT,7.172013,0.664555265028103,TC_DIRECT,50.815011,0.09379509924734643,0.14113965261170563,False
synth_sparse_skewed_cv2p0,Sparse Skewed,64,200000,6166484,True,cold,CSR_DIRECT,0.371712,3.9655163137052343,TC_DIRECT,95.578289,0.015422226275676477,0.0038890840575729496,False
synth_sparse_skewed_cv2p0,Sparse Skewed,128,200000,6166484,True,cold,CSR_DIRECT,1.295053,1.9829543655742274,TC_DIRECT,110.16358,0.023311070682343477,0.011755727255777273,False
synth_sparse_skewed_cv2p0,Sparse Skewed,256,200000,6166484,True,cold,CSR_DIRECT,4.794138,0.7008922146171012,TC_DIRECT,99.694084,0.03370484852441194,0.04808849038625,False
synth_sparse_skewed_cv2p0,Sparse Skewed,512,200000,6166484,True,cold,CSR_DIRECT,11.796989,0.5526459336361168,TC_DIRECT,86.066303,0.07575041302750044,0.13706861557652825,False
synth_sparse_skewed_cv2p5,Sparse Skewed,64,200000,10306672,True,cold,CSR_DIRECT,0.600854,1.8167491603617518,COMMUNITY_TC,216.14009,0.00505043280031946,0.002779928517657229,False
synth_sparse_skewed_cv2p5,Sparse Skewed,128,200000,10306672,True,cold,CSR_DIRECT,2.041616,1.3229603412198965,COMMUNITY_TC,214.661756,0.01258247882776101,0.009510851108475977,False
synth_sparse_skewed_cv2p5,Sparse Skewed,256,200000,10306672,True,cold,CSR_DIRECT,7.733546,0.66491361142741,COMMUNITY_TC,217.903104,0.023598287062491778,0.035490756478622716,False
synth_sparse_skewed_cv2p5,Sparse Skewed,512,200000,10306672,True,cold,CSR_DIRECT,19.238582,0.49386664776021433,COMMUNITY_TC,175.405024,0.054167741512352575,0.1096809062892064,False
synth_sparse_skewed_cv3p0,Sparse Skewed,64,200000,16207364,True,cold,CSR_DIRECT,0.903456,1.667508987709418,COMMUNITY_TC,296.997057,0.005072511543439301,0.00304196953709208,False
synth_sparse_skewed_cv3p0,Sparse Skewed,128,200000,16207364,True,cold,CSR_DIRECT,3.059616,1.2044230387081254,COMMUNITY_TC,244.023565,0.015101295647410118,0.012538198923534291,False
synth_sparse_skewed_cv3p0,Sparse Skewed,256,200000,16207364,True,cold,CSR_DIRECT,11.903363,0.6131499980299685,COMMUNITY_TC,279.893089,0.026076195829186768,0.04252824906298419,False
synth_sparse_skewed_cv3p0,Sparse Skewed,512,200000,16207364,True,cold,CSR_DIRECT,29.816384,0.4532056603510339,COMMUNITY_TC,246.033902,0.05492313819418269,0.12118811170990573,False
synth_sparse_skewed_cv4p0,Sparse Skewed,64,200000,25191428,True,cold,CSR_DIRECT,1.386083,1.4784886619343862,COMMUNITY_TC,431.475419,0.00474953591736358,0.003212426337547632,False
synth_sparse_skewed_cv4p0,Sparse Skewed,128,200000,25191428,True,cold,CSR_DIRECT,4.551187,1.174912610710129,COMMUNITY_TC,433.471023,0.012335881099946098,0.010499403093894927,False
synth_sparse_skewed_cv4p0,Sparse Skewed,256,200000,25191428,True,cold,CSR_DIRECT,18.221264,0.5455500781943557,COMMUNITY_TC,354.730538,0.028022994738614804,0.051366493853991224,False
synth_sparse_skewed_cv4p0,Sparse Skewed,512,200000,25191428,True,cold,CSR_DIRECT,45.791488,0.42702495275977925,COMMUNITY_TC,359.929759,0.054327566729485126,0.12722340083027145,False
synth_sparse_uniform_d12,Sparse Uniform,64,300000,3600000,True,cold,CSR_DIRECT,0.330557,3.003412422063366,TC_DIRECT,62.186285,0.015964918952788384,0.005315593301641994,False
synth_sparse_uniform_d12,Sparse Uniform,128,300000,3600000,True,cold,CSR_DIRECT,1.336429,1.589470895947334,TC_DIRECT,60.086876,0.03535239542158924,0.022241612294837898,False
synth_sparse_uniform_d12,Sparse Uniform,256,300000,3600000,True,cold,CSR_DIRECT,3.478538,1.1453156469758272,TC_DIRECT,61.93374,0.06432719871268876,0.05616547620085594,False
synth_sparse_uniform_d12,Sparse Uniform,512,300000,3600000,True,cold,CSR_DIRECT,7.798848,0.947087826304603,TC_DIRECT,67.073225,0.11012134871999968,0.11627363974223694,False
synth_sparse_uniform_d18,Sparse Uniform,64,300000,5400000,True,cold,CSR_DIRECT,0.409782,2.6523370963097457,TC_DIRECT,71.290431,0.015245804868257846,0.005748064561427606,False
synth_sparse_uniform_d18,Sparse Uniform,128,300000,5400000,True,cold,CSR_DIRECT,1.874333,1.4392362509756802,TC_DIRECT,96.848799,0.02785380952426679,0.019353187849030527,False
synth_sparse_uniform_d18,Sparse Uniform,256,300000,5400000,True,cold,CSR_DIRECT,5.031296,0.9796593164067469,TC_DIRECT,96.761014,0.050939482713564785,0.051997140087845714,False
synth_sparse_uniform_d18,Sparse Uniform,512,300000,5400000,True,cold,CSR_DIRECT,11.338637,0.8536772982502218,TC_DIRECT,98.218222,0.09855133602398138,0.11544331356354628,False
synth_sparse_uniform_d3,Sparse Uniform,64,300000,900000,True,cold,CSR_DIRECT,0.236845,3.27463108784226,CSR_DIRECT,0.236845,3.27463108784226,1.0,True
synth_sparse_uniform_d3,Sparse Uniform,128,300000,900000,True,cold,CSR_DIRECT,0.551408,2.152212155064852,CSR_DIRECT,0.551408,2.152212155064852,1.0,True
synth_sparse_uniform_d3,Sparse Uniform,256,300000,900000,True,cold,CSR_DIRECT,1.194886,1.591724231432957,CSR_DIRECT,1.194886,1.591724231432957,1.0,True
synth_sparse_uniform_d3,Sparse Uniform,512,300000,900000,True,cold,CSR_DIRECT,2.479373,1.457704831019778,TC_DIRECT_TF32,19.843941,0.18213085797826145,0.12494357849582398,False
synth_sparse_uniform_d5,Sparse Uniform,64,300000,1500000,True,cold,CSR_DIRECT,0.272781,3.03290551761303,TC_DIRECT,25.505321,0.032437113808526465,0.010695062414623207,False
synth_sparse_uniform_d5,Sparse Uniform,128,300000,1500000,True,cold,CSR_DIRECT,0.701626,1.938433011319421,TC_DIRECT,26.895736,0.05056768106290157,0.026086886040225854,False
synth_sparse_uniform_d5,Sparse Uniform,256,300000,1500000,True,cold,CSR_DIRECT,1.685318,1.4050535269901583,TC_DIRECT,27.709566,0.08545648098566394,0.060820801018680704,False
synth_sparse_uniform_d5,Sparse Uniform,512,300000,1500000,True,cold,CSR_DIRECT,3.664595,1.195121425423546,TC_DIRECT,34.339848,0.12753801356371755,0.10671552768666884,False
synth_sparse_uniform_d8,Sparse Uniform,64,300000,2400000,True,cold,CSR_DIRECT,0.30247,3.004883128905346,TC_DIRECT,37.781637,0.024056316035221022,0.00800574098999469,False
synth_sparse_uniform_d8,Sparse Uniform,128,300000,2400000,True,cold,CSR_DIRECT,0.976912,1.7478432038914458,TC_DIRECT,39.136498,0.04362906972412299,0.0249616611072355,False
synth_sparse_uniform_d8,Sparse Uniform,256,300000,2400000,True,cold,CSR_DIRECT,2.454134,1.2059687857305266,TC_DIRECT,43.465868,0.06809041521959253,0.056461175467610585,False
synth_sparse_uniform_d8,Sparse Uniform,512,300000,2400000,True,cold,CSR_DIRECT,5.419443,1.0961622808838474,TC_DIRECT,46.77605,0.12700065524985543,0.11585935537524011,False
twitter-combined,Sparse Skewed,64,81306,1768149,False,cold,CSR_DIRECT,0.149645,5.163099335093054,TC_DIRECT,26.175131,0.0295177892328409,0.0057170678534521945,False
twitter-combined,Sparse Skewed,128,81306,1768149,False,cold,CSR_DIRECT,0.23959,2.6765933469677368,TC_DIRECT,26.463038,0.024233234294565874,0.009053760191857035,False
twitter-combined,Sparse Skewed,256,81306,1768149,False,cold,CSR_DIRECT,0.469782,2.093573189266511,TC_DIRECT,26.86315,0.036612348142343695,0.01748797144043048,False
twitter-combined,Sparse Skewed,512,81306,1768149,False,cold,CSR_DIRECT,0.873197,1.5622224996192153,TC_DIRECT,27.07064,0.05039142037277286,0.0322562377542607,False
web-Google,Sparse Uniform,64,916428,5105039,False,cold,CSR_DIRECT,0.834042,1.8425235180002928,COMMUNITY_TC_TF32,237.560635,0.006468841102398973,0.0035108594485782547,False
web-Google,Sparse Uniform,128,916428,5105039,False,cold,CSR_DIRECT,1.901946,1.5503973298926468,COMMUNITY_TC_TF32,238.870648,0.012344639346396381,0.007962242393213586,False
web-Google,Sparse Uniform,256,916428,5105039,False,cold,CSR_DIRECT,4.548621,1.2856215103434647,COMMUNITY_TC_TF32,242.331259,0.02413145140305651,0.01877026108299136,False
web-Google,Sparse Uniform,512,916428,5105039,False,cold,CSR_DIRECT,10.30184,1.1324897299899823,COMMUNITY_TC_TF32,244.287745,0.047758138665531503,0.04217092429257964,False
web-Stanford,Sparse Uniform,64,281904,2312497,False,cold,CSR_DIRECT,0.219802,3.371493435000591,COMMUNITY_TC_TF32,62.122916,0.011928947443484463,0.0035381790513503908,False
web-Stanford,Sparse Uniform,128,281904,2312497,False,cold,CSR_DIRECT,0.479395,2.289963391357857,COMMUNITY_TC_TF32,60.770535,0.018064626220585352,0.007888609175482822,False
web-Stanford,Sparse Uniform,256,281904,2312497,False,cold,CSR_DIRECT,1.152208,1.513174704567231,COMMUNITY_TC_TF32,59.894068,0.02910959395845345,0.019237430992331328,False
web-Stanford,Sparse Uniform,512,281904,2312497,False,cold,CSR_DIRECT,2.59928,1.3221672924809948,COMMUNITY_TC_TF32,71.110688,0.04832864224292135,0.0365525924879253,False
