dataset,architecture,mode,num_nodes,nnz,in_dim,hidden_dim,out_dim,feature_width,trial_id,seed,router_ms,cusparse_ms,pyg_ms,router_correct,router_max_error,pyg_correct,tolerance,router_vs_cusparse,pyg_vs_cusparse,router_vs_pyg
Reddit,gcn,cold,232965,114615892,602,128,41,128,0,123,209.31789,172.85623,448.67424,True,0.003174,True,0.147163,0.82581,0.38526,2.14351
Reddit,gcn,cold,232965,114615892,602,128,41,128,1,123,209.37258,173.15382,448.93881,True,0.003174,True,0.147163,0.82701,0.3857,2.14421
Reddit,gcn,cold,232965,114615892,602,128,41,128,2,123,209.04892,172.81718,448.97639,True,0.003174,True,0.147163,0.82668,0.38491,2.14771
Reddit,gcn,cold,232965,114615892,602,128,41,128,3,123,209.15111,173.15835,448.19524,True,0.003174,True,0.147163,0.82791,0.38635,2.14293
Reddit,gcn,cold,232965,114615892,602,128,41,128,4,123,209.1477,173.10657,448.84988,True,0.003174,True,0.147163,0.82768,0.38567,2.14609
Reddit,gcn,cold,232965,114615892,602,128,41,128,5,123,209.36757,173.02085,447.75276,True,0.003174,True,0.147163,0.8264,0.38642,2.1386
Reddit,gcn,cold,232965,114615892,602,128,41,128,6,123,209.18951,173.20217,448.37356,True,0.003174,True,0.147163,0.82797,0.38629,2.14338
Reddit,gcn,cold,232965,114615892,602,128,41,128,7,123,209.29919,172.87125,448.44867,True,0.003174,True,0.147163,0.82595,0.38549,2.14262
Reddit,gcn,cold,232965,114615892,602,128,41,128,8,123,209.33129,173.10338,448.34554,True,0.003174,True,0.147163,0.82694,0.38609,2.1418
Reddit,gcn,cold,232965,114615892,602,128,41,128,9,123,209.40771,173.12345,449.79535,True,0.003174,True,0.147163,0.82673,0.38489,2.14794
Reddit,gcn,cold,232965,114615892,602,128,41,128,10,123,209.04772,172.85586,449.30734,True,0.003174,True,0.147163,0.82687,0.38472,2.14931
Reddit,gcn,cold,232965,114615892,602,128,41,128,11,123,209.45908,173.10113,449.60909,True,0.003174,True,0.147163,0.82642,0.385,2.14652
Reddit,gcn,cold,232965,114615892,602,128,41,128,12,123,209.12796,172.99378,449.65287,True,0.003174,True,0.147163,0.82721,0.38473,2.15013
Reddit,gcn,cold,232965,114615892,602,128,41,128,13,123,209.20027,172.87752,449.16298,True,0.003174,True,0.147163,0.82637,0.38489,2.14705
Reddit,gcn,cold,232965,114615892,602,128,41,128,14,123,209.02509,173.17287,449.68548,True,0.003174,True,0.147163,0.82848,0.3851,2.15135
Reddit,gcn,cold,232965,114615892,602,128,41,128,15,123,209.45333,173.07812,449.9584,True,0.003174,True,0.147163,0.82633,0.38465,2.14825
Reddit,gcn,cold,232965,114615892,602,128,41,128,16,123,209.08809,172.93038,449.7503,True,0.003174,True,0.147163,0.82707,0.3845,2.15101
Reddit,gcn,cold,232965,114615892,602,128,41,128,17,123,209.40795,173.15102,449.73774,True,0.003174,True,0.147163,0.82686,0.385,2.14766
Reddit,gcn,cold,232965,114615892,602,128,41,128,18,123,209.21359,172.9273,449.64145,True,0.003174,True,0.147163,0.82656,0.38459,2.1492
Reddit,gcn,cold,232965,114615892,602,128,41,128,19,123,209.3524,172.92825,449.10105,True,0.003174,True,0.147163,0.82602,0.38505,2.14519
Reddit,gcn,cold,232965,114615892,602,128,41,128,20,123,209.32226,173.25026,449.85419,True,0.003174,True,0.147163,0.82767,0.38513,2.1491
Reddit,gcn,cold,232965,114615892,602,128,41,128,21,123,209.29522,173.14907,449.81018,True,0.003174,True,0.147163,0.8273,0.38494,2.14917
Reddit,gcn,cold,232965,114615892,602,128,41,128,22,123,209.106,172.94158,449.88984,True,0.003174,True,0.147163,0.82705,0.38441,2.15149
Reddit,gcn,cold,232965,114615892,602,128,41,128,23,123,209.32459,173.23521,449.36006,True,0.003174,True,0.147163,0.82759,0.38552,2.14671
Reddit,gcn,cold,232965,114615892,602,128,41,128,24,123,209.19434,172.97584,449.32275,True,0.003174,True,0.147163,0.82687,0.38497,2.14787
ogbn-proteins,gcn,cold,132534,79122504,8,128,112,128,0,123,70.80244,75.10493,230.99309,True,0.00087,True,0.088034,1.06077,0.32514,3.2625
ogbn-proteins,gcn,cold,132534,79122504,8,128,112,128,1,123,70.48241,74.46733,230.69268,True,0.00087,True,0.088034,1.05654,0.3228,3.27305
ogbn-proteins,gcn,cold,132534,79122504,8,128,112,128,2,123,69.62317,76.02412,231.965,True,0.00087,True,0.088034,1.09194,0.32774,3.33172
ogbn-proteins,gcn,cold,132534,79122504,8,128,112,128,3,123,70.8802,74.10341,231.21122,True,0.00087,True,0.088034,1.04547,0.3205,3.262
ogbn-proteins,gcn,cold,132534,79122504,8,128,112,128,4,123,69.41797,76.15017,232.16233,True,0.00087,True,0.088034,1.09698,0.328,3.34441
ogbn-proteins,gcn,cold,132534,79122504,8,128,112,128,5,123,70.15632,74.26413,230.99646,True,0.00087,True,0.088034,1.05855,0.32149,3.2926
ogbn-proteins,gcn,cold,132534,79122504,8,128,112,128,6,123,69.83742,76.30344,232.42553,True,0.00087,True,0.088034,1.09259,0.32829,3.32809
ogbn-proteins,gcn,cold,132534,79122504,8,128,112,128,7,123,69.98859,74.24467,231.24438,True,0.00087,True,0.088034,1.06081,0.32107,3.30403
ogbn-proteins,gcn,cold,132534,79122504,8,128,112,128,8,123,70.11804,76.36104,232.20247,True,0.00087,True,0.088034,1.08904,0.32886,3.31159
ogbn-proteins,gcn,cold,132534,79122504,8,128,112,128,9,123,70.23171,73.44244,230.60855,True,0.00087,True,0.088034,1.04572,0.31847,3.28354
ogbn-proteins,gcn,cold,132534,79122504,8,128,112,128,10,123,70.10664,75.79932,231.61526,True,0.00087,True,0.088034,1.0812,0.32726,3.30376
ogbn-proteins,gcn,cold,132534,79122504,8,128,112,128,11,123,71.09343,74.54897,230.82429,True,0.00087,True,0.088034,1.04861,0.32297,3.24677
ogbn-proteins,gcn,cold,132534,79122504,8,128,112,128,12,123,69.90067,76.23979,231.88513,True,0.00087,True,0.088034,1.09069,0.32878,3.31735
ogbn-proteins,gcn,cold,132534,79122504,8,128,112,128,13,123,70.93991,74.23368,231.16817,True,0.00087,True,0.088034,1.04643,0.32112,3.25865
ogbn-proteins,gcn,cold,132534,79122504,8,128,112,128,14,123,69.38258,76.1952,231.60711,True,0.00087,True,0.088034,1.09819,0.32898,3.33812
ogbn-proteins,gcn,cold,132534,79122504,8,128,112,128,15,123,70.58283,74.3566,230.80942,True,0.00087,True,0.088034,1.05347,0.32216,3.27005
ogbn-proteins,gcn,cold,132534,79122504,8,128,112,128,16,123,69.78185,76.35654,231.8655,True,0.00087,True,0.088034,1.09422,0.32931,3.32272
ogbn-proteins,gcn,cold,132534,79122504,8,128,112,128,17,123,70.23126,74.12778,230.66995,True,0.00087,True,0.088034,1.05548,0.32136,3.28443
ogbn-proteins,gcn,cold,132534,79122504,8,128,112,128,18,123,70.09875,76.17369,231.82179,True,0.00087,True,0.088034,1.08666,0.32859,3.30707
ogbn-proteins,gcn,cold,132534,79122504,8,128,112,128,19,123,70.41179,73.30073,230.41879,True,0.00087,True,0.088034,1.04103,0.31812,3.27245
ogbn-proteins,gcn,cold,132534,79122504,8,128,112,128,20,123,69.68145,75.96856,231.66211,True,0.00087,True,0.088034,1.09023,0.32793,3.32459
ogbn-proteins,gcn,cold,132534,79122504,8,128,112,128,21,123,70.73735,74.27931,230.69184,True,0.00087,True,0.088034,1.05007,0.32198,3.26125
ogbn-proteins,gcn,cold,132534,79122504,8,128,112,128,22,123,69.27787,76.13334,232.03121,True,0.00087,True,0.088034,1.09896,0.32812,3.34928
ogbn-proteins,gcn,cold,132534,79122504,8,128,112,128,23,123,70.4272,74.31974,231.08791,True,0.00087,True,0.088034,1.05527,0.32161,3.28123
ogbn-proteins,gcn,cold,132534,79122504,8,128,112,128,24,123,69.82119,76.55835,231.87505,True,0.00087,True,0.088034,1.09649,0.33017,3.32098
ogbn-arxiv,gcn,cold,169343,1166243,128,128,40,128,0,123,13.48056,11.3669,17.38812,True,0.001144,True,0.020881,0.84321,0.65372,1.28987
ogbn-arxiv,gcn,cold,169343,1166243,128,128,40,128,1,123,13.62169,12.86016,17.75959,True,0.001144,True,0.020881,0.94409,0.72412,1.30377
ogbn-arxiv,gcn,cold,169343,1166243,128,128,40,128,2,123,13.57224,11.38709,17.37456,True,0.001144,True,0.020881,0.839,0.65539,1.28015
ogbn-arxiv,gcn,cold,169343,1166243,128,128,40,128,3,123,13.47811,11.98238,17.38135,True,0.001144,True,0.020881,0.88903,0.68938,1.2896
ogbn-arxiv,gcn,cold,169343,1166243,128,128,40,128,4,123,13.53876,11.58186,17.30757,True,0.001144,True,0.020881,0.85546,0.66918,1.27837
ogbn-arxiv,gcn,cold,169343,1166243,128,128,40,128,5,123,13.5462,11.39612,17.71557,True,0.001144,True,0.020881,0.84128,0.64328,1.30779
ogbn-arxiv,gcn,cold,169343,1166243,128,128,40,128,6,123,13.43369,11.40718,17.3535,True,0.001144,True,0.020881,0.84915,0.65734,1.29179
ogbn-arxiv,gcn,cold,169343,1166243,128,128,40,128,7,123,13.52365,12.46747,17.33401,True,0.001144,True,0.020881,0.9219,0.71925,1.28176
ogbn-arxiv,gcn,cold,169343,1166243,128,128,40,128,8,123,13.61313,11.38815,17.29534,True,0.001144,True,0.020881,0.83656,0.65845,1.27049
ogbn-arxiv,gcn,cold,169343,1166243,128,128,40,128,9,123,13.47722,11.41138,17.95304,True,0.001144,True,0.020881,0.84672,0.63562,1.3321
ogbn-arxiv,gcn,cold,169343,1166243,128,128,40,128,10,123,13.46115,11.41652,17.52509,True,0.001144,True,0.020881,0.84811,0.65144,1.3019
ogbn-arxiv,gcn,cold,169343,1166243,128,128,40,128,11,123,13.4952,12.96321,17.61105,True,0.001144,True,0.020881,0.96058,0.73608,1.30499
ogbn-arxiv,gcn,cold,169343,1166243,128,128,40,128,12,123,13.57484,11.39442,17.52276,True,0.001144,True,0.020881,0.83938,0.65026,1.29083
ogbn-arxiv,gcn,cold,169343,1166243,128,128,40,128,13,123,13.51574,11.40026,17.39427,True,0.001144,True,0.020881,0.84348,0.6554,1.28696
ogbn-arxiv,gcn,cold,169343,1166243,128,128,40,128,14,123,13.54791,11.38969,17.3759,True,0.001144,True,0.020881,0.8407,0.65549,1.28255
ogbn-arxiv,gcn,cold,169343,1166243,128,128,40,128,15,123,13.52077,11.96741,17.30725,True,0.001144,True,0.020881,0.88511,0.69147,1.28005
ogbn-arxiv,gcn,cold,169343,1166243,128,128,40,128,16,123,13.54668,11.36443,17.40745,True,0.001144,True,0.020881,0.83891,0.65285,1.285
ogbn-arxiv,gcn,cold,169343,1166243,128,128,40,128,17,123,13.53172,12.33786,17.88152,True,0.001144,True,0.020881,0.91177,0.68998,1.32145
ogbn-arxiv,gcn,cold,169343,1166243,128,128,40,128,18,123,13.51928,11.3891,17.54376,True,0.001144,True,0.020881,0.84243,0.64918,1.29768
ogbn-arxiv,gcn,cold,169343,1166243,128,128,40,128,19,123,13.54804,13.31217,18.09253,True,0.001144,True,0.020881,0.98259,0.73578,1.33544
ogbn-arxiv,gcn,cold,169343,1166243,128,128,40,128,20,123,13.63442,11.59449,17.33891,True,0.001144,True,0.020881,0.85038,0.6687,1.2717
ogbn-arxiv,gcn,cold,169343,1166243,128,128,40,128,21,123,13.47415,12.34275,17.5429,True,0.001144,True,0.020881,0.91603,0.70358,1.30197
ogbn-arxiv,gcn,cold,169343,1166243,128,128,40,128,22,123,13.63415,11.39305,17.41104,True,0.001144,True,0.020881,0.83563,0.65436,1.27702
ogbn-arxiv,gcn,cold,169343,1166243,128,128,40,128,23,123,13.66663,11.36642,17.40614,True,0.001144,True,0.020881,0.83169,0.65301,1.27362
ogbn-arxiv,gcn,cold,169343,1166243,128,128,40,128,24,123,13.55829,11.4123,17.3146,True,0.001144,True,0.020881,0.84172,0.65911,1.27705
PPI,gcn,cold,1767,32318,50,128,121,128,0,123,1.62017,7.73808,2.76558,True,3.4e-05,True,0.016912,4.77609,2.798,1.70697
PPI,gcn,cold,1767,32318,50,128,121,128,1,123,1.22863,6.02153,1.78714,True,3.4e-05,True,0.016912,4.90101,3.36937,1.45458
PPI,gcn,cold,1767,32318,50,128,121,128,2,123,1.16595,6.32332,2.62452,True,3.4e-05,True,0.016912,5.42332,2.40932,2.25097
PPI,gcn,cold,1767,32318,50,128,121,128,3,123,1.61272,7.59685,2.35355,True,3.4e-05,True,0.016912,4.71058,3.22783,1.45937
PPI,gcn,cold,1767,32318,50,128,121,128,4,123,1.33813,7.58853,2.97062,True,3.4e-05,True,0.016912,5.671,2.55453,2.21998
PPI,gcn,cold,1767,32318,50,128,121,128,5,123,1.28395,6.49978,2.78591,True,3.4e-05,True,0.016912,5.06233,2.33309,2.1698
PPI,gcn,cold,1767,32318,50,128,121,128,6,123,1.19145,7.37142,2.36617,True,3.4e-05,True,0.016912,6.18693,3.11534,1.98596
PPI,gcn,cold,1767,32318,50,128,121,128,7,123,1.86982,7.21478,2.35383,True,3.4e-05,True,0.016912,3.85854,3.06512,1.25885
PPI,gcn,cold,1767,32318,50,128,121,128,8,123,1.63308,8.06798,2.5948,True,3.4e-05,True,0.016912,4.94035,3.10929,1.5889
PPI,gcn,cold,1767,32318,50,128,121,128,9,123,1.36141,7.60953,2.46889,True,3.4e-05,True,0.016912,5.58945,3.08217,1.81348
PPI,gcn,cold,1767,32318,50,128,121,128,10,123,1.36158,7.19725,2.3802,True,3.4e-05,True,0.016912,5.28595,3.0238,1.74812
PPI,gcn,cold,1767,32318,50,128,121,128,11,123,1.49218,6.97947,2.39696,True,3.4e-05,True,0.016912,4.67736,2.9118,1.60635
PPI,gcn,cold,1767,32318,50,128,121,128,12,123,1.44778,7.92994,2.93201,True,3.4e-05,True,0.016912,5.47731,2.70461,2.02518
PPI,gcn,cold,1767,32318,50,128,121,128,13,123,1.45898,8.37307,2.86907,True,3.4e-05,True,0.016912,5.73899,2.91839,1.96649
PPI,gcn,cold,1767,32318,50,128,121,128,14,123,1.37684,8.05712,3.12281,True,3.4e-05,True,0.016912,5.85189,2.58009,2.2681
PPI,gcn,cold,1767,32318,50,128,121,128,15,123,1.97846,8.54168,3.03161,True,3.4e-05,True,0.016912,4.31734,2.81754,1.53231
PPI,gcn,cold,1767,32318,50,128,121,128,16,123,1.60201,7.84331,2.60077,True,3.4e-05,True,0.016912,4.89592,3.01576,1.62344
PPI,gcn,cold,1767,32318,50,128,121,128,17,123,1.24906,7.48526,2.65101,True,3.4e-05,True,0.016912,5.99271,2.82355,2.1224
PPI,gcn,cold,1767,32318,50,128,121,128,18,123,1.1952,7.25168,2.61425,True,3.4e-05,True,0.016912,6.06734,2.7739,2.18729
PPI,gcn,cold,1767,32318,50,128,121,128,19,123,1.3853,7.60876,2.53665,True,3.4e-05,True,0.016912,5.4925,2.99953,1.83112
PPI,gcn,cold,1767,32318,50,128,121,128,20,123,1.37304,7.44946,2.56392,True,3.4e-05,True,0.016912,5.42552,2.9055,1.86733
PPI,gcn,cold,1767,32318,50,128,121,128,21,123,1.36651,6.60436,1.96035,True,3.4e-05,True,0.016912,4.83301,3.36897,1.43457
PPI,gcn,cold,1767,32318,50,128,121,128,22,123,1.30129,6.47694,2.34971,True,3.4e-05,True,0.016912,4.97732,2.75648,1.80568
PPI,gcn,cold,1767,32318,50,128,121,128,23,123,1.33825,6.92157,2.16174,True,3.4e-05,True,0.016912,5.17211,3.20185,1.61535
PPI,gcn,cold,1767,32318,50,128,121,128,24,123,1.30078,7.30851,2.77677,True,3.4e-05,True,0.016912,5.61856,2.63202,2.1347
amazon-photo,gcn,cold,7650,238162,745,128,8,128,0,123,1.38831,7.47375,2.86481,True,0.000168,True,0.037868,5.38334,2.60881,2.06352
amazon-photo,gcn,cold,7650,238162,745,128,8,128,1,123,1.57589,6.51626,2.15633,True,0.000168,True,0.037868,4.13497,3.02192,1.36833
amazon-photo,gcn,cold,7650,238162,745,128,8,128,2,123,1.49417,6.59392,2.70519,True,0.000168,True,0.037868,4.4131,2.43751,1.8105
amazon-photo,gcn,cold,7650,238162,745,128,8,128,3,123,1.81292,7.53977,2.56173,True,0.000168,True,0.037868,4.15891,2.94323,1.41304
amazon-photo,gcn,cold,7650,238162,745,128,8,128,4,123,1.58096,8.23349,2.81801,True,0.000168,True,0.037868,5.20791,2.92174,1.78247
amazon-photo,gcn,cold,7650,238162,745,128,8,128,5,123,1.40619,6.23582,3.05247,True,0.000168,True,0.037868,4.43455,2.04288,2.17074
amazon-photo,gcn,cold,7650,238162,745,128,8,128,6,123,1.40127,6.74073,2.86369,True,0.000168,True,0.037868,4.81044,2.35386,2.04364
amazon-photo,gcn,cold,7650,238162,745,128,8,128,7,123,1.35714,5.90532,2.1596,True,0.000168,True,0.037868,4.3513,2.73445,1.59129
amazon-photo,gcn,cold,7650,238162,745,128,8,128,8,123,1.37291,6.77305,2.61076,True,0.000168,True,0.037868,4.93335,2.59428,1.90163
amazon-photo,gcn,cold,7650,238162,745,128,8,128,9,123,1.61862,7.46306,2.45212,True,0.000168,True,0.037868,4.61075,3.04351,1.51494
amazon-photo,gcn,cold,7650,238162,745,128,8,128,10,123,1.41889,7.5783,2.83802,True,0.000168,True,0.037868,5.34101,2.67028,2.00017
amazon-photo,gcn,cold,7650,238162,745,128,8,128,11,123,1.45166,6.42954,2.19473,True,0.000168,True,0.037868,4.42909,2.92954,1.51188
amazon-photo,gcn,cold,7650,238162,745,128,8,128,12,123,1.452,6.33898,2.25701,True,0.000168,True,0.037868,4.36569,2.80857,1.55441
amazon-photo,gcn,cold,7650,238162,745,128,8,128,13,123,1.8275,7.34109,2.47269,True,0.000168,True,0.037868,4.01701,2.96887,1.35305
amazon-photo,gcn,cold,7650,238162,745,128,8,128,14,123,1.64132,8.35149,3.13537,True,0.000168,True,0.037868,5.08828,2.66364,1.91027
amazon-photo,gcn,cold,7650,238162,745,128,8,128,15,123,1.4072,8.91683,3.2161,True,0.000168,True,0.037868,6.33658,2.77256,2.28546
amazon-photo,gcn,cold,7650,238162,745,128,8,128,16,123,1.6066,9.00007,2.77135,True,0.000168,True,0.037868,5.60194,3.24754,1.72498
amazon-photo,gcn,cold,7650,238162,745,128,8,128,17,123,1.39751,7.7771,2.56553,True,0.000168,True,0.037868,5.56497,3.03138,1.83579
amazon-photo,gcn,cold,7650,238162,745,128,8,128,18,123,1.3599,6.19978,2.20278,True,0.000168,True,0.037868,4.559,2.81453,1.61981
amazon-photo,gcn,cold,7650,238162,745,128,8,128,19,123,1.3574,7.2979,2.33525,True,0.000168,True,0.037868,5.37638,3.1251,1.72038
amazon-photo,gcn,cold,7650,238162,745,128,8,128,20,123,1.35663,7.47934,2.75486,True,0.000168,True,0.037868,5.51318,2.71496,2.03066
amazon-photo,gcn,cold,7650,238162,745,128,8,128,21,123,1.41073,7.78569,2.52833,True,0.000168,True,0.037868,5.51891,3.07938,1.79221
amazon-photo,gcn,cold,7650,238162,745,128,8,128,22,123,1.36366,7.87539,2.82408,True,0.000168,True,0.037868,5.77519,2.78866,2.07096
amazon-photo,gcn,cold,7650,238162,745,128,8,128,23,123,1.46557,6.60603,2.23137,True,0.000168,True,0.037868,4.50748,2.96053,1.52253
amazon-photo,gcn,cold,7650,238162,745,128,8,128,24,123,1.35937,6.52314,2.71891,True,0.000168,True,0.037868,4.79865,2.39917,2.00013
amazon-computers,gcn,cold,13752,491722,767,128,10,128,0,123,2.25822,7.85333,3.5789,True,0.000366,True,0.054699,3.47766,2.19434,1.58483
amazon-computers,gcn,cold,13752,491722,767,128,10,128,1,123,2.24067,6.00438,3.53774,True,0.000366,True,0.054699,2.67973,1.69724,1.57888
amazon-computers,gcn,cold,13752,491722,767,128,10,128,2,123,2.92674,5.39605,3.47763,True,0.000366,True,0.054699,1.84371,1.55165,1.18823
amazon-computers,gcn,cold,13752,491722,767,128,10,128,3,123,2.59991,6.11752,3.51976,True,0.000366,True,0.054699,2.35297,1.73805,1.3538
amazon-computers,gcn,cold,13752,491722,767,128,10,128,4,123,2.29614,5.97483,3.76734,True,0.000366,True,0.054699,2.60212,1.58595,1.64073
amazon-computers,gcn,cold,13752,491722,767,128,10,128,5,123,2.28482,6.95369,3.57518,True,0.000366,True,0.054699,3.04343,1.94499,1.56475
amazon-computers,gcn,cold,13752,491722,767,128,10,128,6,123,2.29467,8.06961,3.64589,True,0.000366,True,0.054699,3.51668,2.21334,1.58885
amazon-computers,gcn,cold,13752,491722,767,128,10,128,7,123,2.2598,7.26892,3.67565,True,0.000366,True,0.054699,3.21662,1.97759,1.62654
amazon-computers,gcn,cold,13752,491722,767,128,10,128,8,123,2.31362,7.84789,3.64619,True,0.000366,True,0.054699,3.39204,2.15235,1.57597
amazon-computers,gcn,cold,13752,491722,767,128,10,128,9,123,2.29939,8.584,3.78333,True,0.000366,True,0.054699,3.73316,2.2689,1.64536
amazon-computers,gcn,cold,13752,491722,767,128,10,128,10,123,2.28432,8.3014,3.61483,True,0.000366,True,0.054699,3.63408,2.29648,1.58245
amazon-computers,gcn,cold,13752,491722,767,128,10,128,11,123,2.29821,8.02438,3.74707,True,0.000366,True,0.054699,3.49158,2.14151,1.63043
amazon-computers,gcn,cold,13752,491722,767,128,10,128,12,123,2.29333,6.75531,3.91695,True,0.000366,True,0.054699,2.94563,1.72464,1.70797
amazon-computers,gcn,cold,13752,491722,767,128,10,128,13,123,2.28575,8.60626,3.9183,True,0.000366,True,0.054699,3.76518,2.19643,1.71423
amazon-computers,gcn,cold,13752,491722,767,128,10,128,14,123,2.2717,8.29068,3.98498,True,0.000366,True,0.054699,3.64955,2.08048,1.75418
amazon-computers,gcn,cold,13752,491722,767,128,10,128,15,123,2.40065,9.04436,4.00161,True,0.000366,True,0.054699,3.76746,2.26018,1.66689
amazon-computers,gcn,cold,13752,491722,767,128,10,128,16,123,2.43949,8.1268,3.70035,True,0.000366,True,0.054699,3.33135,2.19622,1.51685
amazon-computers,gcn,cold,13752,491722,767,128,10,128,17,123,2.30954,8.06541,3.73508,True,0.000366,True,0.054699,3.49221,2.15937,1.61724
amazon-computers,gcn,cold,13752,491722,767,128,10,128,18,123,2.32001,8.38587,4.03819,True,0.000366,True,0.054699,3.61458,2.07664,1.74059
amazon-computers,gcn,cold,13752,491722,767,128,10,128,19,123,2.46986,8.72581,4.04002,True,0.000366,True,0.054699,3.53292,2.15984,1.63573
amazon-computers,gcn,cold,13752,491722,767,128,10,128,20,123,2.29269,8.21892,3.91256,True,0.000366,True,0.054699,3.58484,2.10065,1.70654
amazon-computers,gcn,cold,13752,491722,767,128,10,128,21,123,2.32075,6.59247,3.90984,True,0.000366,True,0.054699,2.84066,1.68612,1.68473
amazon-computers,gcn,cold,13752,491722,767,128,10,128,22,123,2.3631,7.80503,3.87381,True,0.000366,True,0.054699,3.30288,2.01482,1.63929
amazon-computers,gcn,cold,13752,491722,767,128,10,128,23,123,2.42332,7.42839,3.94027,True,0.000366,True,0.054699,3.06538,1.88525,1.62598
amazon-computers,gcn,cold,13752,491722,767,128,10,128,24,123,2.31053,7.52813,3.89544,True,0.000366,True,0.054699,3.25818,1.93255,1.68595
Cora,gcn,cold,2708,10556,1433,128,7,128,0,123,1.12992,5.45272,1.88553,True,2.3e-05,True,0.012961,4.82576,2.89188,1.66873
Cora,gcn,cold,2708,10556,1433,128,7,128,1,123,1.19535,5.74535,1.86293,True,2.3e-05,True,0.012961,4.80642,3.08404,1.55848
Cora,gcn,cold,2708,10556,1433,128,7,128,2,123,1.14028,5.85974,2.15145,True,2.3e-05,True,0.012961,5.13886,2.72362,1.88677
Cora,gcn,cold,2708,10556,1433,128,7,128,3,123,1.18778,5.60378,2.06374,True,2.3e-05,True,0.012961,4.71786,2.71535,1.73748
Cora,gcn,cold,2708,10556,1433,128,7,128,4,123,1.14916,5.75992,1.83659,True,2.3e-05,True,0.012961,5.01229,3.1362,1.5982
Cora,gcn,cold,2708,10556,1433,128,7,128,5,123,1.15825,5.71982,1.85995,True,2.3e-05,True,0.012961,4.93833,3.07525,1.60583
Cora,gcn,cold,2708,10556,1433,128,7,128,6,123,1.15053,5.89358,2.07349,True,2.3e-05,True,0.012961,5.12249,2.84235,1.8022
Cora,gcn,cold,2708,10556,1433,128,7,128,7,123,1.3454,6.94315,2.19082,True,2.3e-05,True,0.012961,5.16066,3.1692,1.62838
Cora,gcn,cold,2708,10556,1433,128,7,128,8,123,1.29052,5.9314,1.90978,True,2.3e-05,True,0.012961,4.59613,3.1058,1.47985
Cora,gcn,cold,2708,10556,1433,128,7,128,9,123,1.19082,5.89969,1.86866,True,2.3e-05,True,0.012961,4.95431,3.15718,1.56922
Cora,gcn,cold,2708,10556,1433,128,7,128,10,123,1.1321,5.77851,2.21,True,2.3e-05,True,0.012961,5.10424,2.61471,1.95212
Cora,gcn,cold,2708,10556,1433,128,7,128,11,123,1.25775,6.22034,2.05111,True,2.3e-05,True,0.012961,4.94561,3.03267,1.63078
Cora,gcn,cold,2708,10556,1433,128,7,128,12,123,1.20765,6.72199,2.21749,True,2.3e-05,True,0.012961,5.56617,3.03135,1.8362
Cora,gcn,cold,2708,10556,1433,128,7,128,13,123,1.5527,5.88914,2.29956,True,2.3e-05,True,0.012961,3.79284,2.56099,1.48101
Cora,gcn,cold,2708,10556,1433,128,7,128,14,123,1.2662,5.87568,1.88218,True,2.3e-05,True,0.012961,4.6404,3.12174,1.48648
Cora,gcn,cold,2708,10556,1433,128,7,128,15,123,1.41654,6.01102,1.82882,True,2.3e-05,True,0.012961,4.24345,3.28683,1.29105
Cora,gcn,cold,2708,10556,1433,128,7,128,16,123,1.27812,6.20907,2.13472,True,2.3e-05,True,0.012961,4.85797,2.90861,1.6702
Cora,gcn,cold,2708,10556,1433,128,7,128,17,123,1.50093,6.95806,2.25745,True,2.3e-05,True,0.012961,4.63583,3.08227,1.50403
Cora,gcn,cold,2708,10556,1433,128,7,128,18,123,1.20078,6.28607,2.51602,True,2.3e-05,True,0.012961,5.23499,2.49842,2.09532
Cora,gcn,cold,2708,10556,1433,128,7,128,19,123,1.4392,6.07778,1.96507,True,2.3e-05,True,0.012961,4.22303,3.09291,1.36539
Cora,gcn,cold,2708,10556,1433,128,7,128,20,123,1.35049,7.14471,2.50331,True,2.3e-05,True,0.012961,5.29046,2.85411,1.85363
Cora,gcn,cold,2708,10556,1433,128,7,128,21,123,1.74107,8.14985,2.455,True,2.3e-05,True,0.012961,4.68094,3.31969,1.41005
Cora,gcn,cold,2708,10556,1433,128,7,128,22,123,1.5164,6.99227,2.4887,True,2.3e-05,True,0.012961,4.6111,2.80961,1.64119
Cora,gcn,cold,2708,10556,1433,128,7,128,23,123,1.48683,6.02264,1.9318,True,2.3e-05,True,0.012961,4.05066,3.11763,1.29927
Cora,gcn,cold,2708,10556,1433,128,7,128,24,123,1.2429,6.09219,2.3557,True,2.3e-05,True,0.012961,4.90159,2.58615,1.89533
CiteSeer,gcn,cold,3327,9104,3703,128,6,128,0,123,1.46563,6.26884,2.09412,True,1.3e-05,True,0.00995,4.27723,2.99354,1.42882
CiteSeer,gcn,cold,3327,9104,3703,128,6,128,1,123,1.51822,6.17838,2.06353,True,1.3e-05,True,0.00995,4.06949,2.99408,1.35918
CiteSeer,gcn,cold,3327,9104,3703,128,6,128,2,123,1.23268,6.18796,2.46664,True,1.3e-05,True,0.00995,5.01992,2.50866,2.00104
CiteSeer,gcn,cold,3327,9104,3703,128,6,128,3,123,1.55626,6.826,2.31471,True,1.3e-05,True,0.00995,4.38616,2.94897,1.48735
CiteSeer,gcn,cold,3327,9104,3703,128,6,128,4,123,1.42531,7.80716,2.27981,True,1.3e-05,True,0.00995,5.47752,3.42448,1.59952
CiteSeer,gcn,cold,3327,9104,3703,128,6,128,5,123,1.74344,6.30254,2.14368,True,1.3e-05,True,0.00995,3.615,2.94006,1.22957
CiteSeer,gcn,cold,3327,9104,3703,128,6,128,6,123,2.36625,6.28276,2.60311,True,1.3e-05,True,0.00995,2.65515,2.41356,1.1001
CiteSeer,gcn,cold,3327,9104,3703,128,6,128,7,123,1.56784,7.54117,2.49507,True,1.3e-05,True,0.00995,4.80991,3.02243,1.59141
CiteSeer,gcn,cold,3327,9104,3703,128,6,128,8,123,1.63254,7.94607,2.70006,True,1.3e-05,True,0.00995,4.8673,2.94292,1.6539
CiteSeer,gcn,cold,3327,9104,3703,128,6,128,9,123,1.20991,6.59791,3.12369,True,1.3e-05,True,0.00995,5.45322,2.11222,2.58175
CiteSeer,gcn,cold,3327,9104,3703,128,6,128,10,123,1.18448,6.16459,2.22798,True,1.3e-05,True,0.00995,5.20447,2.7669,1.88098
CiteSeer,gcn,cold,3327,9104,3703,128,6,128,11,123,1.4112,6.49043,2.08924,True,1.3e-05,True,0.00995,4.59923,3.1066,1.48047
CiteSeer,gcn,cold,3327,9104,3703,128,6,128,12,123,1.31619,7.35872,2.50765,True,1.3e-05,True,0.00995,5.59093,2.93451,1.90523
CiteSeer,gcn,cold,3327,9104,3703,128,6,128,13,123,1.47541,6.71325,2.17828,True,1.3e-05,True,0.00995,4.55009,3.0819,1.47639
CiteSeer,gcn,cold,3327,9104,3703,128,6,128,14,123,1.30394,6.13638,2.14819,True,1.3e-05,True,0.00995,4.70603,2.85654,1.64746
CiteSeer,gcn,cold,3327,9104,3703,128,6,128,15,123,1.43993,6.43497,2.04078,True,1.3e-05,True,0.00995,4.46895,3.15319,1.41728
CiteSeer,gcn,cold,3327,9104,3703,128,6,128,16,123,1.34098,6.68038,2.65331,True,1.3e-05,True,0.00995,4.98171,2.51775,1.97864
CiteSeer,gcn,cold,3327,9104,3703,128,6,128,17,123,1.28356,7.19422,2.48724,True,1.3e-05,True,0.00995,5.6049,2.89245,1.93777
CiteSeer,gcn,cold,3327,9104,3703,128,6,128,18,123,1.2122,6.16392,2.73741,True,1.3e-05,True,0.00995,5.0849,2.25173,2.25822
CiteSeer,gcn,cold,3327,9104,3703,128,6,128,19,123,1.57023,6.24023,2.23338,True,1.3e-05,True,0.00995,3.97409,2.79407,1.42233
CiteSeer,gcn,cold,3327,9104,3703,128,6,128,20,123,1.35988,7.25331,2.64077,True,1.3e-05,True,0.00995,5.33379,2.74666,1.94191
CiteSeer,gcn,cold,3327,9104,3703,128,6,128,21,123,1.46383,6.50434,2.36427,True,1.3e-05,True,0.00995,4.44337,2.7511,1.61513
CiteSeer,gcn,cold,3327,9104,3703,128,6,128,22,123,1.26331,6.21285,2.67855,True,1.3e-05,True,0.00995,4.91791,2.31948,2.12026
CiteSeer,gcn,cold,3327,9104,3703,128,6,128,23,123,1.36929,6.35424,2.09044,True,1.3e-05,True,0.00995,4.64054,3.03967,1.52666
CiteSeer,gcn,cold,3327,9104,3703,128,6,128,24,123,1.22913,6.05505,2.46439,True,1.3e-05,True,0.00995,4.92629,2.45702,2.00499
