backend,dataset,hidden_dim,in_dim,max_step_sec,mean_step_sec,min_step_sec,nnz,num_nodes,out_dim,router_backward_hidden,router_backward_out,router_forward_hidden,router_forward_out,speedup_vs_cusparse,std_step_sec,timed_steps,warmup_steps
router,Reddit,128,602,0.1764596679713577,0.17606432157102972,0.17543844389729202,114615892,232965,41,TC_DIRECT,TC_DIRECT,TC_DIRECT,TC_DIRECT,0.9967706805495972,0.0002084319040215816,100,20
cusparse,Reddit,128,602,0.17670508893206716,0.1754957536328584,0.17503384896554053,114615892,232965,41,,,,,1.0,0.0002902757748811247,100,20
tc_direct,Reddit,128,602,0.17708317399956286,0.17640159670496358,0.1757227738853544,114615892,232965,41,,,,,0.9948648816732639,0.0002295860535228161,100,20
pyg,Reddit,128,602,0.3538213160354644,0.3522630068543367,0.3515145219862461,114615892,232965,41,,,,,0.4981952411069584,0.0005192431066629707,100,20
router,ogbn-proteins,128,8,0.07177159911952913,0.07080529750324786,0.06957338191568851,79122504,132534,112,TC_DIRECT,TC_DIRECT,TC_DIRECT,TC_DIRECT,1.1275675791748834,0.00048036314608979687,100,20
cusparse,ogbn-proteins,128,8,0.08078112197108567,0.07983775789849461,0.07838107994757593,79122504,132534,112,,,,,1.0,0.0004163407661982586,100,20
tc_direct,ogbn-proteins,128,8,0.07163238292559981,0.07059805469820275,0.06967987609095871,79122504,132534,112,,,,,1.130877589188404,0.0004330793991726645,100,20
pyg,ogbn-proteins,128,8,0.1605451419018209,0.1597273252857849,0.15878316690213978,79122504,132534,112,,,,,0.4998378189558268,0.00043970973813423395,100,20
router,ogbn-arxiv,128,128,0.015119827119633555,0.014932357193902134,0.014491576934233308,1166243,169343,40,TC_DIRECT,TC_DIRECT,COMMUNITY_TC,COMMUNITY_TC,1.0417696779107717,0.00012555224404587015,100,20
cusparse,ogbn-arxiv,128,128,0.016555566806346178,0.01555607694434002,0.013921822886914015,1166243,169343,40,,,,,1.0,0.0007241016482226753,100,20
tc_direct,ogbn-arxiv,128,128,0.01525534805841744,0.015011631606612355,0.014489544089883566,1166243,169343,40,,,,,1.0362682319947052,0.00017918812521916676,100,20
pyg,ogbn-arxiv,128,128,0.016183348838239908,0.016106973993591966,0.016013931017369032,1166243,169343,40,,,,,0.9657976073301467,3.947561304405359e-05,100,20
router,Flickr,128,500,0.008118993835523725,0.0077201993437483905,0.007443279959261417,899756,89250,7,ZERO_OVERHEAD_CSR,CSR_DIRECT,ZERO_OVERHEAD_CSR,CSR_DIRECT,1.4789348497479056,0.00019096408668233312,100,20
cusparse,Flickr,128,500,0.01253933785483241,0.011417671856470406,0.009206041926518083,899756,89250,7,,,,,1.0,0.0007304991077112933,100,20
tc_direct,Flickr,128,500,0.007348835002630949,0.00695826539536938,0.006752584129571915,899756,89250,7,,,,,1.640879042076879,0.00013791211654960595,100,20
pyg,Flickr,128,500,0.008265919052064419,0.008201605011709034,0.008143712067976594,899756,89250,7,,,,,1.3921265215979006,2.49008070955907e-05,100,20
router,PPI,128,50,0.0018500080332159996,0.0017257705447264015,0.0016316708642989397,32318,1767,121,TC_DIRECT,TC_DIRECT,TC_DIRECT,TC_DIRECT,4.953343341120503,6.657271319749146e-05,100,20
cusparse,PPI,128,50,0.010708717163652182,0.008548334036022424,0.006177415838465095,32318,1767,121,,,,,1.0,0.0012750011416164928,100,20
tc_direct,PPI,128,50,0.0017729790415614843,0.0014723270502872766,0.0012373770587146282,32318,1767,121,,,,,5.806002161241618,0.00021516660460191815,100,20
pyg,PPI,128,50,0.0013856689911335707,0.00108446215512231,0.0010615019127726555,32318,1767,121,,,,,7.882556339698464,3.4107241389882465e-05,100,20
router,amazon-photo,128,745,0.0022139830980449915,0.0019292494724504649,0.001742867985740304,238162,7650,8,SEGMENT_HYBRID,CSR_DIRECT,SEGMENT_HYBRID,CSR_DIRECT,3.4938528282246226,0.0001460025475103547,100,20
cusparse,amazon-photo,128,745,0.008799463044852018,0.006740513725671918,0.006085054948925972,238162,7650,8,,,,,1.0,0.000547936570781833,100,20
tc_direct,amazon-photo,128,745,0.0024188989773392677,0.0016747493413276971,0.0015409460756927729,238162,7650,8,,,,,4.024789596470727,0.00013890399169208732,100,20
pyg,amazon-photo,128,745,0.0017526280134916306,0.0015740767680108548,0.0013191949110478163,238162,7650,8,,,,,4.282201391098503,0.000170405163721876,100,20
router,amazon-computers,128,767,0.002976172138005495,0.00276388396974653,0.0026145230513066053,491722,13752,10,SEGMENT_HYBRID,CSR_DIRECT,SEGMENT_HYBRID,CSR_DIRECT,2.837677712648112,0.00010237449458902538,100,20
cusparse,amazon-computers,128,767,0.01051559904590249,0.007843011941295117,0.006493227789178491,491722,13752,10,,,,,1.0,0.0009139281972007668,100,20
tc_direct,amazon-computers,128,767,0.0025589438155293465,0.002293501265812665,0.0022119050845503807,491722,13752,10,,,,,3.4196675878075316,8.870673707443571e-05,100,20
pyg,amazon-computers,128,767,0.0027744160033762455,0.0027320529241114857,0.0026847729459404945,491722,13752,10,,,,,2.870739388712907,1.9036049842188457e-05,100,20
router,Cora,128,1433,0.0016414681449532509,0.0014209840283729135,0.0011766680981963873,10556,2708,7,TC_DIRECT,CSR_DIRECT,TC_DIRECT,CSR_DIRECT,5.114801203332758,0.00018249973940027224,100,20
cusparse,Cora,128,1433,0.009413921041414142,0.0072680508182384074,0.005873766029253602,10556,2708,7,,,,,1.0,0.0007975802231807146,100,20
tc_direct,Cora,128,1433,0.001550094923004508,0.0013734775641933083,0.001131697092205286,10556,2708,7,,,,,5.2917142643732875,0.00018022580859379804,100,20
pyg,Cora,128,1433,0.0016111889854073524,0.0014437878876924514,0.0011266248766332865,10556,2708,7,,,,,5.034015647447108,0.00019430526044899663,100,20
router,CiteSeer,128,3703,0.0017223029863089323,0.0015995894372463227,0.001283152960240841,9104,3327,6,TC_DIRECT,CSR_DIRECT,TC_DIRECT,CSR_DIRECT,5.570097861653878,0.00016260719240015334,100,20
cusparse,CiteSeer,128,3703,0.010755221825093031,0.008909869703929872,0.006493513006716967,9104,3327,6,,,,,1.0,0.0012245880800250129,100,20
tc_direct,CiteSeer,128,3703,0.0018096151761710644,0.0017365814675576986,0.001635336084291339,9104,3327,6,,,,,5.1306949143368294,5.610163811338901e-05,100,20
pyg,CiteSeer,128,3703,0.0017269670497626066,0.0016233351454138757,0.0015757379587739706,9104,3327,6,,,,,5.488619974194094,5.188135633031904e-05,100,20
