backend,cold_exec_ms,correct,dataset,hard_fail,hidden_dim,in_dim,max_error,max_step_sec,mean_step_sec,min_step_sec,ms_cold,ms_warm,nnz,num_nodes,out_dim,preprocess_ms,router_backward_hidden,router_backward_in,router_forward_hidden,router_forward_in,soft_fail,speedup_vs_cusparse_cold,speedup_vs_cusparse_warm,std_step_sec,timed_steps,tolerance,warmup_steps
router,212.65909692738205,True,Reddit,False,128,602,0.003964424133300781,0.15456204395741224,0.1535078043676913,0.1529320100089535,3761.3973459228873,153.50780436769128,114615892,232965,41,3548.7382489955053,COMMUNITY_TC,COMMUNITY_TC,COMMUNITY_TC,COMMUNITY_TC,False,0.11989305393653217,2.8503040585795936,0.00036946856586824475,100,1.471631747415093,20
cusparse,444.404533947818,True,Reddit,False,128,602,1.811981201171875e-05,0.4377179139992222,0.43754391781287266,0.43738648598082364,450.9654148714617,437.5439178128727,114615892,232965,41,6.560880923643708,,,,,False,1.0,1.0,7.991665476342121e-05,100,0.1471631747415093,20
tc_direct,296.10569099895656,True,Reddit,False,128,602,0.0038652420043945312,0.2956816309597343,0.29524074533721434,0.29477404803037643,2240.417490946129,295.2407453372143,114615892,232965,41,1944.3117999471724,,,,,False,0.2012863302013496,1.481990290036439,0.00019166197232576643,100,1.471631747415093,20
tc_direct_tf32,742.9547770880163,True,Reddit,False,128,602,0.004176139831542969,0.7427057080203667,0.7409716966236011,0.7391146890586242,2697.3713010083884,740.971696623601,114615892,232965,41,1954.4165239203721,,,,,False,0.16718699969220857,0.5905001767363542,0.0007822603105286859,100,1.471631747415093,20
pyg,910.8537819702178,True,Reddit,False,128,602,5.9604644775390625e-05,0.8429776499979198,0.8406029348925221,0.8392671970650554,958.4177529904991,840.6029348925222,114615892,232965,41,47.563971020281315,,,,,False,0.47053115769646237,0.5205120035285342,0.0007651621977747493,100,0.1471631747415093,20
router,26.633602916263044,True,ogbn-proteins,False,128,8,0.003635406494140625,0.02657260501291603,0.026057446402264758,0.02572734304703772,1197.5367969134822,26.05744640226476,79122504,132534,112,1170.9031939972192,COMMUNITY_TC,CSR_DIRECT,COMMUNITY_TC,CSR_DIRECT,False,0.04722382244787684,1.9703623815798823,0.00017828458557318837,100,0.8803408430829506,20
cusparse,50.50783499609679,True,ogbn-proteins,False,128,8,4.76837158203125e-06,0.05210463597904891,0.05134261215105653,0.05074165901169181,56.552265072241426,51.34261215105653,79122504,132534,112,6.044430076144636,,,,,False,1.0,1.0,0.00041439760114125504,100,0.08803408430829505,20
tc_direct,27.078142040409148,True,ogbn-proteins,False,128,8,0.0036363601684570312,0.02894575090613216,0.02849311628844589,0.028104249970056117,1368.8302880618721,28.49311628844589,79122504,132534,112,1341.752146021463,,,,,False,0.0413142999285279,1.8019303901790564,0.00022144598633010702,100,0.8803408430829506,20
tc_direct_tf32,35.586823942139745,True,ogbn-proteins,False,128,8,0.003627777099609375,0.03952252701856196,0.039094345460180195,0.0384876310126856,1328.6892489995807,39.09434546018019,79122504,132534,112,1293.102425057441,,,,,False,0.042562446497419706,1.3133002112377579,0.00020151582134865628,100,0.8803408430829506,20
pyg,131.69499207288027,True,ogbn-proteins,False,128,8,1.049041748046875e-05,0.09123584302142262,0.09076158278621733,0.09035971597768366,174.3285320699215,90.76158278621733,79122504,132534,112,42.633539997041225,,,,,False,0.3244005120719932,0.5656866107325444,0.0002845043095586819,100,0.08803408430829505,20
router,11.904394021257758,True,ogbn-arxiv,False,128,128,0.0019078254699707031,0.011611548019573092,0.011563775101676584,0.01154290302656591,29.32649210561067,11.563775101676583,1166243,169343,40,17.42209808435291,ZERO_OVERHEAD_CSR,ZERO_OVERHEAD_CSR,TC_DIRECT,TC_DIRECT,False,0.4906979998451765,1.0355532941921597,1.3823934183793845e-05,100,0.208806130178211,20
cusparse,12.075340957380831,True,ogbn-arxiv,False,128,128,2.6702880859375e-05,0.012012908002361655,0.011974905399838462,0.011957444017753005,14.390451018698514,11.974905399838462,1166243,169343,40,2.3151100613176823,,,,,False,1.0,1.0,8.98099831255523e-06,100,0.11469524837585905,20
tc_direct,12.347731972113252,True,ogbn-arxiv,False,128,128,0.010361671447753906,0.011627409956417978,0.011572725110454485,0.011542833060957491,90.76305397320539,11.572725110454485,1166243,169343,40,78.41532200109214,,,,,False,0.15854965637170815,1.0347524274140634,1.9226952339075064e-05,100,1.1469524837585905,20
tc_direct_tf32,12.078891042619944,True,ogbn-arxiv,False,128,128,0.010930061340332031,0.011924328049644828,0.011888504256494343,0.011858787969686091,39.525368018075824,11.888504256494343,1166243,169343,40,27.44647697545588,,,,,False,0.36408139228754155,1.007267621012704,1.6571451345947773e-05,100,1.1469524837585905,20
pyg,17.91634608525783,True,ogbn-arxiv,False,128,128,0.0001049041748046875,0.017433985020034015,0.0171275209041778,0.01704832597170025,18.742903135716915,17.1275209041778,1166243,169343,40,0.8265570504590869,,,,,False,0.7677813257902258,0.6991616280507651,4.441932696171258e-05,100,0.11469524837585905,20
router,2.4439069675281644,True,PPI,False,128,50,0.0017735958099365234,0.0021608839742839336,0.0014444652188103646,0.0011541510466486216,9.2980379704386,1.4444652188103646,32318,1767,121,6.854131002910435,TC_DIRECT,TC_DIRECT,TC_DIRECT,TC_DIRECT,False,0.6660135181951347,0.7919987978589461,0.0002451835503650099,100,0.16911534525287764,20
cusparse,2.287826035171747,True,PPI,False,128,50,7.152557373046875e-07,0.0015640499768778682,0.0011440147168468684,0.001027969061397016,6.192618981003761,1.1440147168468684,32318,1767,121,3.904792945832014,,,,,False,1.0,1.0,0.0001620621466971758,100,0.016911534525287764,20
tc_direct,2.071016002446413,True,PPI,False,128,50,0.0017734766006469727,0.0012147310189902782,0.0011807116284035146,0.0011634520487859845,11.961622047238052,1.1807116284035146,32318,1767,121,9.890606044791639,,,,,False,0.5177072939228707,0.9689196661793994,1.080909561115645e-05,100,0.16911534525287764,20
tc_direct_tf32,1.57801597379148,True,PPI,False,128,50,0.001772761344909668,0.001879967050626874,0.0013746788050048053,0.0011260849423706532,3.479352919384837,1.3746788050048053,32318,1767,121,1.901336945593357,,,,,False,1.77981915732154,0.8322051032443679,0.00020780116102486816,100,0.16911534525287764,20
pyg,2.701514051295817,True,PPI,False,128,50,4.291534423828125e-06,0.0018946549389511347,0.0017539881495758892,0.0016935491003096104,3.4369080094620585,1.753988149575889,32318,1767,121,0.7353939581662416,,,,,False,1.8017994557768289,0.6522362862733645,4.120125868328204e-05,100,0.016911534525287764,20
router,2.6031540473923087,True,amazon-photo,False,128,745,0.0027883052825927734,0.0013464409857988358,0.0013266595336608588,0.001320307026617229,37.353754974901676,1.3266595336608589,238162,7650,8,34.75060092750937,SEGMENT_HYBRID,COMMUNITY_TC,SEGMENT_HYBRID,COMMUNITY_TC,False,0.1620258034442706,1.0898109063541206,3.6842467980903716e-06,100,0.37868192457522976,20
cusparse,1.6689840704202652,True,amazon-photo,False,128,745,2.1457672119140625e-06,0.0024583180202171206,0.0014458080288022757,0.0013963530072942376,6.0522721614688635,1.4458080288022757,238162,7650,8,4.383288091048598,,,,,False,1.0,1.0,0.00011584303033460396,100,0.03786819245752297,20
tc_direct,1.9688790198415518,True,amazon-photo,False,128,745,0.002787470817565918,0.0014958760002627969,0.0013796192256268114,0.0013149610022082925,19.333288073539734,1.3796192256268114,238162,7650,8,17.364409053698182,,,,,False,0.31304929293182315,1.047976138593888,5.023097951074634e-05,100,0.37868192457522976,20
tc_direct_tf32,1.7258989391848445,True,amazon-photo,False,128,745,0.0027884244918823242,0.0015760930255055428,0.001499702838482335,0.0014736299635842443,8.649157942272723,1.4997028384823352,238162,7650,8,6.923259003087878,,,,,False,0.6997527622762453,0.9640630074858031,1.9737222910837308e-05,100,0.37868192457522976,20
pyg,2.9389889677986503,True,amazon-photo,False,128,745,1.049041748046875e-05,0.003481726977042854,0.002637413825141266,0.002587046939879656,3.647190984338522,2.637413825141266,238162,7650,8,0.7082020165398717,,,,,False,1.65943384578928,0.5481915712354449,8.638397836464421e-05,100,0.03786819245752297,20
router,2.831535995937884,True,amazon-computers,False,128,767,0.0026788711547851562,0.0027284020325168967,0.0023353230545762925,0.0023221670417115092,27.29480993002653,2.3353230545762926,491722,13752,10,24.463273934088647,SEGMENT_HYBRID,COMMUNITY_TC,SEGMENT_HYBRID,COMMUNITY_TC,False,0.25897737066579263,1.1000545441748837,3.9895569087086066e-05,100,0.5469917732470938,20
cusparse,2.4960520677268505,True,amazon-computers,False,128,767,3.814697265625e-06,0.002707746927626431,0.0025689827383030208,0.0025487829698249698,7.068738108500838,2.5689827383030206,491722,13752,10,4.572686040773988,,,,,False,1.0,1.0,1.625223511173461e-05,100,0.05469917732470938,20
tc_direct,2.9216629918664694,True,amazon-computers,False,128,767,0.0026798248291015625,0.0026200070278719068,0.0024433685815893114,0.002423058031126857,22.46418606955558,2.4433685815893114,491722,13752,10,19.54252307768911,,,,,False,0.31466700314064316,1.0514102365317322,3.2768300017188924e-05,100,0.5469917732470938,20
tc_direct_tf32,2.7455040253698826,True,amazon-computers,False,128,767,0.0026960372924804688,0.0028246049769222736,0.002800874497042969,0.002782140043564141,14.88856493961066,2.800874497042969,491722,13752,10,12.143060914240777,,,,,False,0.47477632244425616,0.9172073725599742,9.162943963710363e-06,100,0.5469917732470938,20
pyg,5.787056987173855,True,amazon-computers,False,128,767,1.811981201171875e-05,0.005375314969569445,0.005337018835125491,0.005291999084874988,6.454807939007878,5.337018835125491,491722,13752,10,0.667750951834023,,,,,False,1.0951120738671154,0.48135163424856364,1.702335502505387e-05,100,0.05469917732470938,20
router,2.1208029938861728,True,Cora,False,128,1433,0.003564119338989258,0.0010622909758239985,0.0009693472739309072,0.0009248279966413975,4.281681962311268,0.9693472739309072,10556,2708,7,2.160878968425095,TC_DIRECT_TF32,TC_DIRECT_TF32,TC_DIRECT_TF32,TC_DIRECT_TF32,False,1.3870810667546,1.0707750041310833,2.1800591827432667e-05,100,0.12961481396815722,20
cusparse,1.4835059409961104,True,Cora,False,128,1433,1.9073486328125e-06,0.0014183679595589638,0.0010379528312478214,0.0009263140382245183,5.9390399837866426,1.0379528312478215,10556,2708,7,4.455534042790532,,,,,False,1.0,1.0,0.00011062461324625491,100,0.012961481396815721,20
tc_direct,3.6543429596349597,True,Cora,False,128,1433,0.003564596176147461,0.0012146510416641831,0.000982457073405385,0.0009110249811783433,5.079069989733398,0.982457073405385,10556,2708,7,1.4247270300984383,,,,,False,1.169316429147767,1.0564866998718605,5.725802091577395e-05,100,0.12961481396815722,20
tc_direct_tf32,1.9054410513490438,True,Cora,False,128,1433,0.003564119338989258,0.0010712770745158195,0.000969104728428647,0.0009044659091159701,2.989385975524783,0.9691047284286469,10556,2708,7,1.0839449241757393,,,,,False,1.9867089872006412,1.0710429954570628,2.4061723225462264e-05,100,0.12961481396815722,20
pyg,1.9446270307525992,True,Cora,False,128,1433,5.7220458984375e-06,0.0015661990037187934,0.001074671627720818,0.000998887000605464,2.4820350809022784,1.074671627720818,10556,2708,7,0.5374080501496792,,,,,False,2.3928106534367197,0.9658325431454161,0.00010083724384214897,100,0.012961481396815721,20
router,2.1246849792078137,True,CiteSeer,False,128,3703,0.0035486221313476562,0.0016044339863583446,0.0015669950284063817,0.0014962350251153111,4.015731974504888,1.5669950284063816,9104,3327,6,1.8910469952970743,TC_DIRECT_TF32,TC_DIRECT_TF32,TC_DIRECT_TF32,TC_DIRECT_TF32,False,1.6622311865168375,1.099428044583094,1.2826081294626115e-05,100,0.099498743710662,20
cusparse,1.7608279595151544,True,CiteSeer,False,128,3703,1.9073486328125e-06,0.002967488020658493,0.0017227982799522578,0.0016842699842527509,6.675074924714863,1.7227982799522579,9104,3327,6,4.914246965199709,,,,,False,1.0,1.0,0.0001278667412931334,100,0.0099498743710662,20
tc_direct,2.564193098805845,True,CiteSeer,False,128,3703,0.0035485029220581055,0.0016577000496909022,0.00163144655758515,0.0016190590104088187,3.556986106559634,1.63144655758515,9104,3327,6,0.9927930077537894,,,,,False,1.8766097827610262,1.0559943088189943,6.4890425645290075e-06,100,0.099498743710662,20
tc_direct_tf32,1.571659930050373,True,CiteSeer,False,128,3703,0.0035486221313476562,0.0021300289081409574,0.0015871415031142532,0.0015098610892891884,2.420708886347711,1.5871415031142533,9104,3327,6,0.849048956297338,,,,,False,2.757487677415852,1.0854723895580967,9.682048695408424e-05,100,0.099498743710662,20
pyg,2.4640370393171906,True,CiteSeer,False,128,3703,4.76837158203125e-06,0.002331657917238772,0.0023064329952467233,0.002288665040396154,3.077476052567363,2.3064329952467233,9104,3327,6,0.6134390132501721,,,,,False,2.169009542461339,0.7469535353954503,7.349433219885252e-06,100,0.0099498743710662,20
