backend,cold_exec_ms,correct,dataset,hard_fail,hidden_dim,in_dim,max_error,max_step_sec,mean_step_sec,min_step_sec,ms_cold,ms_warm,nnz,num_nodes,out_dim,preprocess_ms,router_backward_hidden,router_backward_out,router_forward_hidden,router_forward_out,soft_fail,speedup_vs_cusparse_cold,speedup_vs_cusparse_warm,std_step_sec,timed_steps,tolerance,warmup_steps
router,107.90410207118839,True,Reddit,False,128,602,0.001003265380859375,0.054370039026252925,0.053406057725660504,0.05292332998942584,3752.0950310863554,53.4060577256605,114848857,232965,41,3644.190929015167,COMMUNITY_TC,COMMUNITY_TC,COMMUNITY_TC,COMMUNITY_TC,False,0.04949535698463955,3.244287618636557,0.000283353494187667,100,1.4716657229140044,20
cusparse,179.44024899043143,True,Reddit,False,128,602,3.129243850708008e-07,0.17360782297328115,0.1732646118395496,0.17298651998862624,185.71128300391138,173.26461183954962,114848857,232965,41,6.271034013479948,,,,,False,1.0,1.0,0.00014235327251247904,100,0.14716657229140045,20
tc_direct,93.61676999833435,True,Reddit,False,128,602,0.001003265380859375,0.09295503806788474,0.09277755447663366,0.09265484299976379,2047.3745840135962,92.77755447663367,114848857,232965,41,1953.7578140152618,,,,,False,0.09070703741952778,1.8675272571792876,5.723322208067771e-05,100,1.4716657229140044,20
tc_direct_tf32,213.5964969638735,True,Reddit,False,128,602,0.001003265380859375,0.2135743600083515,0.21304281448130497,0.2125262130284682,2161.4347379654646,213.04281448130496,114848857,232965,41,1947.838241001591,,,,,False,0.08592037489816576,0.8132854058532635,0.00022500714002984365,100,1.4716657229140044,20
pyg,423.8581449026242,True,Reddit,False,128,602,9.834766387939453e-07,0.3522409819997847,0.35173525073216294,0.3513699119212106,475.8318178355694,351.73525073216297,114848857,232965,41,51.97367293294519,,,,,False,0.3902876521554652,0.4925995090878338,0.00020030690722598013,100,0.14716657229140045,20
router,37.23730891942978,True,ogbn-proteins,False,128,8,0.0010676383972167969,0.038033146993257105,0.03756712756352499,0.03706134203821421,2378.6670868285,37.56712756352499,79255038,132534,112,2341.4297779090703,COMMUNITY_TC,COMMUNITY_TC,COMMUNITY_TC,COMMUNITY_TC,False,0.03413089808280919,2.0203427303791535,0.0002719516448391551,100,0.8803976374343585,20
cusparse,74.93989891372621,True,ogbn-proteins,False,128,8,2.086162567138672e-07,0.07637007895391434,0.07589847307419405,0.07512366306036711,81.18604391347617,75.89847307419404,79255038,132534,112,6.2461449997499585,,,,,False,1.0,1.0,0.00031527897936387195,100,0.08803976374343585,20
tc_direct,38.325004978105426,True,ogbn-proteins,False,128,8,0.0010676383972167969,0.04016385797876865,0.03995802801684476,0.0392955670831725,1381.1898489948362,39.958028016844764,79255038,132534,112,1342.8648440167308,,,,,False,0.05877978611887387,1.8994549241068197,0.0001020942605738454,100,0.8803976374343585,20
tc_direct_tf32,53.265028982423246,True,ogbn-proteins,False,128,8,0.0010676383972167969,0.05987649399321526,0.05953567036311142,0.05873418296687305,1374.7397910337895,59.53567036311142,79255038,132534,112,1321.4747620513663,,,,,False,0.05905557142011954,1.2748403202867282,0.00021056310796599274,100,0.8803976374343585,20
pyg,198.07773595675826,True,ogbn-proteins,False,128,8,7.152557373046875e-07,0.15950204397086054,0.15899416988366283,0.15856135706417263,240.66371796652675,158.99416988366283,79255038,132534,112,42.585982009768486,,,,,False,0.3373422657949966,0.47736639104269984,0.00022152818198138634,100,0.08803976374343585,20
router,9.801062988117337,True,ogbn-arxiv,False,128,128,0.0022580623626708984,0.00949425098951906,0.00945859839208424,0.009441502043046057,42.287700925953686,9.458598392084241,1335586,169343,40,32.48663793783635,ZERO_OVERHEAD_CSR,ZERO_OVERHEAD_CSR,TC_DIRECT,TC_DIRECT,False,0.34630267864636005,1.0482638262038153,1.0323473628986915e-05,100,0.20904544960366872,20
cusparse,10.08132507558912,True,ogbn-arxiv,False,128,128,1.52587890625e-05,0.009943747078068554,0.009915106541011482,0.009900652919895947,14.644344104453921,9.915106541011482,1335586,169343,40,4.563019028864801,,,,,False,1.0,1.0,7.812290271383845e-06,100,0.11469960767151735,20
tc_direct,14.128711074590683,True,ogbn-arxiv,False,128,128,0.009357929229736328,0.009846845990978181,0.00981070873560384,0.009789475006982684,92.98426611348987,9.81070873560384,1335586,169343,40,78.85555503889918,,,,,False,0.15749271050416308,1.0106412093377897,1.1312333094229273e-05,100,1.1469960767151735,20
tc_direct_tf32,10.547465994022787,True,ogbn-arxiv,False,128,128,0.009328842163085938,0.010369397001340985,0.01030914818518795,0.010285995085723698,44.692636001855135,10.30914818518795,1335586,169343,40,34.14517000783235,,,,,False,0.327667942965952,0.9617774779159134,1.172977840323882e-05,100,1.1469960767151735,20
pyg,17.754980945028365,True,ogbn-arxiv,False,128,128,8.96453857421875e-05,0.01704858196899295,0.016927520234603435,0.01681720302440226,18.59708991833031,16.927520234603435,1335586,169343,40,0.8421089733019471,,,,,False,0.787453530028892,0.585738868044175,5.501038302351841e-05,100,0.11469960767151735,20
router,2.3770579136908054,True,PPI,False,128,50,0.0010542869567871094,0.0020951409824192524,0.0010720922215841711,0.0009299810044467449,8.426295011304319,1.072092221584171,34085,1767,121,6.0492370976135135,TC_DIRECT,TC_DIRECT,TC_DIRECT,TC_DIRECT,False,0.7156391988027077,1.2746731968220057,0.0001843803478380969,100,0.16941074346097415,20
cusparse,2.007202012464404,True,PPI,False,128,50,1.1920928955078125e-07,0.001465543988160789,0.0013665672193747013,0.0013189620804041624,6.030187010765076,1.3665672193747014,34085,1767,121,4.022984998300672,,,,,False,1.0,1.0,1.911735897134509e-05,100,0.016941074346097415,20
tc_direct,2.4630879051983356,True,PPI,False,128,50,0.0010542869567871094,0.001604683930054307,0.001346868887776509,0.0012997499434277415,23.765784921124578,1.346868887776509,34085,1767,121,21.302697015926242,,,,,False,0.2537339722116669,1.0146252777660576,3.685435703928894e-05,100,0.16941074346097415,20
tc_direct_tf32,1.415367005392909,True,PPI,False,128,50,0.0010542869567871094,0.0020928389858454466,0.0012410153704695403,0.0008791140280663967,3.5261770244687796,1.2410153704695404,34085,1767,121,2.1108100190758705,,,,,False,1.710120328310382,1.1011686493920363,0.00027208178249825036,100,0.16941074346097415,20
pyg,1.9788299687206745,True,PPI,False,128,50,6.556510925292969e-07,0.0013596059288829565,0.0011705199687276036,0.0010318630374968052,2.5562099181115627,1.1705199687276036,34085,1767,121,0.5773799493908882,,,,,False,2.359034353180182,1.16748731835836,9.723975013622735e-05,100,0.016941074346097415,20
router,3.141344990581274,True,amazon-photo,False,128,745,0.0009763240814208984,0.0017034050542861223,0.0014094058296177537,0.0013677880633622408,21.943302010186017,1.4094058296177536,245812,7650,8,18.801957019604743,SEGMENT_HYBRID,CUSPARSE,SEGMENT_HYBRID,CUSPARSE,False,0.28292774366534,0.9625040816951872,3.537648846353032e-05,100,0.3788139384975162,20
cusparse,1.9097019685432315,True,amazon-photo,False,128,745,2.384185791015625e-07,0.0014614439569413662,0.0013565588637720794,0.0013174599735066295,6.208368926309049,1.3565588637720793,245812,7650,8,4.298666957765818,,,,,False,1.0,1.0,2.2365653760012536e-05,100,0.03788139384975162,20
tc_direct,2.615172998048365,True,amazon-photo,False,128,745,0.0009763240814208984,0.0013785959454253316,0.001330464141210541,0.0012906680349260569,18.36710108909756,1.3304641412105411,245812,7650,8,15.751928091049194,,,,,False,0.3380157214898896,1.0196132475526891,1.8978663864293416e-05,100,0.3788139384975162,20
tc_direct_tf32,1.6551740700379014,True,amazon-photo,False,128,745,0.0009763240814208984,0.0011131840292364359,0.001089513113256544,0.0010718549601733685,16.931478050537407,1.0895131132565439,245812,7650,8,15.276303980499506,,,,,False,0.36667613469882476,1.245105586400276,6.607220271191893e-06,100,0.3788139384975162,20
pyg,2.4718160275369883,True,amazon-photo,False,128,745,7.748603820800781e-07,0.001627381076104939,0.0015430584957357497,0.0014984180452302098,3.1279430259019136,1.5430584957357496,245812,7650,8,0.6561269983649254,,,,,False,1.9848088264072274,0.8791363823995896,1.8654713612845737e-05,100,0.03788139384975162,20
router,2.553445054218173,True,amazon-computers,False,128,767,0.0018138885498046875,0.0022801050217822194,0.0013852439017500728,0.0012383549474179745,24.968868005089462,1.3852439017500728,505474,13752,10,22.41542295087129,SEGMENT_HYBRID,CUSPARSE,SEGMENT_HYBRID,CUSPARSE,False,0.24980083661791808,0.9424912081421489,0.00020870780913778141,100,0.5470831746635972,20
cusparse,1.7610330833122134,True,amazon-computers,False,128,767,1.7881393432617188e-07,0.001805713982321322,0.0013055801985319704,0.001247816951945424,6.237244117073715,1.3055801985319704,505474,13752,10,4.476211033761501,,,,,False,1.0,1.0,8.939523394352908e-05,100,0.05470831746635973,20
tc_direct,2.345046028494835,True,amazon-computers,False,128,767,0.0018138885498046875,0.001878838986158371,0.0016270451119635254,0.0016027649398893118,15.084583079442382,1.6270451119635254,505474,13752,10,12.739537050947547,,,,,False,0.4134846872615243,0.8024240931810368,2.719198870074905e-05,100,0.5470831746635972,20
tc_direct_tf32,1.9089790293946862,True,amazon-computers,False,128,767,0.0018138885498046875,0.0019954730523750186,0.0017683699377812445,0.0017309639370068908,12.890055077150464,1.7683699377812445,505474,13752,10,10.981076047755778,,,,,False,0.48388033097935756,0.738295856900886,4.001832318851458e-05,100,0.5470831746635972,20
pyg,3.156964899972081,True,amazon-computers,False,128,767,8.195638656616211e-07,0.002780460985377431,0.0027444491162896155,0.0026960070244967937,3.810199908912182,2.7444491162896156,505474,13752,10,0.6532350089401007,,,,,False,1.6369860548483552,0.47571667143789576,1.7625189265754593e-05,100,0.05470831746635973,20
router,1.8720939988270402,True,Cora,False,128,1433,0.0013426095247268677,0.001977774081751704,0.0010007119865622371,0.000874239020049572,3.2748329686000943,1.0007119865622371,13264,2708,7,1.4027389697730541,TC_DIRECT_TF32,CSR_DIRECT,TC_DIRECT_TF32,CSR_DIRECT,False,1.7642664299991315,1.1009876720698795,0.0001746979121462861,100,0.13,20
cusparse,1.6550299478694797,True,Cora,False,128,1433,1.1920928955078125e-07,0.0016779149882495403,0.001101771560497582,0.0009064250625669956,5.7776778703555465,1.101771560497582,13264,2708,7,4.122647922486067,,,,,False,1.0,1.0,0.0001920993027097519,100,0.013000000000000001,20
tc_direct,1.7736079171299934,True,Cora,False,128,1433,0.0013426095247268677,0.001382922986522317,0.0011939760844688863,0.0008987179026007652,14.366202987730503,1.1939760844688863,13264,2708,7,12.59259507060051,,,,,False,0.40217153240073167,0.9227752338001649,0.00011424694685700128,100,0.13,20
tc_direct_tf32,2.0294360583648086,True,Cora,False,128,1433,0.0013426095247268677,0.000967905973084271,0.0009201850660610944,0.0008918270468711853,3.3704250818118453,0.9201850660610944,13264,2708,7,1.3409890234470367,,,,,False,1.7142282442455685,1.197336928335274,1.505045642516848e-05,100,0.13,20
pyg,1.4479260426014662,True,Cora,False,128,1433,5.960464477539062e-07,0.0010993960313498974,0.0010488084121607244,0.0010163849219679832,2.0421480294317007,1.0488084121607244,13264,2708,7,0.5942219868302345,,,,,False,2.8292159956511025,1.0504984015409873,1.7824710755028387e-05,100,0.013000000000000001,20
router,2.004152978770435,True,CiteSeer,False,128,3703,0.0013232231140136719,0.0011435840278863907,0.0009272220358252525,0.0008965220768004656,3.3267380204051733,0.9272220358252525,12431,3327,6,1.3225850416347384,TC_DIRECT_TF32,CSR_DIRECT,TC_DIRECT_TF32,CSR_DIRECT,False,1.7173110513120904,1.4430580918336964,3.212458185351042e-05,100,0.1,20
cusparse,1.4001419767737389,True,CiteSeer,False,128,3703,5.960464477539063e-08,0.0013767359778285027,0.0013380352617241443,0.0013105609687045217,5.71304396726191,1.3380352617241442,12431,3327,6,4.312901990488172,,,,,False,1.0,1.0,1.570837111938501e-05,100,0.01,20
tc_direct,2.457485068589449,True,CiteSeer,False,128,3703,0.0013232231140136719,0.0013745760079473257,0.0011283996398560702,0.0009534100536257029,3.886228078044951,1.1283996398560703,12431,3327,6,1.428743009455502,,,,,False,1.4700742860506473,1.185781361907217,0.00015524793673243485,100,0.1,20
tc_direct_tf32,1.087971031665802,True,CiteSeer,False,128,3703,0.0013232231140136719,0.0018027879996225238,0.0010008455265779048,0.0009034109534695745,1.800724072381854,1.0008455265779048,12431,3327,6,0.712753040716052,,,,,False,3.172637082429376,1.3369048731217892,0.00013155522828102396,100,0.1,20
pyg,1.4414649922400713,True,CiteSeer,False,128,3703,3.5762786865234375e-07,0.0021290050353854895,0.0011135643348097802,0.0009878190467134118,2.0164360757917166,1.1135643348097801,12431,3327,6,0.5749710835516453,,,,,False,2.8332383237186374,1.2015787681927765,0.00016440328946825956,100,0.01,20
