dataset,M,K,nnz,avg_nnz_per_row,cv_d,descriptor_category,N,kernel,ms_warm,ms_cusparse_warm,speedup_vs_cusparse_warm,correct,max_error,tolerance
ca-AstroPh,18772,18772,396160,21.10377,1.44846,Dense Small,64,CSR_DIRECT,0.091884,0.068019,0.74028,True,5.3e-05,0.02245
ca-AstroPh,18772,18772,396160,21.10377,1.44846,Dense Small,64,ZERO_OVERHEAD_CSR,0.094612,0.068019,0.71892,True,4.6e-05,0.02245
ca-AstroPh,18772,18772,396160,21.10377,1.44846,Dense Small,64,TC_DIRECT,0.053279,0.068019,1.27667,True,0.011484,0.224499
ca-AstroPh,18772,18772,396160,21.10377,1.44846,Dense Small,64,TC_DIRECT_TF32,0.067159,0.068019,1.01281,True,0.011484,0.224499
ca-AstroPh,18772,18772,396160,21.10377,1.44846,Dense Small,64,COMMUNITY_TC,0.04929,0.068019,1.37997,True,0.011484,0.224499
ca-AstroPh,18772,18772,396160,21.10377,1.44846,Dense Small,64,COMMUNITY_TC_TF32,0.059607,0.068019,1.14113,True,0.011484,0.224499
ca-AstroPh,18772,18772,396160,21.10377,1.44846,Dense Small,64,SEGMENT_HYBRID,0.062587,0.068019,1.0868,True,0.011484,0.224499
ca-AstroPh,18772,18772,396160,21.10377,1.44846,Dense Small,64,SEGMENT_HYBRID_TF32,0.07104,0.068019,0.95748,True,0.011484,0.224499
ca-AstroPh,18772,18772,396160,21.10377,1.44846,Dense Small,64,CUSPARSE,0.068019,0.068019,1.0,True,0.0,0.0
ca-AstroPh,18772,18772,396160,21.10377,1.44846,Dense Small,128,CSR_DIRECT,0.127508,0.115922,0.90913,True,3.8e-05,0.02245
ca-AstroPh,18772,18772,396160,21.10377,1.44846,Dense Small,128,ZERO_OVERHEAD_CSR,0.135532,0.115922,0.85531,True,2.9e-05,0.02245
ca-AstroPh,18772,18772,396160,21.10377,1.44846,Dense Small,128,TC_DIRECT,0.085217,0.115922,1.36031,True,0.013233,0.224499
ca-AstroPh,18772,18772,396160,21.10377,1.44846,Dense Small,128,TC_DIRECT_TF32,0.113628,0.115922,1.02019,True,0.013233,0.224499
ca-AstroPh,18772,18772,396160,21.10377,1.44846,Dense Small,128,COMMUNITY_TC,0.084301,0.115922,1.3751,True,0.013233,0.224499
ca-AstroPh,18772,18772,396160,21.10377,1.44846,Dense Small,128,COMMUNITY_TC_TF32,0.089032,0.115922,1.30203,True,0.013233,0.224499
ca-AstroPh,18772,18772,396160,21.10377,1.44846,Dense Small,128,SEGMENT_HYBRID,0.10306,0.115922,1.12479,True,0.013233,0.224499
ca-AstroPh,18772,18772,396160,21.10377,1.44846,Dense Small,128,SEGMENT_HYBRID_TF32,0.123971,0.115922,0.93508,True,0.013233,0.224499
ca-AstroPh,18772,18772,396160,21.10377,1.44846,Dense Small,128,CUSPARSE,0.115922,0.115922,1.0,True,0.0,0.0
ca-AstroPh,18772,18772,396160,21.10377,1.44846,Dense Small,256,CSR_DIRECT,0.270351,0.216479,0.80073,True,5e-05,0.02245
ca-AstroPh,18772,18772,396160,21.10377,1.44846,Dense Small,256,ZERO_OVERHEAD_CSR,0.243553,0.216479,0.88884,True,4.2e-05,0.02245
ca-AstroPh,18772,18772,396160,21.10377,1.44846,Dense Small,256,TC_DIRECT,0.160399,0.216479,1.34962,True,0.014963,0.224499
ca-AstroPh,18772,18772,396160,21.10377,1.44846,Dense Small,256,TC_DIRECT_TF32,0.214026,0.216479,1.01146,True,0.014963,0.224499
ca-AstroPh,18772,18772,396160,21.10377,1.44846,Dense Small,256,COMMUNITY_TC,0.157696,0.216479,1.37276,True,0.014963,0.224499
ca-AstroPh,18772,18772,396160,21.10377,1.44846,Dense Small,256,COMMUNITY_TC_TF32,0.163763,0.216479,1.3219,True,0.014963,0.224499
ca-AstroPh,18772,18772,396160,21.10377,1.44846,Dense Small,256,SEGMENT_HYBRID,0.197412,0.216479,1.09658,True,0.014963,0.224499
ca-AstroPh,18772,18772,396160,21.10377,1.44846,Dense Small,256,SEGMENT_HYBRID_TF32,0.234465,0.216479,0.92329,True,0.014963,0.224499
ca-AstroPh,18772,18772,396160,21.10377,1.44846,Dense Small,256,CUSPARSE,0.216479,0.216479,1.0,True,0.0,0.0
ca-AstroPh,18772,18772,396160,21.10377,1.44846,Dense Small,512,CSR_DIRECT,0.673203,0.431252,0.6406,True,5.3e-05,0.02245
ca-AstroPh,18772,18772,396160,21.10377,1.44846,Dense Small,512,ZERO_OVERHEAD_CSR,0.557087,0.431252,0.77412,True,5.3e-05,0.02245
ca-AstroPh,18772,18772,396160,21.10377,1.44846,Dense Small,512,TC_DIRECT,0.327834,0.431252,1.31546,True,0.015859,0.224499
ca-AstroPh,18772,18772,396160,21.10377,1.44846,Dense Small,512,TC_DIRECT_TF32,0.431918,0.431252,0.99846,True,0.015859,0.224499
ca-AstroPh,18772,18772,396160,21.10377,1.44846,Dense Small,512,COMMUNITY_TC,0.301169,0.431252,1.43193,True,0.015859,0.224499
ca-AstroPh,18772,18772,396160,21.10377,1.44846,Dense Small,512,COMMUNITY_TC_TF32,0.330706,0.431252,1.30404,True,0.015859,0.224499
ca-AstroPh,18772,18772,396160,21.10377,1.44846,Dense Small,512,SEGMENT_HYBRID,0.378445,0.431252,1.13954,True,0.015859,0.224499
ca-AstroPh,18772,18772,396160,21.10377,1.44846,Dense Small,512,SEGMENT_HYBRID_TF32,0.470799,0.431252,0.916,True,0.015859,0.224499
ca-AstroPh,18772,18772,396160,21.10377,1.44846,Dense Small,512,CUSPARSE,0.431252,0.431252,1.0,True,0.0,0.0
Coauthor-CS,18333,18333,163788,8.93405,1.01934,Mixed/Irregular,64,CSR_DIRECT,0.030264,0.039316,1.2991,True,1e-05,0.011662
Coauthor-CS,18333,18333,163788,8.93405,1.01934,Mixed/Irregular,64,ZERO_OVERHEAD_CSR,0.048323,0.039316,0.81363,True,1e-05,0.011662
Coauthor-CS,18333,18333,163788,8.93405,1.01934,Mixed/Irregular,64,TC_DIRECT,0.028175,0.039316,1.39542,True,0.007274,0.116619
Coauthor-CS,18333,18333,163788,8.93405,1.01934,Mixed/Irregular,64,TC_DIRECT_TF32,0.025339,0.039316,1.55163,True,0.007274,0.116619
Coauthor-CS,18333,18333,163788,8.93405,1.01934,Mixed/Irregular,64,COMMUNITY_TC,0.031242,0.039316,1.25844,True,0.007274,0.116619
Coauthor-CS,18333,18333,163788,8.93405,1.01934,Mixed/Irregular,64,COMMUNITY_TC_TF32,0.026245,0.039316,1.49805,True,0.007274,0.116619
Coauthor-CS,18333,18333,163788,8.93405,1.01934,Mixed/Irregular,64,SEGMENT_HYBRID,0.035251,0.039316,1.11532,True,0.007274,0.116619
Coauthor-CS,18333,18333,163788,8.93405,1.01934,Mixed/Irregular,64,SEGMENT_HYBRID_TF32,0.032512,0.039316,1.20929,True,0.007274,0.116619
Coauthor-CS,18333,18333,163788,8.93405,1.01934,Mixed/Irregular,64,CUSPARSE,0.039316,0.039316,1.0,True,0.0,0.0
Coauthor-CS,18333,18333,163788,8.93405,1.01934,Mixed/Irregular,128,CSR_DIRECT,0.059843,0.084977,1.42,True,1.1e-05,0.011662
Coauthor-CS,18333,18333,163788,8.93405,1.01934,Mixed/Irregular,128,ZERO_OVERHEAD_CSR,0.079565,0.084977,1.06802,True,1.1e-05,0.011662
Coauthor-CS,18333,18333,163788,8.93405,1.01934,Mixed/Irregular,128,TC_DIRECT,0.05185,0.084977,1.63889,True,0.007328,0.116619
Coauthor-CS,18333,18333,163788,8.93405,1.01934,Mixed/Irregular,128,TC_DIRECT_TF32,0.046674,0.084977,1.82065,True,0.007328,0.116619
Coauthor-CS,18333,18333,163788,8.93405,1.01934,Mixed/Irregular,128,COMMUNITY_TC,0.061117,0.084977,1.39038,True,0.007328,0.116619
Coauthor-CS,18333,18333,163788,8.93405,1.01934,Mixed/Irregular,128,COMMUNITY_TC_TF32,0.050668,0.084977,1.67714,True,0.007328,0.116619
Coauthor-CS,18333,18333,163788,8.93405,1.01934,Mixed/Irregular,128,SEGMENT_HYBRID,0.066012,0.084977,1.28729,True,0.007328,0.116619
Coauthor-CS,18333,18333,163788,8.93405,1.01934,Mixed/Irregular,128,SEGMENT_HYBRID_TF32,0.060682,0.084977,1.40035,True,0.007328,0.116619
Coauthor-CS,18333,18333,163788,8.93405,1.01934,Mixed/Irregular,128,CUSPARSE,0.084977,0.084977,1.0,True,0.0,0.0
Coauthor-CS,18333,18333,163788,8.93405,1.01934,Mixed/Irregular,256,CSR_DIRECT,0.152653,0.157517,1.03186,True,1.5e-05,0.011662
Coauthor-CS,18333,18333,163788,8.93405,1.01934,Mixed/Irregular,256,ZERO_OVERHEAD_CSR,0.157978,0.157517,0.99708,True,1.5e-05,0.011662
Coauthor-CS,18333,18333,163788,8.93405,1.01934,Mixed/Irregular,256,TC_DIRECT,0.098775,0.157517,1.5947,True,0.008265,0.116619
Coauthor-CS,18333,18333,163788,8.93405,1.01934,Mixed/Irregular,256,TC_DIRECT_TF32,0.088627,0.157517,1.7773,True,0.008265,0.116619
Coauthor-CS,18333,18333,163788,8.93405,1.01934,Mixed/Irregular,256,COMMUNITY_TC,0.118016,0.157517,1.33471,True,0.008265,0.116619
Coauthor-CS,18333,18333,163788,8.93405,1.01934,Mixed/Irregular,256,COMMUNITY_TC_TF32,0.09769,0.157517,1.61242,True,0.008265,0.116619
Coauthor-CS,18333,18333,163788,8.93405,1.01934,Mixed/Irregular,256,SEGMENT_HYBRID,0.129116,0.157517,1.21996,True,0.008265,0.116619
Coauthor-CS,18333,18333,163788,8.93405,1.01934,Mixed/Irregular,256,SEGMENT_HYBRID_TF32,0.113853,0.157517,1.38351,True,0.008265,0.116619
Coauthor-CS,18333,18333,163788,8.93405,1.01934,Mixed/Irregular,256,CUSPARSE,0.157517,0.157517,1.0,True,0.0,0.0
Coauthor-CS,18333,18333,163788,8.93405,1.01934,Mixed/Irregular,512,CSR_DIRECT,0.354412,0.310154,0.87512,True,1.7e-05,0.011662
Coauthor-CS,18333,18333,163788,8.93405,1.01934,Mixed/Irregular,512,ZERO_OVERHEAD_CSR,0.356122,0.310154,0.87092,True,1.7e-05,0.011662
Coauthor-CS,18333,18333,163788,8.93405,1.01934,Mixed/Irregular,512,TC_DIRECT,0.19434,0.310154,1.59594,True,0.008686,0.116619
Coauthor-CS,18333,18333,163788,8.93405,1.01934,Mixed/Irregular,512,TC_DIRECT_TF32,0.178883,0.310154,1.73384,True,0.008686,0.116619
Coauthor-CS,18333,18333,163788,8.93405,1.01934,Mixed/Irregular,512,COMMUNITY_TC,0.235233,0.310154,1.3185,True,0.008686,0.116619
Coauthor-CS,18333,18333,163788,8.93405,1.01934,Mixed/Irregular,512,COMMUNITY_TC_TF32,0.198006,0.310154,1.56639,True,0.008686,0.116619
Coauthor-CS,18333,18333,163788,8.93405,1.01934,Mixed/Irregular,512,SEGMENT_HYBRID,0.250824,0.310154,1.23654,True,0.008686,0.116619
Coauthor-CS,18333,18333,163788,8.93405,1.01934,Mixed/Irregular,512,SEGMENT_HYBRID_TF32,0.225597,0.310154,1.37481,True,0.008686,0.116619
Coauthor-CS,18333,18333,163788,8.93405,1.01934,Mixed/Irregular,512,CUSPARSE,0.310154,0.310154,1.0,True,0.0,0.0
email-Enron,36692,36692,367662,10.02022,3.60272,Mixed/Irregular,64,CSR_DIRECT,0.273347,0.070088,0.25641,True,0.000145,0.037189
email-Enron,36692,36692,367662,10.02022,3.60272,Mixed/Irregular,64,ZERO_OVERHEAD_CSR,0.106086,0.070088,0.66067,True,4.6e-05,0.037189
email-Enron,36692,36692,367662,10.02022,3.60272,Mixed/Irregular,64,TC_DIRECT,0.089795,0.070088,0.78053,True,0.021645,0.371887
email-Enron,36692,36692,367662,10.02022,3.60272,Mixed/Irregular,64,TC_DIRECT_TF32,0.110956,0.070088,0.63167,True,0.021645,0.371887
email-Enron,36692,36692,367662,10.02022,3.60272,Mixed/Irregular,64,COMMUNITY_TC,0.145505,0.070088,0.48168,True,0.021645,0.371887
email-Enron,36692,36692,367662,10.02022,3.60272,Mixed/Irregular,64,COMMUNITY_TC_TF32,0.1901,0.070088,0.36869,True,0.021645,0.371887
email-Enron,36692,36692,367662,10.02022,3.60272,Mixed/Irregular,64,SEGMENT_HYBRID,0.06698,0.070088,1.0464,True,0.021645,0.371887
email-Enron,36692,36692,367662,10.02022,3.60272,Mixed/Irregular,64,SEGMENT_HYBRID_TF32,0.063892,0.070088,1.09696,True,0.021645,0.371887
email-Enron,36692,36692,367662,10.02022,3.60272,Mixed/Irregular,64,CUSPARSE,0.070088,0.070088,1.0,True,0.0,0.0
email-Enron,36692,36692,367662,10.02022,3.60272,Mixed/Irregular,128,CSR_DIRECT,0.29591,0.134984,0.45616,True,0.000149,0.037189
email-Enron,36692,36692,367662,10.02022,3.60272,Mixed/Irregular,128,ZERO_OVERHEAD_CSR,0.142397,0.134984,0.94794,True,3.8e-05,0.037189
email-Enron,36692,36692,367662,10.02022,3.60272,Mixed/Irregular,128,TC_DIRECT,0.125998,0.134984,1.07132,True,0.026325,0.371887
email-Enron,36692,36692,367662,10.02022,3.60272,Mixed/Irregular,128,TC_DIRECT_TF32,0.147727,0.134984,0.91374,True,0.026325,0.371887
email-Enron,36692,36692,367662,10.02022,3.60272,Mixed/Irregular,128,COMMUNITY_TC,0.191457,0.134984,0.70503,True,0.026325,0.371887
email-Enron,36692,36692,367662,10.02022,3.60272,Mixed/Irregular,128,COMMUNITY_TC_TF32,0.227763,0.134984,0.59265,True,0.026325,0.371887
email-Enron,36692,36692,367662,10.02022,3.60272,Mixed/Irregular,128,SEGMENT_HYBRID,0.124774,0.134984,1.08182,True,0.026323,0.371887
email-Enron,36692,36692,367662,10.02022,3.60272,Mixed/Irregular,128,SEGMENT_HYBRID_TF32,0.118835,0.134984,1.13589,True,0.026325,0.371887
email-Enron,36692,36692,367662,10.02022,3.60272,Mixed/Irregular,128,CUSPARSE,0.134984,0.134984,1.0,True,0.0,0.0
email-Enron,36692,36692,367662,10.02022,3.60272,Mixed/Irregular,256,CSR_DIRECT,0.576579,0.263173,0.45644,True,0.000153,0.037189
email-Enron,36692,36692,367662,10.02022,3.60272,Mixed/Irregular,256,ZERO_OVERHEAD_CSR,0.235018,0.263173,1.1198,True,5.7e-05,0.037189
email-Enron,36692,36692,367662,10.02022,3.60272,Mixed/Irregular,256,TC_DIRECT,0.222623,0.263173,1.18215,True,0.025836,0.371887
email-Enron,36692,36692,367662,10.02022,3.60272,Mixed/Irregular,256,TC_DIRECT_TF32,0.243471,0.263173,1.08092,True,0.025836,0.371887
email-Enron,36692,36692,367662,10.02022,3.60272,Mixed/Irregular,256,COMMUNITY_TC,0.300406,0.263173,0.87606,True,0.025836,0.371887
email-Enron,36692,36692,367662,10.02022,3.60272,Mixed/Irregular,256,COMMUNITY_TC_TF32,0.328356,0.263173,0.80149,True,0.025836,0.371887
email-Enron,36692,36692,367662,10.02022,3.60272,Mixed/Irregular,256,SEGMENT_HYBRID,0.243205,0.263173,1.0821,True,0.025836,0.371887
email-Enron,36692,36692,367662,10.02022,3.60272,Mixed/Irregular,256,SEGMENT_HYBRID_TF32,0.228552,0.263173,1.15148,True,0.025836,0.371887
email-Enron,36692,36692,367662,10.02022,3.60272,Mixed/Irregular,256,CUSPARSE,0.263173,0.263173,1.0,True,0.0,0.0
email-Enron,36692,36692,367662,10.02022,3.60272,Mixed/Irregular,512,CSR_DIRECT,0.866401,0.518118,0.59801,True,0.000141,0.037189
email-Enron,36692,36692,367662,10.02022,3.60272,Mixed/Irregular,512,ZERO_OVERHEAD_CSR,0.508273,0.518118,1.01937,True,5.3e-05,0.037189
email-Enron,36692,36692,367662,10.02022,3.60272,Mixed/Irregular,512,TC_DIRECT,0.416901,0.518118,1.24278,True,0.027416,0.371887
email-Enron,36692,36692,367662,10.02022,3.60272,Mixed/Irregular,512,TC_DIRECT_TF32,0.430157,0.518118,1.20449,True,0.027416,0.371887
email-Enron,36692,36692,367662,10.02022,3.60272,Mixed/Irregular,512,COMMUNITY_TC,0.539423,0.518118,0.96051,True,0.027416,0.371887
email-Enron,36692,36692,367662,10.02022,3.60272,Mixed/Irregular,512,COMMUNITY_TC_TF32,0.565258,0.518118,0.9166,True,0.027416,0.371887
email-Enron,36692,36692,367662,10.02022,3.60272,Mixed/Irregular,512,SEGMENT_HYBRID,0.482212,0.518118,1.07446,True,0.027416,0.371887
email-Enron,36692,36692,367662,10.02022,3.60272,Mixed/Irregular,512,SEGMENT_HYBRID_TF32,0.452844,0.518118,1.14414,True,0.027416,0.371887
email-Enron,36692,36692,367662,10.02022,3.60272,Mixed/Irregular,512,CUSPARSE,0.518118,0.518118,1.0,True,0.0,0.0
p2p-Gnutella31,62586,62586,147892,2.36302,1.85845,Community,64,CSR_DIRECT,0.058286,0.068905,1.18219,True,8e-06,0.008832
p2p-Gnutella31,62586,62586,147892,2.36302,1.85845,Community,64,ZERO_OVERHEAD_CSR,0.081833,0.068905,0.84202,True,8e-06,0.008832
p2p-Gnutella31,62586,62586,147892,2.36302,1.85845,Community,64,TC_DIRECT,0.069596,0.068905,0.99007,True,0.006168,0.088318
p2p-Gnutella31,62586,62586,147892,2.36302,1.85845,Community,64,TC_DIRECT_TF32,0.056289,0.068905,1.22412,True,0.006168,0.088318
p2p-Gnutella31,62586,62586,147892,2.36302,1.85845,Community,64,COMMUNITY_TC,0.08619,0.068905,0.79945,True,0.006168,0.088318
p2p-Gnutella31,62586,62586,147892,2.36302,1.85845,Community,64,COMMUNITY_TC_TF32,0.069432,0.068905,0.9924,True,0.006168,0.088318
p2p-Gnutella31,62586,62586,147892,2.36302,1.85845,Community,64,SEGMENT_HYBRID,0.090982,0.068905,0.75734,True,0.006168,0.088318
p2p-Gnutella31,62586,62586,147892,2.36302,1.85845,Community,64,SEGMENT_HYBRID_TF32,0.076662,0.068905,0.89882,True,0.006168,0.088318
p2p-Gnutella31,62586,62586,147892,2.36302,1.85845,Community,64,CUSPARSE,0.068905,0.068905,1.0,True,0.0,0.0
p2p-Gnutella31,62586,62586,147892,2.36302,1.85845,Community,128,CSR_DIRECT,0.118139,0.13547,1.1467,True,6e-06,0.008832
p2p-Gnutella31,62586,62586,147892,2.36302,1.85845,Community,128,ZERO_OVERHEAD_CSR,0.137457,0.13547,0.98555,True,6e-06,0.008832
p2p-Gnutella31,62586,62586,147892,2.36302,1.85845,Community,128,TC_DIRECT,0.134656,0.13547,1.00605,True,0.007147,0.088318
p2p-Gnutella31,62586,62586,147892,2.36302,1.85845,Community,128,TC_DIRECT_TF32,0.109819,0.13547,1.23358,True,0.007147,0.088318
p2p-Gnutella31,62586,62586,147892,2.36302,1.85845,Community,128,COMMUNITY_TC,0.168033,0.13547,0.80621,True,0.007147,0.088318
p2p-Gnutella31,62586,62586,147892,2.36302,1.85845,Community,128,COMMUNITY_TC_TF32,0.135716,0.13547,0.99819,True,0.007147,0.088318
p2p-Gnutella31,62586,62586,147892,2.36302,1.85845,Community,128,SEGMENT_HYBRID,0.175037,0.13547,0.77395,True,0.007147,0.088318
p2p-Gnutella31,62586,62586,147892,2.36302,1.85845,Community,128,SEGMENT_HYBRID_TF32,0.14786,0.13547,0.9162,True,0.007147,0.088318
p2p-Gnutella31,62586,62586,147892,2.36302,1.85845,Community,128,CUSPARSE,0.13547,0.13547,1.0,True,0.0,0.0
p2p-Gnutella31,62586,62586,147892,2.36302,1.85845,Community,256,CSR_DIRECT,0.245581,0.261279,1.06392,True,1e-05,0.008832
p2p-Gnutella31,62586,62586,147892,2.36302,1.85845,Community,256,ZERO_OVERHEAD_CSR,0.267971,0.261279,0.97503,True,1e-05,0.008832
p2p-Gnutella31,62586,62586,147892,2.36302,1.85845,Community,256,TC_DIRECT,0.264392,0.261279,0.98823,True,0.005283,0.088318
p2p-Gnutella31,62586,62586,147892,2.36302,1.85845,Community,256,TC_DIRECT_TF32,0.216484,0.261279,1.20692,True,0.005283,0.088318
p2p-Gnutella31,62586,62586,147892,2.36302,1.85845,Community,256,COMMUNITY_TC,0.33172,0.261279,0.78765,True,0.005283,0.088318
p2p-Gnutella31,62586,62586,147892,2.36302,1.85845,Community,256,COMMUNITY_TC_TF32,0.268795,0.261279,0.97204,True,0.005283,0.088318
p2p-Gnutella31,62586,62586,147892,2.36302,1.85845,Community,256,SEGMENT_HYBRID,0.342815,0.261279,0.76216,True,0.005283,0.088318
p2p-Gnutella31,62586,62586,147892,2.36302,1.85845,Community,256,SEGMENT_HYBRID_TF32,0.290678,0.261279,0.89886,True,0.005283,0.088318
p2p-Gnutella31,62586,62586,147892,2.36302,1.85845,Community,256,CUSPARSE,0.261279,0.261279,1.0,True,0.0,0.0
p2p-Gnutella31,62586,62586,147892,2.36302,1.85845,Community,512,CSR_DIRECT,0.49961,0.509133,1.01906,True,1e-05,0.008832
p2p-Gnutella31,62586,62586,147892,2.36302,1.85845,Community,512,ZERO_OVERHEAD_CSR,0.536571,0.509133,0.94886,True,1e-05,0.008832
p2p-Gnutella31,62586,62586,147892,2.36302,1.85845,Community,512,TC_DIRECT,0.527058,0.509133,0.96599,True,0.007511,0.088318
p2p-Gnutella31,62586,62586,147892,2.36302,1.85845,Community,512,TC_DIRECT_TF32,0.429271,0.509133,1.18604,True,0.007511,0.088318
p2p-Gnutella31,62586,62586,147892,2.36302,1.85845,Community,512,COMMUNITY_TC,0.660157,0.509133,0.77123,True,0.007511,0.088318
p2p-Gnutella31,62586,62586,147892,2.36302,1.85845,Community,512,COMMUNITY_TC_TF32,0.534241,0.509133,0.953,True,0.007511,0.088318
p2p-Gnutella31,62586,62586,147892,2.36302,1.85845,Community,512,SEGMENT_HYBRID,0.683126,0.509133,0.7453,True,0.007511,0.088318
p2p-Gnutella31,62586,62586,147892,2.36302,1.85845,Community,512,SEGMENT_HYBRID_TF32,0.574525,0.509133,0.88618,True,0.007511,0.088318
p2p-Gnutella31,62586,62586,147892,2.36302,1.85845,Community,512,CUSPARSE,0.509133,0.509133,1.0,True,0.0,0.0
soc-Slashdot0902,82168,82168,948464,11.54299,3.1983,Mixed/Irregular,64,CSR_DIRECT,0.474895,0.18324,0.38585,True,0.000168,0.05011
soc-Slashdot0902,82168,82168,948464,11.54299,3.1983,Mixed/Irregular,64,ZERO_OVERHEAD_CSR,0.215578,0.18324,0.84999,True,6.1e-05,0.05011
soc-Slashdot0902,82168,82168,948464,11.54299,3.1983,Mixed/Irregular,64,TC_DIRECT,0.166892,0.18324,1.09796,True,0.032467,0.501099
soc-Slashdot0902,82168,82168,948464,11.54299,3.1983,Mixed/Irregular,64,TC_DIRECT_TF32,0.227753,0.18324,0.80455,True,0.032467,0.501099
soc-Slashdot0902,82168,82168,948464,11.54299,3.1983,Mixed/Irregular,64,COMMUNITY_TC,0.191421,0.18324,0.95726,True,0.032467,0.501099
soc-Slashdot0902,82168,82168,948464,11.54299,3.1983,Mixed/Irregular,64,COMMUNITY_TC_TF32,0.250404,0.18324,0.73178,True,0.032467,0.501099
soc-Slashdot0902,82168,82168,948464,11.54299,3.1983,Mixed/Irregular,64,SEGMENT_HYBRID,0.170824,0.18324,1.07268,True,0.032467,0.501099
soc-Slashdot0902,82168,82168,948464,11.54299,3.1983,Mixed/Irregular,64,SEGMENT_HYBRID_TF32,0.19563,0.18324,0.93666,True,0.032467,0.501099
soc-Slashdot0902,82168,82168,948464,11.54299,3.1983,Mixed/Irregular,64,CUSPARSE,0.18324,0.18324,1.0,True,0.0,0.0
soc-Slashdot0902,82168,82168,948464,11.54299,3.1983,Mixed/Irregular,128,CSR_DIRECT,0.621517,0.408893,0.6579,True,0.000183,0.05011
soc-Slashdot0902,82168,82168,948464,11.54299,3.1983,Mixed/Irregular,128,ZERO_OVERHEAD_CSR,0.369551,0.408893,1.10646,True,6.9e-05,0.05011
soc-Slashdot0902,82168,82168,948464,11.54299,3.1983,Mixed/Irregular,128,TC_DIRECT,0.297201,0.408893,1.37582,True,0.03144,0.501099
soc-Slashdot0902,82168,82168,948464,11.54299,3.1983,Mixed/Irregular,128,TC_DIRECT_TF32,0.375178,0.408893,1.08986,True,0.03144,0.501099
soc-Slashdot0902,82168,82168,948464,11.54299,3.1983,Mixed/Irregular,128,COMMUNITY_TC,0.344996,0.408893,1.18521,True,0.03144,0.501099
soc-Slashdot0902,82168,82168,948464,11.54299,3.1983,Mixed/Irregular,128,COMMUNITY_TC_TF32,0.416553,0.408893,0.98161,True,0.03144,0.501099
soc-Slashdot0902,82168,82168,948464,11.54299,3.1983,Mixed/Irregular,128,SEGMENT_HYBRID,0.327834,0.408893,1.24726,True,0.031443,0.501099
soc-Slashdot0902,82168,82168,948464,11.54299,3.1983,Mixed/Irregular,128,SEGMENT_HYBRID_TF32,0.371231,0.408893,1.10145,True,0.031443,0.501099
soc-Slashdot0902,82168,82168,948464,11.54299,3.1983,Mixed/Irregular,128,CUSPARSE,0.408893,0.408893,1.0,True,0.0,0.0
soc-Slashdot0902,82168,82168,948464,11.54299,3.1983,Mixed/Irregular,256,CSR_DIRECT,1.318784,0.814643,0.61772,True,0.000183,0.05011
soc-Slashdot0902,82168,82168,948464,11.54299,3.1983,Mixed/Irregular,256,ZERO_OVERHEAD_CSR,0.807588,0.814643,1.00874,True,5.3e-05,0.05011
soc-Slashdot0902,82168,82168,948464,11.54299,3.1983,Mixed/Irregular,256,TC_DIRECT,0.558746,0.814643,1.45799,True,0.034206,0.501099
soc-Slashdot0902,82168,82168,948464,11.54299,3.1983,Mixed/Irregular,256,TC_DIRECT_TF32,0.687242,0.814643,1.18538,True,0.034206,0.501099
soc-Slashdot0902,82168,82168,948464,11.54299,3.1983,Mixed/Irregular,256,COMMUNITY_TC,0.652523,0.814643,1.24845,True,0.034206,0.501099
soc-Slashdot0902,82168,82168,948464,11.54299,3.1983,Mixed/Irregular,256,COMMUNITY_TC_TF32,0.777692,0.814643,1.04751,True,0.034206,0.501099
soc-Slashdot0902,82168,82168,948464,11.54299,3.1983,Mixed/Irregular,256,SEGMENT_HYBRID,0.647112,0.814643,1.25889,True,0.034214,0.501099
soc-Slashdot0902,82168,82168,948464,11.54299,3.1983,Mixed/Irregular,256,SEGMENT_HYBRID_TF32,0.733957,0.814643,1.10993,True,0.034214,0.501099
soc-Slashdot0902,82168,82168,948464,11.54299,3.1983,Mixed/Irregular,256,CUSPARSE,0.814643,0.814643,1.0,True,0.0,0.0
soc-Slashdot0902,82168,82168,948464,11.54299,3.1983,Mixed/Irregular,512,CSR_DIRECT,2.411423,1.611525,0.66829,True,0.00029,0.05011
soc-Slashdot0902,82168,82168,948464,11.54299,3.1983,Mixed/Irregular,512,ZERO_OVERHEAD_CSR,1.802844,1.611525,0.89388,True,6.9e-05,0.05011
soc-Slashdot0902,82168,82168,948464,11.54299,3.1983,Mixed/Irregular,512,TC_DIRECT,1.109591,1.611525,1.45236,True,0.034267,0.501099
soc-Slashdot0902,82168,82168,948464,11.54299,3.1983,Mixed/Irregular,512,TC_DIRECT_TF32,1.304602,1.611525,1.23526,True,0.034267,0.501099
soc-Slashdot0902,82168,82168,948464,11.54299,3.1983,Mixed/Irregular,512,COMMUNITY_TC,1.279002,1.611525,1.25999,True,0.034267,0.501099
soc-Slashdot0902,82168,82168,948464,11.54299,3.1983,Mixed/Irregular,512,COMMUNITY_TC_TF32,1.462897,1.611525,1.1016,True,0.034267,0.501099
soc-Slashdot0902,82168,82168,948464,11.54299,3.1983,Mixed/Irregular,512,SEGMENT_HYBRID,1.292652,1.611525,1.24668,True,0.034267,0.501099
soc-Slashdot0902,82168,82168,948464,11.54299,3.1983,Mixed/Irregular,512,SEGMENT_HYBRID_TF32,1.448663,1.611525,1.11242,True,0.034267,0.501099
soc-Slashdot0902,82168,82168,948464,11.54299,3.1983,Mixed/Irregular,512,CUSPARSE,1.611525,1.611525,1.0,True,0.0,0.0
web-NotreDame,325729,325729,1497134,4.59626,4.67265,Community,64,CSR_DIRECT,0.818258,0.590249,0.72135,True,0.000175,0.058694
web-NotreDame,325729,325729,1497134,4.59626,4.67265,Community,64,ZERO_OVERHEAD_CSR,0.395909,0.590249,1.49087,True,6.1e-05,0.058694
web-NotreDame,325729,325729,1497134,4.59626,4.67265,Community,64,TC_DIRECT,0.406538,0.590249,1.45189,True,0.033813,0.586941
web-NotreDame,325729,325729,1497134,4.59626,4.67265,Community,64,TC_DIRECT_TF32,0.387533,0.590249,1.52309,True,0.033829,0.586941
web-NotreDame,325729,325729,1497134,4.59626,4.67265,Community,64,COMMUNITY_TC,0.58602,0.590249,1.00722,True,0.033829,0.586941
web-NotreDame,325729,325729,1497134,4.59626,4.67265,Community,64,COMMUNITY_TC_TF32,0.616269,0.590249,0.95778,True,0.033829,0.586941
web-NotreDame,325729,325729,1497134,4.59626,4.67265,Community,64,SEGMENT_HYBRID,0.452946,0.590249,1.30313,True,0.033806,0.586941
web-NotreDame,325729,325729,1497134,4.59626,4.67265,Community,64,SEGMENT_HYBRID_TF32,0.390738,0.590249,1.5106,True,0.033806,0.586941
web-NotreDame,325729,325729,1497134,4.59626,4.67265,Community,64,CUSPARSE,0.590249,0.590249,1.0,True,0.0,0.0
web-NotreDame,325729,325729,1497134,4.59626,4.67265,Community,128,CSR_DIRECT,0.996035,0.915476,0.91912,True,0.000267,0.058694
web-NotreDame,325729,325729,1497134,4.59626,4.67265,Community,128,ZERO_OVERHEAD_CSR,0.673331,0.915476,1.35962,True,5.7e-05,0.058694
web-NotreDame,325729,325729,1497134,4.59626,4.67265,Community,128,TC_DIRECT,0.741709,0.915476,1.23428,True,0.042418,0.586941
web-NotreDame,325729,325729,1497134,4.59626,4.67265,Community,128,TC_DIRECT_TF32,0.650547,0.915476,1.40724,True,0.041929,0.586941
web-NotreDame,325729,325729,1497134,4.59626,4.67265,Community,128,COMMUNITY_TC,0.992235,0.915476,0.92264,True,0.042419,0.586941
web-NotreDame,325729,325729,1497134,4.59626,4.67265,Community,128,COMMUNITY_TC_TF32,0.93994,0.915476,0.97397,True,0.041931,0.586941
web-NotreDame,325729,325729,1497134,4.59626,4.67265,Community,128,SEGMENT_HYBRID,0.887311,0.915476,1.03174,True,0.042425,0.586941
web-NotreDame,325729,325729,1497134,4.59626,4.67265,Community,128,SEGMENT_HYBRID_TF32,0.761267,0.915476,1.20257,True,0.041937,0.586941
web-NotreDame,325729,325729,1497134,4.59626,4.67265,Community,128,CUSPARSE,0.915476,0.915476,1.0,True,0.0,0.0
web-NotreDame,325729,325729,1497134,4.59626,4.67265,Community,256,CSR_DIRECT,1.934131,1.614377,0.83468,True,0.000397,0.058694
web-NotreDame,325729,325729,1497134,4.59626,4.67265,Community,256,ZERO_OVERHEAD_CSR,1.261563,1.614377,1.27966,True,7.6e-05,0.058694
web-NotreDame,325729,325729,1497134,4.59626,4.67265,Community,256,TC_DIRECT,1.431711,1.614377,1.12759,True,0.040497,0.586941
web-NotreDame,325729,325729,1497134,4.59626,4.67265,Community,256,TC_DIRECT_TF32,1.213466,1.614377,1.33039,True,0.040497,0.586941
web-NotreDame,325729,325729,1497134,4.59626,4.67265,Community,256,COMMUNITY_TC,1.85623,1.614377,0.86971,True,0.040497,0.586941
web-NotreDame,325729,325729,1497134,4.59626,4.67265,Community,256,COMMUNITY_TC_TF32,1.644406,1.614377,0.98174,True,0.040497,0.586941
web-NotreDame,325729,325729,1497134,4.59626,4.67265,Community,256,SEGMENT_HYBRID,1.759258,1.614377,0.91765,True,0.040489,0.586941
web-NotreDame,325729,325729,1497134,4.59626,4.67265,Community,256,SEGMENT_HYBRID_TF32,1.504558,1.614377,1.07299,True,0.040489,0.586941
web-NotreDame,325729,325729,1497134,4.59626,4.67265,Community,256,CUSPARSE,1.614377,1.614377,1.0,True,0.0,0.0
web-NotreDame,325729,325729,1497134,4.59626,4.67265,Community,512,CSR_DIRECT,3.100595,3.026714,0.97617,True,0.000328,0.058694
web-NotreDame,325729,325729,1497134,4.59626,4.67265,Community,512,ZERO_OVERHEAD_CSR,2.514253,3.026714,1.20382,True,9.2e-05,0.058694
web-NotreDame,325729,325729,1497134,4.59626,4.67265,Community,512,TC_DIRECT,2.84757,3.026714,1.06291,True,0.035823,0.586941
web-NotreDame,325729,325729,1497134,4.59626,4.67265,Community,512,TC_DIRECT_TF32,2.322785,3.026714,1.30305,True,0.035823,0.586941
web-NotreDame,325729,325729,1497134,4.59626,4.67265,Community,512,COMMUNITY_TC,3.610465,3.026714,0.83832,True,0.035823,0.586941
web-NotreDame,325729,325729,1497134,4.59626,4.67265,Community,512,COMMUNITY_TC_TF32,3.041756,3.026714,0.99505,True,0.035823,0.586941
web-NotreDame,325729,325729,1497134,4.59626,4.67265,Community,512,SEGMENT_HYBRID,3.533665,3.026714,0.85654,True,0.035817,0.586941
web-NotreDame,325729,325729,1497134,4.59626,4.67265,Community,512,SEGMENT_HYBRID_TF32,2.990495,3.026714,1.01211,True,0.035817,0.586941
web-NotreDame,325729,325729,1497134,4.59626,4.67265,Community,512,CUSPARSE,3.026714,3.026714,1.0,True,0.0,0.0
wiki-Talk,2394385,2394385,5021410,2.09716,47.643,Mixed/Irregular,64,CSR_DIRECT,19.236771,2.526945,0.13136,True,0.008423,0.316263
wiki-Talk,2394385,2394385,5021410,2.09716,47.643,Mixed/Irregular,64,ZERO_OVERHEAD_CSR,2.136515,2.526945,1.18274,True,0.002197,0.316263
wiki-Talk,2394385,2394385,5021410,2.09716,47.643,Mixed/Irregular,64,TC_DIRECT,4.707067,2.526945,0.53684,True,0.172302,3.162625
wiki-Talk,2394385,2394385,5021410,2.09716,47.643,Mixed/Irregular,64,TC_DIRECT_TF32,5.736945,2.526945,0.44047,True,0.172852,3.162625
wiki-Talk,2394385,2394385,5021410,2.09716,47.643,Mixed/Irregular,64,COMMUNITY_TC,5.390909,2.526945,0.46874,True,0.172363,3.162625
wiki-Talk,2394385,2394385,5021410,2.09716,47.643,Mixed/Irregular,64,COMMUNITY_TC_TF32,6.468624,2.526945,0.39065,True,0.172974,3.162625
wiki-Talk,2394385,2394385,5021410,2.09716,47.643,Mixed/Irregular,64,SEGMENT_HYBRID,3.306302,2.526945,0.76428,True,0.162231,3.162625
wiki-Talk,2394385,2394385,5021410,2.09716,47.643,Mixed/Irregular,64,SEGMENT_HYBRID_TF32,2.879191,2.526945,0.87766,True,0.162292,3.162625
wiki-Talk,2394385,2394385,5021410,2.09716,47.643,Mixed/Irregular,64,CUSPARSE,2.526945,2.526945,1.0,True,0.0,0.0
wiki-Talk,2394385,2394385,5021410,2.09716,47.643,Mixed/Irregular,128,CSR_DIRECT,20.241598,4.651146,0.22978,True,0.01001,0.316263
wiki-Talk,2394385,2394385,5021410,2.09716,47.643,Mixed/Irregular,128,ZERO_OVERHEAD_CSR,4.170542,4.651146,1.11524,True,0.00293,0.316263
wiki-Talk,2394385,2394385,5021410,2.09716,47.643,Mixed/Irregular,128,TC_DIRECT,7.056671,4.651146,0.65911,True,0.211426,3.162625
wiki-Talk,2394385,2394385,5021410,2.09716,47.643,Mixed/Irregular,128,TC_DIRECT_TF32,7.555661,4.651146,0.61558,True,0.213409,3.162625
wiki-Talk,2394385,2394385,5021410,2.09716,47.643,Mixed/Irregular,128,COMMUNITY_TC,8.415677,4.651146,0.55268,True,0.211395,3.162625
wiki-Talk,2394385,2394385,5021410,2.09716,47.643,Mixed/Irregular,128,COMMUNITY_TC_TF32,8.996081,4.651146,0.51702,True,0.213409,3.162625
wiki-Talk,2394385,2394385,5021410,2.09716,47.643,Mixed/Irregular,128,SEGMENT_HYBRID,6.621814,4.651146,0.7024,True,0.20993,3.162625
wiki-Talk,2394385,2394385,5021410,2.09716,47.643,Mixed/Irregular,128,SEGMENT_HYBRID_TF32,5.761398,4.651146,0.80729,True,0.211945,3.162625
wiki-Talk,2394385,2394385,5021410,2.09716,47.643,Mixed/Irregular,128,CUSPARSE,4.651146,4.651146,1.0,True,0.0,0.0
wiki-Talk,2394385,2394385,5021410,2.09716,47.643,Mixed/Irregular,256,CSR_DIRECT,37.428701,8.841656,0.23623,True,0.0065,0.316263
wiki-Talk,2394385,2394385,5021410,2.09716,47.643,Mixed/Irregular,256,ZERO_OVERHEAD_CSR,8.415483,8.841656,1.05064,True,0.00177,0.316263
wiki-Talk,2394385,2394385,5021410,2.09716,47.643,Mixed/Irregular,256,TC_DIRECT,12.407562,8.841656,0.7126,True,0.172949,3.162625
wiki-Talk,2394385,2394385,5021410,2.09716,47.643,Mixed/Irregular,256,TC_DIRECT_TF32,12.005996,8.841656,0.73644,True,0.170874,3.162625
wiki-Talk,2394385,2394385,5021410,2.09716,47.643,Mixed/Irregular,256,COMMUNITY_TC,15.10592,8.841656,0.58531,True,0.172956,3.162625
wiki-Talk,2394385,2394385,5021410,2.09716,47.643,Mixed/Irregular,256,COMMUNITY_TC_TF32,14.723199,8.841656,0.60053,True,0.170881,3.162625
wiki-Talk,2394385,2394385,5021410,2.09716,47.643,Mixed/Irregular,256,SEGMENT_HYBRID,13.285898,8.841656,0.66549,True,0.17333,3.162625
wiki-Talk,2394385,2394385,5021410,2.09716,47.643,Mixed/Irregular,256,SEGMENT_HYBRID_TF32,11.545319,8.841656,0.76582,True,0.171255,3.162625
wiki-Talk,2394385,2394385,5021410,2.09716,47.643,Mixed/Irregular,256,CUSPARSE,8.841656,8.841656,1.0,True,0.0,0.0
wiki-Talk,2394385,2394385,5021410,2.09716,47.643,Mixed/Irregular,512,CSR_DIRECT,,17.272566,,False,,
wiki-Talk,2394385,2394385,5021410,2.09716,47.643,Mixed/Irregular,512,ZERO_OVERHEAD_CSR,,17.272566,,False,,
wiki-Talk,2394385,2394385,5021410,2.09716,47.643,Mixed/Irregular,512,TC_DIRECT,,17.272566,,False,,
wiki-Talk,2394385,2394385,5021410,2.09716,47.643,Mixed/Irregular,512,TC_DIRECT_TF32,,17.272566,,False,,
wiki-Talk,2394385,2394385,5021410,2.09716,47.643,Mixed/Irregular,512,COMMUNITY_TC,,17.272566,,False,,
wiki-Talk,2394385,2394385,5021410,2.09716,47.643,Mixed/Irregular,512,COMMUNITY_TC_TF32,,17.272566,,False,,
wiki-Talk,2394385,2394385,5021410,2.09716,47.643,Mixed/Irregular,512,SEGMENT_HYBRID,,17.272566,,False,,
wiki-Talk,2394385,2394385,5021410,2.09716,47.643,Mixed/Irregular,512,SEGMENT_HYBRID_TF32,,17.272566,,False,,
wiki-Talk,2394385,2394385,5021410,2.09716,47.643,Mixed/Irregular,512,CUSPARSE,17.272566,17.272566,1.0,True,0.0,0.0
as-Skitter,1696415,1696415,22190596,13.08088,10.46265,Community,64,CSR_DIRECT,8.622761,4.60609,0.53418,True,0.003296,0.188295
as-Skitter,1696415,1696415,22190596,13.08088,10.46265,Community,64,ZERO_OVERHEAD_CSR,4.300867,4.60609,1.07097,True,0.000732,0.188295
as-Skitter,1696415,1696415,22190596,13.08088,10.46265,Community,64,TC_DIRECT,3.650084,4.60609,1.26191,True,0.127686,1.88295
as-Skitter,1696415,1696415,22190596,13.08088,10.46265,Community,64,TC_DIRECT_TF32,5.007734,4.60609,0.9198,True,0.127014,1.88295
as-Skitter,1696415,1696415,22190596,13.08088,10.46265,Community,64,COMMUNITY_TC,4.101509,4.60609,1.12302,True,0.127686,1.88295
as-Skitter,1696415,1696415,22190596,13.08088,10.46265,Community,64,COMMUNITY_TC_TF32,5.466465,4.60609,0.84261,True,0.127014,1.88295
as-Skitter,1696415,1696415,22190596,13.08088,10.46265,Community,64,SEGMENT_HYBRID,3.638359,4.60609,1.26598,True,0.129578,1.88295
as-Skitter,1696415,1696415,22190596,13.08088,10.46265,Community,64,SEGMENT_HYBRID_TF32,4.509466,4.60609,1.02143,True,0.129089,1.88295
as-Skitter,1696415,1696415,22190596,13.08088,10.46265,Community,64,CUSPARSE,4.60609,4.60609,1.0,True,0.0,0.0
as-Skitter,1696415,1696415,22190596,13.08088,10.46265,Community,128,CSR_DIRECT,12.015493,9.825392,0.81773,True,0.002701,0.188295
as-Skitter,1696415,1696415,22190596,13.08088,10.46265,Community,128,ZERO_OVERHEAD_CSR,8.276281,9.825392,1.18717,True,0.000641,0.188295
as-Skitter,1696415,1696415,22190596,13.08088,10.46265,Community,128,TC_DIRECT,6.783181,9.825392,1.44849,True,0.118378,1.88295
as-Skitter,1696415,1696415,22190596,13.08088,10.46265,Community,128,TC_DIRECT_TF32,9.06516,9.825392,1.08386,True,0.118286,1.88295
as-Skitter,1696415,1696415,22190596,13.08088,10.46265,Community,128,COMMUNITY_TC,7.721149,9.825392,1.27253,True,0.118378,1.88295
as-Skitter,1696415,1696415,22190596,13.08088,10.46265,Community,128,COMMUNITY_TC_TF32,10.001019,9.825392,0.98244,True,0.118286,1.88295
as-Skitter,1696415,1696415,22190596,13.08088,10.46265,Community,128,SEGMENT_HYBRID,7.278157,9.825392,1.34998,True,0.117249,1.88295
as-Skitter,1696415,1696415,22190596,13.08088,10.46265,Community,128,SEGMENT_HYBRID_TF32,9.030779,9.825392,1.08799,True,0.117126,1.88295
as-Skitter,1696415,1696415,22190596,13.08088,10.46265,Community,128,CUSPARSE,9.825392,9.825392,1.0,True,0.0,0.0
as-Skitter,1696415,1696415,22190596,13.08088,10.46265,Community,256,CSR_DIRECT,24.941287,19.615078,0.78645,True,0.003296,0.188295
as-Skitter,1696415,1696415,22190596,13.08088,10.46265,Community,256,ZERO_OVERHEAD_CSR,17.603804,19.615078,1.11425,True,0.000732,0.188295
as-Skitter,1696415,1696415,22190596,13.08088,10.46265,Community,256,TC_DIRECT,13.086069,19.615078,1.49893,True,0.13562,1.88295
as-Skitter,1696415,1696415,22190596,13.08088,10.46265,Community,256,TC_DIRECT_TF32,17.116729,19.615078,1.14596,True,0.135635,1.88295
as-Skitter,1696415,1696415,22190596,13.08088,10.46265,Community,256,COMMUNITY_TC,15.005143,19.615078,1.30722,True,0.13562,1.88295
as-Skitter,1696415,1696415,22190596,13.08088,10.46265,Community,256,COMMUNITY_TC_TF32,19.019382,19.615078,1.03132,True,0.135635,1.88295
as-Skitter,1696415,1696415,22190596,13.08088,10.46265,Community,256,SEGMENT_HYBRID,14.582354,19.615078,1.34512,True,0.135147,1.88295
as-Skitter,1696415,1696415,22190596,13.08088,10.46265,Community,256,SEGMENT_HYBRID_TF32,17.949712,19.615078,1.09278,True,0.135147,1.88295
as-Skitter,1696415,1696415,22190596,13.08088,10.46265,Community,256,CUSPARSE,19.615078,19.615078,1.0,True,0.0,0.0
as-Skitter,1696415,1696415,22190596,13.08088,10.46265,Community,512,CSR_DIRECT,45.228784,39.260176,0.86804,True,0.004822,0.188295
as-Skitter,1696415,1696415,22190596,13.08088,10.46265,Community,512,ZERO_OVERHEAD_CSR,37.177842,39.260176,1.05601,True,0.00119,0.188295
as-Skitter,1696415,1696415,22190596,13.08088,10.46265,Community,512,TC_DIRECT,25.878062,39.260176,1.51712,True,0.156555,1.88295
as-Skitter,1696415,1696415,22190596,13.08088,10.46265,Community,512,TC_DIRECT_TF32,33.18928,39.260176,1.18292,True,0.157532,1.88295
as-Skitter,1696415,1696415,22190596,13.08088,10.46265,Community,512,COMMUNITY_TC,29.768198,39.260176,1.31886,True,0.156555,1.88295
as-Skitter,1696415,1696415,22190596,13.08088,10.46265,Community,512,COMMUNITY_TC_TF32,37.036938,39.260176,1.06003,True,0.157532,1.88295
as-Skitter,1696415,1696415,22190596,13.08088,10.46265,Community,512,SEGMENT_HYBRID,29.378831,39.260176,1.33634,True,0.156464,1.88295
as-Skitter,1696415,1696415,22190596,13.08088,10.46265,Community,512,SEGMENT_HYBRID_TF32,35.979854,39.260176,1.09117,True,0.15741,1.88295
as-Skitter,1696415,1696415,22190596,13.08088,10.46265,Community,512,CUSPARSE,39.260176,39.260176,1.0,True,0.0,0.0
cit-Patents,3774768,3774768,16518948,4.37615,1.77809,Sparse Uniform,64,CSR_DIRECT,6.100977,7.102812,1.16421,True,6.9e-05,0.027749
cit-Patents,3774768,3774768,16518948,4.37615,1.77809,Sparse Uniform,64,ZERO_OVERHEAD_CSR,6.635059,7.102812,1.0705,True,3.8e-05,0.027749
cit-Patents,3774768,3774768,16518948,4.37615,1.77809,Sparse Uniform,64,TC_DIRECT,5.567114,7.102812,1.27585,True,0.017021,0.277489
cit-Patents,3774768,3774768,16518948,4.37615,1.77809,Sparse Uniform,64,TC_DIRECT_TF32,6.229453,7.102812,1.1402,True,0.017021,0.277489
cit-Patents,3774768,3774768,16518948,4.37615,1.77809,Sparse Uniform,64,COMMUNITY_TC,6.243584,7.102812,1.13762,True,0.017021,0.277489
cit-Patents,3774768,3774768,16518948,4.37615,1.77809,Sparse Uniform,64,COMMUNITY_TC_TF32,6.336912,7.102812,1.12086,True,0.017021,0.277489
cit-Patents,3774768,3774768,16518948,4.37615,1.77809,Sparse Uniform,64,SEGMENT_HYBRID,6.668047,7.102812,1.0652,True,0.017021,0.277489
cit-Patents,3774768,3774768,16518948,4.37615,1.77809,Sparse Uniform,64,SEGMENT_HYBRID_TF32,7.330447,7.102812,0.96895,True,0.017021,0.277489
cit-Patents,3774768,3774768,16518948,4.37615,1.77809,Sparse Uniform,64,CUSPARSE,7.102812,7.102812,1.0,True,0.0,0.0
cit-Patents,3774768,3774768,16518948,4.37615,1.77809,Sparse Uniform,128,CSR_DIRECT,12.011893,14.213442,1.18328,True,7.2e-05,0.027749
cit-Patents,3774768,3774768,16518948,4.37615,1.77809,Sparse Uniform,128,ZERO_OVERHEAD_CSR,13.049247,14.213442,1.08922,True,3.8e-05,0.027749
cit-Patents,3774768,3774768,16518948,4.37615,1.77809,Sparse Uniform,128,TC_DIRECT,11.156516,14.213442,1.274,True,0.01709,0.277489
cit-Patents,3774768,3774768,16518948,4.37615,1.77809,Sparse Uniform,128,TC_DIRECT_TF32,12.445051,14.213442,1.1421,True,0.01709,0.277489
cit-Patents,3774768,3774768,16518948,4.37615,1.77809,Sparse Uniform,128,COMMUNITY_TC,12.51304,14.213442,1.13589,True,0.01709,0.277489
cit-Patents,3774768,3774768,16518948,4.37615,1.77809,Sparse Uniform,128,COMMUNITY_TC_TF32,12.674207,14.213442,1.12145,True,0.01709,0.277489
cit-Patents,3774768,3774768,16518948,4.37615,1.77809,Sparse Uniform,128,SEGMENT_HYBRID,13.37089,14.213442,1.06301,True,0.01709,0.277489
cit-Patents,3774768,3774768,16518948,4.37615,1.77809,Sparse Uniform,128,SEGMENT_HYBRID_TF32,14.646543,14.213442,0.97043,True,0.01709,0.277489
cit-Patents,3774768,3774768,16518948,4.37615,1.77809,Sparse Uniform,128,CUSPARSE,14.213442,14.213442,1.0,True,0.0,0.0
cit-Patents,3774768,3774768,16518948,4.37615,1.77809,Sparse Uniform,256,CSR_DIRECT,24.037561,28.399231,1.18145,True,9.9e-05,0.027749
cit-Patents,3774768,3774768,16518948,4.37615,1.77809,Sparse Uniform,256,ZERO_OVERHEAD_CSR,26.117754,28.399231,1.08735,True,4.2e-05,0.027749
cit-Patents,3774768,3774768,16518948,4.37615,1.77809,Sparse Uniform,256,TC_DIRECT,22.479646,28.399231,1.26333,True,0.01757,0.277489
cit-Patents,3774768,3774768,16518948,4.37615,1.77809,Sparse Uniform,256,TC_DIRECT_TF32,24.88113,28.399231,1.1414,True,0.01757,0.277489
cit-Patents,3774768,3774768,16518948,4.37615,1.77809,Sparse Uniform,256,COMMUNITY_TC,25.091665,28.399231,1.13182,True,0.01757,0.277489
cit-Patents,3774768,3774768,16518948,4.37615,1.77809,Sparse Uniform,256,COMMUNITY_TC_TF32,25.351548,28.399231,1.12022,True,0.01757,0.277489
cit-Patents,3774768,3774768,16518948,4.37615,1.77809,Sparse Uniform,256,SEGMENT_HYBRID,26.807041,28.399231,1.05939,True,0.01757,0.277489
cit-Patents,3774768,3774768,16518948,4.37615,1.77809,Sparse Uniform,256,SEGMENT_HYBRID_TF32,29.283877,28.399231,0.96979,True,0.01757,0.277489
cit-Patents,3774768,3774768,16518948,4.37615,1.77809,Sparse Uniform,256,CUSPARSE,28.399231,28.399231,1.0,True,0.0,0.0
cit-Patents,3774768,3774768,16518948,4.37615,1.77809,Sparse Uniform,512,CSR_DIRECT,,56.788193,,False,,
cit-Patents,3774768,3774768,16518948,4.37615,1.77809,Sparse Uniform,512,ZERO_OVERHEAD_CSR,,56.788193,,False,,
cit-Patents,3774768,3774768,16518948,4.37615,1.77809,Sparse Uniform,512,TC_DIRECT,,56.788193,,False,,
cit-Patents,3774768,3774768,16518948,4.37615,1.77809,Sparse Uniform,512,TC_DIRECT_TF32,,56.788193,,False,,
cit-Patents,3774768,3774768,16518948,4.37615,1.77809,Sparse Uniform,512,COMMUNITY_TC,,56.788193,,False,,
cit-Patents,3774768,3774768,16518948,4.37615,1.77809,Sparse Uniform,512,COMMUNITY_TC_TF32,,56.788193,,False,,
cit-Patents,3774768,3774768,16518948,4.37615,1.77809,Sparse Uniform,512,SEGMENT_HYBRID,,56.788193,,False,,
cit-Patents,3774768,3774768,16518948,4.37615,1.77809,Sparse Uniform,512,SEGMENT_HYBRID_TF32,,56.788193,,False,,
cit-Patents,3774768,3774768,16518948,4.37615,1.77809,Sparse Uniform,512,CUSPARSE,56.788193,56.788193,1.0,True,0.0,0.0
