dataset,N,precision,alg,ms_warm,correct,status,max_error
roadNet-CA,64,fp32,ALG_DEFAULT,2.543979,True,ok,0.0
roadNet-CA,64,fp32,CSR_ALG1,2.538957,True,ok,0.0
roadNet-CA,64,fp32,CSR_ALG2,2.538015,True,ok,0.0
roadNet-CA,64,fp32,CSR_ALG3,2.538737,True,ok,0.0
roadNet-CA,64,fp16,ALG_DEFAULT,1.815265,True,ok,0.003334
roadNet-CA,64,fp16,CSR_ALG1,1.815813,True,ok,0.003334
roadNet-CA,64,fp16,CSR_ALG2,1.815311,True,ok,0.003334
roadNet-CA,128,fp32,ALG_DEFAULT,5.472896,True,ok,0.0
roadNet-CA,128,fp32,CSR_ALG1,5.47331,True,ok,0.0
roadNet-CA,128,fp32,CSR_ALG2,5.47543,True,ok,0.0
roadNet-CA,128,fp32,CSR_ALG3,5.473136,True,ok,0.0
roadNet-CA,128,fp16,ALG_DEFAULT,3.833626,True,ok,0.003386
roadNet-CA,128,fp16,CSR_ALG1,3.835535,True,ok,0.003386
roadNet-CA,128,fp16,CSR_ALG2,3.833764,True,ok,0.003386
roadNet-PA,64,fp32,ALG_DEFAULT,1.399603,True,ok,0.0
roadNet-PA,64,fp32,CSR_ALG1,1.39883,True,ok,0.0
roadNet-PA,64,fp32,CSR_ALG2,1.399721,True,ok,0.0
roadNet-PA,64,fp32,CSR_ALG3,1.398973,True,ok,0.0
roadNet-PA,64,fp16,ALG_DEFAULT,1.009572,True,ok,0.00328
roadNet-PA,64,fp16,CSR_ALG1,1.010268,True,ok,0.00328
roadNet-PA,64,fp16,CSR_ALG2,1.009684,True,ok,0.00328
roadNet-PA,128,fp32,ALG_DEFAULT,3.027538,True,ok,0.0
roadNet-PA,128,fp32,CSR_ALG1,3.026985,True,ok,0.0
roadNet-PA,128,fp32,CSR_ALG2,3.028557,True,ok,0.0
roadNet-PA,128,fp32,CSR_ALG3,3.026534,True,ok,0.0
roadNet-PA,128,fp16,ALG_DEFAULT,2.123397,True,ok,0.003428
roadNet-PA,128,fp16,CSR_ALG1,2.123059,True,ok,0.003428
roadNet-PA,128,fp16,CSR_ALG2,2.123274,True,ok,0.003428
roadNet-PA,256,fp32,ALG_DEFAULT,6.048338,True,ok,0.0
roadNet-PA,256,fp32,CSR_ALG1,6.048578,True,ok,0.0
roadNet-PA,256,fp32,CSR_ALG2,6.049035,True,ok,0.0
roadNet-PA,256,fp32,CSR_ALG3,6.048885,True,ok,0.0
roadNet-PA,256,fp16,ALG_DEFAULT,4.221937,True,ok,0.003258
roadNet-PA,256,fp16,CSR_ALG1,4.219525,True,ok,0.003258
roadNet-PA,256,fp16,CSR_ALG2,4.221343,True,ok,0.003258
roadNet-PA,512,fp32,ALG_DEFAULT,12.130693,True,ok,0.0
roadNet-PA,512,fp32,CSR_ALG1,12.136177,True,ok,0.0
roadNet-PA,512,fp32,CSR_ALG2,12.1331,True,ok,0.0
roadNet-PA,512,fp32,CSR_ALG3,12.136167,True,ok,0.0
roadNet-PA,512,fp16,ALG_DEFAULT,8.417331,True,ok,0.003734
roadNet-PA,512,fp16,CSR_ALG1,8.419236,True,ok,0.003734
roadNet-PA,512,fp16,CSR_ALG2,8.417981,True,ok,0.003734
roadNet-TX,64,fp32,ALG_DEFAULT,1.75957,True,ok,0.0
roadNet-TX,64,fp32,CSR_ALG1,1.761065,True,ok,0.0
roadNet-TX,64,fp32,CSR_ALG2,1.759954,True,ok,0.0
roadNet-TX,64,fp32,CSR_ALG3,1.759831,True,ok,0.0
roadNet-TX,64,fp16,ALG_DEFAULT,1.271501,True,ok,0.003238
roadNet-TX,64,fp16,CSR_ALG1,1.271327,True,ok,0.003238
roadNet-TX,64,fp16,CSR_ALG2,1.271235,True,ok,0.003238
roadNet-TX,128,fp32,ALG_DEFAULT,3.808829,True,ok,0.0
roadNet-TX,128,fp32,CSR_ALG1,3.8095,True,ok,0.0
roadNet-TX,128,fp32,CSR_ALG2,3.808763,True,ok,0.0
roadNet-TX,128,fp32,CSR_ALG3,3.810903,True,ok,0.0
roadNet-TX,128,fp16,ALG_DEFAULT,2.68031,True,ok,0.003592
roadNet-TX,128,fp16,CSR_ALG1,2.679726,True,ok,0.003592
roadNet-TX,128,fp16,CSR_ALG2,2.679578,True,ok,0.003592
Amazon0601,64,fp32,ALG_DEFAULT,0.996229,True,ok,0.0
Amazon0601,64,fp32,CSR_ALG1,0.994442,True,ok,0.0
Amazon0601,64,fp32,CSR_ALG2,0.998047,True,ok,0.0
Amazon0601,64,fp32,CSR_ALG3,1.000013,True,ok,0.0
Amazon0601,64,fp16,ALG_DEFAULT,0.669967,True,ok,0.004941
Amazon0601,64,fp16,CSR_ALG1,0.664602,True,ok,0.004941
Amazon0601,64,fp16,CSR_ALG2,0.664658,True,ok,0.004941
Amazon0601,128,fp32,ALG_DEFAULT,2.244152,True,ok,0.0
Amazon0601,128,fp32,CSR_ALG1,2.241403,True,ok,0.0
Amazon0601,128,fp32,CSR_ALG2,2.244434,True,ok,0.0
Amazon0601,128,fp32,CSR_ALG3,2.241858,True,ok,0.0
Amazon0601,128,fp16,ALG_DEFAULT,1.353626,True,ok,0.004598
Amazon0601,128,fp16,CSR_ALG1,1.351823,True,ok,0.004598
Amazon0601,128,fp16,CSR_ALG2,1.353994,True,ok,0.004598
Amazon0601,256,fp32,ALG_DEFAULT,4.459735,True,ok,0.0
Amazon0601,256,fp32,CSR_ALG1,4.457958,True,ok,0.0
Amazon0601,256,fp32,CSR_ALG2,4.459274,True,ok,0.0
Amazon0601,256,fp32,CSR_ALG3,4.458153,True,ok,0.0
Amazon0601,256,fp16,ALG_DEFAULT,2.681923,True,ok,0.004383
Amazon0601,256,fp16,CSR_ALG1,2.683428,True,ok,0.004383
Amazon0601,256,fp16,CSR_ALG2,2.68247,True,ok,0.004383
Amazon0601,512,fp32,ALG_DEFAULT,8.928195,True,ok,0.0
Amazon0601,512,fp32,CSR_ALG1,8.935255,True,ok,0.0
Amazon0601,512,fp32,CSR_ALG2,8.925757,True,ok,0.0
Amazon0601,512,fp32,CSR_ALG3,8.935327,True,ok,0.0
Amazon0601,512,fp16,ALG_DEFAULT,5.341,True,ok,0.004646
Amazon0601,512,fp16,CSR_ALG1,5.341363,True,ok,0.004646
Amazon0601,512,fp16,CSR_ALG2,5.341041,True,ok,0.004646
web-Google,64,fp32,ALG_DEFAULT,1.891384,True,ok,8e-06
web-Google,64,fp32,CSR_ALG1,1.888696,True,ok,1e-05
web-Google,64,fp32,CSR_ALG2,1.891533,True,ok,1.1e-05
web-Google,64,fp32,CSR_ALG3,1.889772,True,ok,8e-06
web-Google,64,fp16,ALG_DEFAULT,1.282222,True,ok,0.013275
web-Google,64,fp16,CSR_ALG1,1.277409,True,ok,0.013274
web-Google,64,fp16,CSR_ALG2,1.275131,True,ok,0.013273
web-Google,128,fp32,ALG_DEFAULT,3.932446,True,ok,8e-06
web-Google,128,fp32,CSR_ALG1,3.931423,True,ok,1e-05
web-Google,128,fp32,CSR_ALG2,3.932785,True,ok,8e-06
web-Google,128,fp32,CSR_ALG3,3.931653,True,ok,1.1e-05
web-Google,128,fp16,ALG_DEFAULT,2.579758,True,ok,0.012954
web-Google,128,fp16,CSR_ALG1,2.580424,True,ok,0.012954
web-Google,128,fp16,CSR_ALG2,2.579927,True,ok,0.012954
web-Google,256,fp32,ALG_DEFAULT,7.878354,True,ok,8e-06
web-Google,256,fp32,CSR_ALG1,7.880044,True,ok,1.1e-05
web-Google,256,fp32,CSR_ALG2,7.887836,True,ok,1.5e-05
web-Google,256,fp32,CSR_ALG3,7.879951,True,ok,1.1e-05
web-Google,256,fp16,ALG_DEFAULT,5.117322,True,ok,0.014575
web-Google,256,fp16,CSR_ALG1,5.113124,True,ok,0.014575
web-Google,256,fp16,CSR_ALG2,5.117435,True,ok,0.014575
web-Google,512,fp32,ALG_DEFAULT,15.626004,True,ok,1.1e-05
web-Google,512,fp32,CSR_ALG1,15.622625,True,ok,1.1e-05
web-Google,512,fp32,CSR_ALG2,15.635815,True,ok,1.1e-05
web-Google,512,fp32,CSR_ALG3,15.62303,True,ok,1.5e-05
web-Google,512,fp16,ALG_DEFAULT,10.277002,True,ok,0.01627
web-Google,512,fp16,CSR_ALG1,10.276817,True,ok,0.01627
web-Google,512,fp16,CSR_ALG2,10.277356,True,ok,0.01627
web-Stanford,64,fp32,ALG_DEFAULT,0.556995,True,ok,8e-06
web-Stanford,64,fp32,CSR_ALG1,0.556355,True,ok,8e-06
web-Stanford,64,fp32,CSR_ALG2,0.557169,True,ok,8e-06
web-Stanford,64,fp32,CSR_ALG3,0.556242,True,ok,1.1e-05
web-Stanford,64,fp16,ALG_DEFAULT,0.423173,True,ok,0.011061
web-Stanford,64,fp16,CSR_ALG1,0.424177,True,ok,0.011061
web-Stanford,64,fp16,CSR_ALG2,0.44052,True,ok,0.011061
web-Stanford,128,fp32,ALG_DEFAULT,1.205299,True,ok,8e-06
web-Stanford,128,fp32,CSR_ALG1,1.202412,True,ok,8e-06
web-Stanford,128,fp32,CSR_ALG2,1.204337,True,ok,8e-06
web-Stanford,128,fp32,CSR_ALG3,1.203318,True,ok,1e-05
web-Stanford,128,fp16,ALG_DEFAULT,0.80937,True,ok,0.01059
web-Stanford,128,fp16,CSR_ALG1,0.810189,True,ok,0.01059
web-Stanford,128,fp16,CSR_ALG2,0.809272,True,ok,0.01059
web-Stanford,256,fp32,ALG_DEFAULT,2.385797,True,ok,1.1e-05
web-Stanford,256,fp32,CSR_ALG1,2.384113,True,ok,1e-05
web-Stanford,256,fp32,CSR_ALG2,2.385695,True,ok,1.1e-05
web-Stanford,256,fp32,CSR_ALG3,2.384282,True,ok,8e-06
web-Stanford,256,fp16,ALG_DEFAULT,1.604357,True,ok,0.012684
web-Stanford,256,fp16,CSR_ALG1,1.60364,True,ok,0.012684
web-Stanford,256,fp16,CSR_ALG2,1.604593,True,ok,0.012684
web-Stanford,512,fp32,ALG_DEFAULT,4.774113,True,ok,8e-06
web-Stanford,512,fp32,CSR_ALG1,4.761267,True,ok,8e-06
web-Stanford,512,fp32,CSR_ALG2,4.77419,True,ok,8e-06
web-Stanford,512,fp32,CSR_ALG3,4.761344,True,ok,1.1e-05
web-Stanford,512,fp16,ALG_DEFAULT,3.202575,True,ok,0.013697
web-Stanford,512,fp16,CSR_ALG1,3.201444,True,ok,0.013697
web-Stanford,512,fp16,CSR_ALG2,3.202749,True,ok,0.013697
ogbn-arxiv,64,fp32,ALG_DEFAULT,0.289654,True,ok,8e-06
ogbn-arxiv,64,fp32,CSR_ALG1,0.29098,True,ok,8e-06
ogbn-arxiv,64,fp32,CSR_ALG2,0.290514,True,ok,8e-06
ogbn-arxiv,64,fp32,CSR_ALG3,0.290811,True,ok,8e-06
ogbn-arxiv,64,fp16,ALG_DEFAULT,0.22358,True,ok,0.014454
ogbn-arxiv,64,fp16,CSR_ALG1,0.224973,True,ok,0.014454
ogbn-arxiv,64,fp16,CSR_ALG2,0.224394,True,ok,0.014454
ogbn-arxiv,128,fp32,ALG_DEFAULT,0.651039,True,ok,8e-06
ogbn-arxiv,128,fp32,CSR_ALG1,0.648888,True,ok,8e-06
ogbn-arxiv,128,fp32,CSR_ALG2,0.650993,True,ok,1.1e-05
ogbn-arxiv,128,fp32,CSR_ALG3,0.648965,True,ok,8e-06
ogbn-arxiv,128,fp16,ALG_DEFAULT,0.44415,True,ok,0.011889
ogbn-arxiv,128,fp16,CSR_ALG1,0.442332,True,ok,0.011889
ogbn-arxiv,128,fp16,CSR_ALG2,0.444237,True,ok,0.011889
ogbn-arxiv,256,fp32,ALG_DEFAULT,1.291259,True,ok,1.1e-05
ogbn-arxiv,256,fp32,CSR_ALG1,1.291566,True,ok,8e-06
ogbn-arxiv,256,fp32,CSR_ALG2,1.291136,True,ok,8e-06
ogbn-arxiv,256,fp32,CSR_ALG3,1.291863,True,ok,8e-06
ogbn-arxiv,256,fp16,ALG_DEFAULT,0.874481,True,ok,0.017278
ogbn-arxiv,256,fp16,CSR_ALG1,0.873405,True,ok,0.017279
ogbn-arxiv,256,fp16,CSR_ALG2,0.874721,True,ok,0.017279
ogbn-arxiv,512,fp32,ALG_DEFAULT,2.563676,True,ok,1.1e-05
ogbn-arxiv,512,fp32,CSR_ALG1,2.571095,True,ok,1.1e-05
ogbn-arxiv,512,fp32,CSR_ALG2,2.566671,True,ok,1.1e-05
ogbn-arxiv,512,fp32,CSR_ALG3,2.570865,True,ok,1e-05
ogbn-arxiv,512,fp16,ALG_DEFAULT,1.735844,True,ok,0.014682
ogbn-arxiv,512,fp16,CSR_ALG1,1.731246,True,ok,0.014682
ogbn-arxiv,512,fp16,CSR_ALG2,1.736095,True,ok,0.014682
Yelp,64,fp32,ALG_DEFAULT,4.016179,True,ok,7.6e-05
Yelp,64,fp32,CSR_ALG1,4.014577,True,ok,9.2e-05
Yelp,64,fp32,CSR_ALG2,4.015181,True,ok,9.2e-05
Yelp,64,fp32,CSR_ALG3,4.014643,True,ok,8.4e-05
Yelp,64,fp16,ALG_DEFAULT,2.486395,True,ok,0.044609
Yelp,64,fp16,CSR_ALG1,2.493865,True,ok,0.044601
Yelp,64,fp16,CSR_ALG2,2.48511,True,ok,0.044601
Yelp,128,fp32,ALG_DEFAULT,8.592251,True,ok,0.000122
Yelp,128,fp32,CSR_ALG1,8.594032,True,ok,0.000107
Yelp,128,fp32,CSR_ALG2,8.593003,True,ok,9.2e-05
Yelp,128,fp32,CSR_ALG3,8.59412,True,ok,0.000137
Yelp,128,fp16,ALG_DEFAULT,4.677924,True,ok,0.046669
Yelp,128,fp16,CSR_ALG1,4.681825,True,ok,0.046669
Yelp,128,fp16,CSR_ALG2,4.677703,True,ok,0.046684
Yelp,256,fp32,ALG_DEFAULT,17.130327,True,ok,9.9e-05
Yelp,256,fp32,CSR_ALG1,17.136732,True,ok,0.000122
Yelp,256,fp32,CSR_ALG2,17.133522,True,ok,0.00013
Yelp,256,fp32,CSR_ALG3,17.136686,True,ok,0.000122
Yelp,256,fp16,ALG_DEFAULT,9.266796,True,ok,0.050299
Yelp,256,fp16,CSR_ALG1,9.268783,True,ok,0.050293
Yelp,256,fp16,CSR_ALG2,9.26657,True,ok,0.050287
twitter-combined,64,fp32,ALG_DEFAULT,0.273275,True,ok,1.5e-05
twitter-combined,64,fp32,CSR_ALG1,0.277663,True,ok,2.3e-05
twitter-combined,64,fp32,CSR_ALG2,0.276357,True,ok,1.5e-05
twitter-combined,64,fp32,CSR_ALG3,0.275456,True,ok,2.3e-05
twitter-combined,64,fp16,ALG_DEFAULT,0.255345,True,ok,0.026567
twitter-combined,64,fp16,CSR_ALG1,0.253517,True,ok,0.026567
twitter-combined,64,fp16,CSR_ALG2,0.251315,True,ok,0.026567
twitter-combined,128,fp32,ALG_DEFAULT,0.469714,True,ok,2.1e-05
twitter-combined,128,fp32,CSR_ALG1,0.469658,True,ok,3.8e-05
twitter-combined,128,fp32,CSR_ALG2,0.468234,True,ok,2.3e-05
twitter-combined,128,fp32,CSR_ALG3,0.483599,True,ok,2.3e-05
twitter-combined,128,fp16,ALG_DEFAULT,0.313211,True,ok,0.022277
twitter-combined,128,fp16,CSR_ALG1,0.316288,True,ok,0.022277
twitter-combined,128,fp16,CSR_ALG2,0.313242,True,ok,0.022277
twitter-combined,256,fp32,ALG_DEFAULT,0.913167,True,ok,3.1e-05
twitter-combined,256,fp32,CSR_ALG1,0.911232,True,ok,3.1e-05
twitter-combined,256,fp32,CSR_ALG2,0.918467,True,ok,2.3e-05
twitter-combined,256,fp32,CSR_ALG3,0.925271,True,ok,3.1e-05
twitter-combined,256,fp16,ALG_DEFAULT,0.600095,True,ok,0.023987
twitter-combined,256,fp16,CSR_ALG1,0.591821,True,ok,0.023987
twitter-combined,256,fp16,CSR_ALG2,0.589532,True,ok,0.023987
twitter-combined,512,fp32,ALG_DEFAULT,1.798098,True,ok,2.7e-05
twitter-combined,512,fp32,CSR_ALG1,1.807099,True,ok,3.8e-05
twitter-combined,512,fp32,CSR_ALG2,1.79606,True,ok,2.3e-05
twitter-combined,512,fp32,CSR_ALG3,1.806807,True,ok,3.1e-05
twitter-combined,512,fp16,ALG_DEFAULT,1.157463,True,ok,0.027878
twitter-combined,512,fp16,CSR_ALG1,1.1439,True,ok,0.027863
twitter-combined,512,fp16,CSR_ALG2,1.148672,True,ok,0.027878
soc-Pokec,64,fp32,ALG_DEFAULT,9.22049,True,ok,0.000168
soc-Pokec,64,fp32,CSR_ALG1,9.215012,True,ok,0.000168
soc-Pokec,64,fp32,CSR_ALG2,9.218945,True,ok,0.000122
soc-Pokec,64,fp32,CSR_ALG3,9.215124,True,ok,0.000122
soc-Pokec,64,fp16,ALG_DEFAULT,5.637499,True,ok,0.051351
soc-Pokec,64,fp16,CSR_ALG1,5.642148,True,ok,0.051366
soc-Pokec,64,fp16,CSR_ALG2,5.64289,True,ok,0.051355
soc-Pokec,128,fp32,ALG_DEFAULT,19.46907,True,ok,0.000137
soc-Pokec,128,fp32,CSR_ALG1,19.467371,True,ok,0.000153
soc-Pokec,128,fp32,CSR_ALG2,19.477089,True,ok,0.000183
soc-Pokec,128,fp32,CSR_ALG3,19.467501,True,ok,0.000183
soc-Pokec,128,fp16,ALG_DEFAULT,10.595307,True,ok,0.052773
soc-Pokec,128,fp16,CSR_ALG1,10.597125,True,ok,0.052757
soc-Pokec,128,fp16,CSR_ALG2,10.59563,True,ok,0.052788
soc-Pokec,256,fp32,ALG_DEFAULT,38.826527,True,ok,0.000206
soc-Pokec,256,fp32,CSR_ALG1,38.841667,True,ok,0.000153
soc-Pokec,256,fp32,CSR_ALG2,38.827557,True,ok,0.000153
soc-Pokec,256,fp32,CSR_ALG3,38.842205,True,ok,0.000153
soc-Pokec,256,fp16,ALG_DEFAULT,21.168728,True,ok,0.053207
soc-Pokec,256,fp16,CSR_ALG1,21.164831,True,ok,0.053192
soc-Pokec,256,fp16,CSR_ALG2,21.168621,True,ok,0.0532
ca-GrQc,64,fp32,ALG_DEFAULT,0.014397,True,ok,2e-06
ca-GrQc,64,fp32,CSR_ALG1,0.01431,True,ok,2e-06
ca-GrQc,64,fp32,CSR_ALG2,0.014275,True,ok,2e-06
ca-GrQc,64,fp32,CSR_ALG3,0.014285,True,ok,2e-06
ca-GrQc,64,fp16,ALG_DEFAULT,0.014336,True,ok,0.004784
ca-GrQc,64,fp16,CSR_ALG1,0.014387,True,ok,0.004784
ca-GrQc,64,fp16,CSR_ALG2,0.014362,True,ok,0.004784
ca-GrQc,128,fp32,ALG_DEFAULT,0.015846,True,ok,2e-06
ca-GrQc,128,fp32,CSR_ALG1,0.017889,True,ok,4e-06
ca-GrQc,128,fp32,CSR_ALG2,0.015857,True,ok,2e-06
ca-GrQc,128,fp32,CSR_ALG3,0.017966,True,ok,2e-06
ca-GrQc,128,fp16,ALG_DEFAULT,0.014551,True,ok,0.006097
ca-GrQc,128,fp16,CSR_ALG1,0.014541,True,ok,0.006097
ca-GrQc,128,fp16,CSR_ALG2,0.014556,True,ok,0.006097
ca-GrQc,256,fp32,ALG_DEFAULT,0.033864,True,ok,4e-06
ca-GrQc,256,fp32,CSR_ALG1,0.033746,True,ok,4e-06
ca-GrQc,256,fp32,CSR_ALG2,0.033925,True,ok,4e-06
ca-GrQc,256,fp32,CSR_ALG3,0.03394,True,ok,4e-06
ca-GrQc,256,fp16,ALG_DEFAULT,0.026035,True,ok,0.006299
ca-GrQc,256,fp16,CSR_ALG1,0.025979,True,ok,0.006299
ca-GrQc,256,fp16,CSR_ALG2,0.025897,True,ok,0.006299
ca-GrQc,512,fp32,ALG_DEFAULT,0.067041,True,ok,2e-06
ca-GrQc,512,fp32,CSR_ALG1,0.067169,True,ok,4e-06
ca-GrQc,512,fp32,CSR_ALG2,0.067185,True,ok,2e-06
ca-GrQc,512,fp32,CSR_ALG3,0.067323,True,ok,2e-06
ca-GrQc,512,fp16,ALG_DEFAULT,0.050775,True,ok,0.007347
ca-GrQc,512,fp16,CSR_ALG1,0.050872,True,ok,0.007347
ca-GrQc,512,fp16,CSR_ALG2,0.050949,True,ok,0.007347
ca-HepTh,64,fp32,ALG_DEFAULT,0.016742,True,ok,2e-06
ca-HepTh,64,fp32,CSR_ALG1,0.016763,True,ok,2e-06
ca-HepTh,64,fp32,CSR_ALG2,0.016773,True,ok,2e-06
ca-HepTh,64,fp32,CSR_ALG3,0.016758,True,ok,2e-06
ca-HepTh,64,fp16,ALG_DEFAULT,0.016507,True,ok,0.005117
ca-HepTh,64,fp16,CSR_ALG1,0.016507,True,ok,0.005117
ca-HepTh,64,fp16,CSR_ALG2,0.016527,True,ok,0.005117
ca-HepTh,128,fp32,ALG_DEFAULT,0.030167,True,ok,2e-06
ca-HepTh,128,fp32,CSR_ALG1,0.030397,True,ok,2e-06
ca-HepTh,128,fp32,CSR_ALG2,0.030254,True,ok,2e-06
ca-HepTh,128,fp32,CSR_ALG3,0.030438,True,ok,2e-06
ca-HepTh,128,fp16,ALG_DEFAULT,0.0239,True,ok,0.005488
ca-HepTh,128,fp16,CSR_ALG1,0.023675,True,ok,0.005488
ca-HepTh,128,fp16,CSR_ALG2,0.023936,True,ok,0.005488
ca-HepTh,256,fp32,ALG_DEFAULT,0.068142,True,ok,2e-06
ca-HepTh,256,fp32,CSR_ALG1,0.068659,True,ok,2e-06
ca-HepTh,256,fp32,CSR_ALG2,0.068326,True,ok,2e-06
ca-HepTh,256,fp32,CSR_ALG3,0.068977,True,ok,2e-06
ca-HepTh,256,fp16,ALG_DEFAULT,0.052209,True,ok,0.005872
ca-HepTh,256,fp16,CSR_ALG1,0.052408,True,ok,0.005872
ca-HepTh,256,fp16,CSR_ALG2,0.052209,True,ok,0.005872
ca-HepTh,512,fp32,ALG_DEFAULT,0.127601,True,ok,2e-06
ca-HepTh,512,fp32,CSR_ALG1,0.127427,True,ok,2e-06
ca-HepTh,512,fp32,CSR_ALG2,0.127877,True,ok,2e-06
ca-HepTh,512,fp32,CSR_ALG3,0.127416,True,ok,2e-06
ca-HepTh,512,fp16,ALG_DEFAULT,0.092508,True,ok,0.006405
ca-HepTh,512,fp16,CSR_ALG1,0.092436,True,ok,0.006405
ca-HepTh,512,fp16,CSR_ALG2,0.092554,True,ok,0.006405
ca-CondMat,64,fp32,ALG_DEFAULT,0.047918,True,ok,6e-06
ca-CondMat,64,fp32,CSR_ALG1,0.048087,True,ok,8e-06
ca-CondMat,64,fp32,CSR_ALG2,0.047816,True,ok,4e-06
ca-CondMat,64,fp32,CSR_ALG3,0.049208,True,ok,8e-06
ca-CondMat,64,fp16,ALG_DEFAULT,0.041917,True,ok,0.008586
ca-CondMat,64,fp16,CSR_ALG1,0.042066,True,ok,0.008586
ca-CondMat,64,fp16,CSR_ALG2,0.042076,True,ok,0.008586
ca-CondMat,128,fp32,ALG_DEFAULT,0.102298,True,ok,8e-06
ca-CondMat,128,fp32,CSR_ALG1,0.101944,True,ok,4e-06
ca-CondMat,128,fp32,CSR_ALG2,0.102328,True,ok,8e-06
ca-CondMat,128,fp32,CSR_ALG3,0.102006,True,ok,8e-06
ca-CondMat,128,fp16,ALG_DEFAULT,0.070733,True,ok,0.011125
ca-CondMat,128,fp16,CSR_ALG1,0.070789,True,ok,0.011124
ca-CondMat,128,fp16,CSR_ALG2,0.070764,True,ok,0.011125
ca-CondMat,256,fp32,ALG_DEFAULT,0.196419,True,ok,8e-06
ca-CondMat,256,fp32,CSR_ALG1,0.196521,True,ok,6e-06
ca-CondMat,256,fp32,CSR_ALG2,0.196905,True,ok,6e-06
ca-CondMat,256,fp32,CSR_ALG3,0.196659,True,ok,8e-06
ca-CondMat,256,fp16,ALG_DEFAULT,0.1314,True,ok,0.01074
ca-CondMat,256,fp16,CSR_ALG1,0.131333,True,ok,0.01074
ca-CondMat,256,fp16,CSR_ALG2,0.131707,True,ok,0.01074
ca-CondMat,512,fp32,ALG_DEFAULT,0.383647,True,ok,8e-06
ca-CondMat,512,fp32,CSR_ALG1,0.381353,True,ok,8e-06
ca-CondMat,512,fp32,CSR_ALG2,0.383048,True,ok,8e-06
ca-CondMat,512,fp32,CSR_ALG3,0.382515,True,ok,8e-06
ca-CondMat,512,fp16,ALG_DEFAULT,0.252626,True,ok,0.011152
ca-CondMat,512,fp16,CSR_ALG1,0.25023,True,ok,0.011152
ca-CondMat,512,fp16,CSR_ALG2,0.252575,True,ok,0.011151
amazon-computers,64,fp32,ALG_DEFAULT,0.074214,True,ok,5e-05
amazon-computers,64,fp32,CSR_ALG1,0.074358,True,ok,3.8e-05
amazon-computers,64,fp32,CSR_ALG2,0.075684,True,ok,3.8e-05
amazon-computers,64,fp32,CSR_ALG3,0.075955,True,ok,4.6e-05
amazon-computers,64,fp16,ALG_DEFAULT,0.065551,True,ok,0.027513
amazon-computers,64,fp16,CSR_ALG1,0.065848,True,ok,0.027513
amazon-computers,64,fp16,CSR_ALG2,0.066145,True,ok,0.027508
amazon-computers,128,fp32,ALG_DEFAULT,0.13226,True,ok,6.1e-05
amazon-computers,128,fp32,CSR_ALG1,0.132588,True,ok,6.1e-05
amazon-computers,128,fp32,CSR_ALG2,0.132803,True,ok,5e-05
amazon-computers,128,fp32,CSR_ALG3,0.132649,True,ok,4.6e-05
amazon-computers,128,fp16,ALG_DEFAULT,0.082688,True,ok,0.035828
amazon-computers,128,fp16,CSR_ALG1,0.083999,True,ok,0.035831
amazon-computers,128,fp16,CSR_ALG2,0.085089,True,ok,0.035847
amazon-computers,256,fp32,ALG_DEFAULT,0.254172,True,ok,5.3e-05
amazon-computers,256,fp32,CSR_ALG1,0.25282,True,ok,4.6e-05
amazon-computers,256,fp32,CSR_ALG2,0.254193,True,ok,6.1e-05
amazon-computers,256,fp32,CSR_ALG3,0.257674,True,ok,4.6e-05
amazon-computers,256,fp16,ALG_DEFAULT,0.153431,True,ok,0.045364
amazon-computers,256,fp16,CSR_ALG1,0.157932,True,ok,0.045364
amazon-computers,256,fp16,CSR_ALG2,0.160558,True,ok,0.045361
amazon-computers,512,fp32,ALG_DEFAULT,0.524611,True,ok,6.1e-05
amazon-computers,512,fp32,CSR_ALG1,0.517258,True,ok,6.1e-05
amazon-computers,512,fp32,CSR_ALG2,0.505221,True,ok,4.6e-05
amazon-computers,512,fp32,CSR_ALG3,0.504325,True,ok,6.1e-05
amazon-computers,512,fp16,ALG_DEFAULT,0.293151,True,ok,0.037834
amazon-computers,512,fp16,CSR_ALG1,0.299837,True,ok,0.03783
amazon-computers,512,fp16,CSR_ALG2,0.301476,True,ok,0.037834
amazon-photo,64,fp32,ALG_DEFAULT,0.046582,True,ok,1.9e-05
amazon-photo,64,fp32,CSR_ALG1,0.044186,True,ok,2.3e-05
amazon-photo,64,fp32,CSR_ALG2,0.043766,True,ok,2.3e-05
amazon-photo,64,fp32,CSR_ALG3,0.042486,True,ok,1.9e-05
amazon-photo,64,fp16,ALG_DEFAULT,0.037135,True,ok,0.019249
amazon-photo,64,fp16,CSR_ALG1,0.036782,True,ok,0.019249
amazon-photo,64,fp16,CSR_ALG2,0.036152,True,ok,0.019249
amazon-photo,128,fp32,ALG_DEFAULT,0.067072,True,ok,2.3e-05
amazon-photo,128,fp32,CSR_ALG1,0.06657,True,ok,1.5e-05
amazon-photo,128,fp32,CSR_ALG2,0.066499,True,ok,2.3e-05
amazon-photo,128,fp32,CSR_ALG3,0.066616,True,ok,2.4e-05
amazon-photo,128,fp16,ALG_DEFAULT,0.042312,True,ok,0.02549
amazon-photo,128,fp16,CSR_ALG1,0.04266,True,ok,0.025486
amazon-photo,128,fp16,CSR_ALG2,0.043085,True,ok,0.025482
amazon-photo,256,fp32,ALG_DEFAULT,0.127944,True,ok,2.3e-05
amazon-photo,256,fp32,CSR_ALG1,0.12777,True,ok,3.1e-05
amazon-photo,256,fp32,CSR_ALG2,0.128794,True,ok,3.1e-05
amazon-photo,256,fp32,CSR_ALG3,0.129019,True,ok,2.3e-05
amazon-photo,256,fp16,ALG_DEFAULT,0.079048,True,ok,0.026772
amazon-photo,256,fp16,CSR_ALG1,0.082821,True,ok,0.026772
amazon-photo,256,fp16,CSR_ALG2,0.083963,True,ok,0.026772
amazon-photo,512,fp32,ALG_DEFAULT,0.257792,True,ok,3.4e-05
amazon-photo,512,fp32,CSR_ALG1,0.251028,True,ok,3.1e-05
amazon-photo,512,fp32,CSR_ALG2,0.249503,True,ok,3.1e-05
amazon-photo,512,fp32,CSR_ALG3,0.247368,True,ok,4.6e-05
amazon-photo,512,fp16,ALG_DEFAULT,0.144952,True,ok,0.025928
amazon-photo,512,fp16,CSR_ALG1,0.151593,True,ok,0.025927
amazon-photo,512,fp16,CSR_ALG2,0.152059,True,ok,0.025927
gplus-combined,64,fp32,ALG_DEFAULT,1.806167,True,ok,9.2e-05
gplus-combined,64,fp32,CSR_ALG1,1.814042,True,ok,0.00013
gplus-combined,64,fp32,CSR_ALG2,1.817482,True,ok,0.000122
gplus-combined,64,fp32,CSR_ALG3,1.789425,True,ok,0.000107
gplus-combined,64,fp16,ALG_DEFAULT,1.549491,True,ok,0.053045
gplus-combined,64,fp16,CSR_ALG1,1.515146,True,ok,0.053049
gplus-combined,64,fp16,CSR_ALG2,1.527798,True,ok,0.053045
gplus-combined,128,fp32,ALG_DEFAULT,3.262597,True,ok,0.000122
gplus-combined,128,fp32,CSR_ALG1,3.277348,True,ok,0.000137
gplus-combined,128,fp32,CSR_ALG2,3.291244,True,ok,0.000137
gplus-combined,128,fp32,CSR_ALG3,3.286093,True,ok,0.000122
gplus-combined,128,fp16,ALG_DEFAULT,1.924941,True,ok,0.055038
gplus-combined,128,fp16,CSR_ALG1,1.938934,True,ok,0.055038
gplus-combined,128,fp16,CSR_ALG2,1.925258,True,ok,0.055038
gplus-combined,256,fp32,ALG_DEFAULT,6.483154,True,ok,0.000137
gplus-combined,256,fp32,CSR_ALG1,6.489805,True,ok,0.000122
gplus-combined,256,fp32,CSR_ALG2,6.500081,True,ok,0.000137
gplus-combined,256,fp32,CSR_ALG3,6.498227,True,ok,0.000137
gplus-combined,256,fp16,ALG_DEFAULT,3.767061,True,ok,0.057562
gplus-combined,256,fp16,CSR_ALG1,3.768975,True,ok,0.057558
gplus-combined,256,fp16,CSR_ALG2,3.771745,True,ok,0.057558
gplus-combined,512,fp32,ALG_DEFAULT,13.010504,True,ok,0.000137
gplus-combined,512,fp32,CSR_ALG1,13.023912,True,ok,0.000153
gplus-combined,512,fp32,CSR_ALG2,13.061258,True,ok,0.000153
gplus-combined,512,fp32,CSR_ALG3,13.087508,True,ok,0.000137
gplus-combined,512,fp16,ALG_DEFAULT,7.478318,True,ok,0.058451
gplus-combined,512,fp16,CSR_ALG1,7.48012,True,ok,0.058455
gplus-combined,512,fp16,CSR_ALG2,7.482327,True,ok,0.058453
Reddit,64,fp32,ALG_DEFAULT,25.618059,True,ok,0.000443
Reddit,64,fp32,CSR_ALG1,25.619604,True,ok,0.000397
Reddit,64,fp32,CSR_ALG2,25.621862,True,ok,0.000534
Reddit,64,fp32,CSR_ALG3,25.62862,True,ok,0.000351
Reddit,64,fp16,ALG_DEFAULT,15.406111,True,ok,0.087318
Reddit,64,fp16,CSR_ALG1,15.453604,True,ok,0.087318
Reddit,64,fp16,CSR_ALG2,15.480366,True,ok,0.087326
Reddit,128,fp32,ALG_DEFAULT,58.885399,True,ok,0.000488
Reddit,128,fp32,CSR_ALG1,58.882156,True,ok,0.000412
Reddit,128,fp32,CSR_ALG2,58.887501,True,ok,0.000458
Reddit,128,fp32,CSR_ALG3,58.882504,True,ok,0.000458
Reddit,128,fp16,ALG_DEFAULT,26.046812,True,ok,0.10173
Reddit,128,fp16,CSR_ALG1,26.043213,True,ok,0.101746
Reddit,128,fp16,CSR_ALG2,26.046858,True,ok,0.101723
Reddit,256,fp32,ALG_DEFAULT,115.960556,True,ok,0.000671
Reddit,256,fp32,CSR_ALG1,115.965263,True,ok,0.000488
Reddit,256,fp32,CSR_ALG2,115.966034,True,ok,0.000488
Reddit,256,fp32,CSR_ALG3,115.964203,True,ok,0.000427
Reddit,256,fp16,ALG_DEFAULT,51.427715,True,ok,0.108551
Reddit,256,fp16,CSR_ALG1,51.432106,True,ok,0.108482
Reddit,256,fp16,CSR_ALG2,51.427967,True,ok,0.108517
ogbn-products,64,fp32,ALG_DEFAULT,39.222984,True,ok,0.000206
ogbn-products,64,fp32,CSR_ALG1,39.227547,True,ok,0.000275
ogbn-products,64,fp32,CSR_ALG2,39.231514,True,ok,0.000275
ogbn-products,64,fp32,CSR_ALG3,39.233433,True,ok,0.000244
ogbn-products,64,fp16,ALG_DEFAULT,22.987524,True,ok,0.073654
ogbn-products,64,fp16,CSR_ALG1,22.990173,True,ok,0.073608
ogbn-products,64,fp16,CSR_ALG2,22.981741,True,ok,0.0737
ogbn-products,128,fp32,ALG_DEFAULT,79.027443,True,ok,0.000305
ogbn-products,128,fp32,CSR_ALG1,79.006653,True,ok,0.000305
ogbn-products,128,fp32,CSR_ALG2,79.019676,True,ok,0.000237
ogbn-products,128,fp32,CSR_ALG3,79.005859,True,ok,0.000336
ogbn-products,128,fp16,ALG_DEFAULT,41.709518,True,ok,0.078381
ogbn-products,128,fp16,CSR_ALG1,41.714352,True,ok,0.078365
ogbn-products,128,fp16,CSR_ALG2,41.70953,True,ok,0.078358
ogbn-proteins,64,fp32,ALG_DEFAULT,10.104683,True,ok,0.000168
ogbn-proteins,64,fp32,CSR_ALG1,10.017275,True,ok,0.000153
ogbn-proteins,64,fp32,CSR_ALG2,9.987558,True,ok,0.000168
ogbn-proteins,64,fp32,CSR_ALG3,9.986104,True,ok,0.000153
ogbn-proteins,64,fp16,ALG_DEFAULT,8.335114,True,ok,0.059052
ogbn-proteins,64,fp16,CSR_ALG1,8.328693,True,ok,0.059052
ogbn-proteins,64,fp16,CSR_ALG2,8.328176,True,ok,0.059059
ogbn-proteins,128,fp32,ALG_DEFAULT,18.909645,True,ok,0.000237
ogbn-proteins,128,fp32,CSR_ALG1,18.946735,True,ok,0.000168
ogbn-proteins,128,fp32,CSR_ALG2,18.988329,True,ok,0.000191
ogbn-proteins,128,fp32,CSR_ALG3,19.028906,True,ok,0.000168
ogbn-proteins,128,fp16,ALG_DEFAULT,10.422288,True,ok,0.062134
ogbn-proteins,128,fp16,CSR_ALG1,10.420767,True,ok,0.062103
ogbn-proteins,128,fp16,CSR_ALG2,10.424007,True,ok,0.062119
com-DBLP,64,fp32,ALG_DEFAULT,0.708029,True,ok,8e-06
com-DBLP,64,fp32,CSR_ALG1,0.711844,True,ok,8e-06
com-DBLP,64,fp32,CSR_ALG2,0.707814,True,ok,8e-06
com-DBLP,64,fp32,CSR_ALG3,0.711762,True,ok,8e-06
com-DBLP,64,fp16,ALG_DEFAULT,0.479288,True,ok,0.01267
com-DBLP,64,fp16,CSR_ALG1,0.496174,True,ok,0.01267
com-DBLP,64,fp16,CSR_ALG2,0.486825,True,ok,0.01267
com-DBLP,128,fp32,ALG_DEFAULT,1.53324,True,ok,1.1e-05
com-DBLP,128,fp32,CSR_ALG1,1.53196,True,ok,1.1e-05
com-DBLP,128,fp32,CSR_ALG2,1.533798,True,ok,1.1e-05
com-DBLP,128,fp32,CSR_ALG3,1.532119,True,ok,8e-06
com-DBLP,128,fp16,ALG_DEFAULT,0.97599,True,ok,0.014519
com-DBLP,128,fp16,CSR_ALG1,0.976942,True,ok,0.014518
com-DBLP,128,fp16,CSR_ALG2,0.976399,True,ok,0.014518
com-DBLP,256,fp32,ALG_DEFAULT,3.082757,True,ok,1.1e-05
com-DBLP,256,fp32,CSR_ALG1,3.075425,True,ok,8e-06
com-DBLP,256,fp32,CSR_ALG2,3.08309,True,ok,8e-06
com-DBLP,256,fp32,CSR_ALG3,3.075722,True,ok,1e-05
com-DBLP,256,fp16,ALG_DEFAULT,1.935729,True,ok,0.011748
com-DBLP,256,fp16,CSR_ALG1,1.933384,True,ok,0.011748
com-DBLP,256,fp16,CSR_ALG2,1.936056,True,ok,0.011748
com-DBLP,512,fp32,ALG_DEFAULT,6.174075,True,ok,1.1e-05
com-DBLP,512,fp32,CSR_ALG1,6.178186,True,ok,1.1e-05
com-DBLP,512,fp32,CSR_ALG2,6.16767,True,ok,1.1e-05
com-DBLP,512,fp32,CSR_ALG3,6.177557,True,ok,1.1e-05
com-DBLP,512,fp16,ALG_DEFAULT,3.854879,True,ok,0.013073
com-DBLP,512,fp16,CSR_ALG1,3.853942,True,ok,0.013075
com-DBLP,512,fp16,CSR_ALG2,3.855268,True,ok,0.013075
com-Amazon,64,fp32,ALG_DEFAULT,0.781548,True,ok,1.1e-05
com-Amazon,64,fp32,CSR_ALG1,0.780779,True,ok,8e-06
com-Amazon,64,fp32,CSR_ALG2,0.781302,True,ok,8e-06
com-Amazon,64,fp32,CSR_ALG3,0.780795,True,ok,8e-06
com-Amazon,64,fp16,ALG_DEFAULT,0.533612,True,ok,0.010593
com-Amazon,64,fp16,CSR_ALG1,0.533238,True,ok,0.010593
com-Amazon,64,fp16,CSR_ALG2,0.529664,True,ok,0.010593
com-Amazon,128,fp32,ALG_DEFAULT,1.575552,True,ok,1e-05
com-Amazon,128,fp32,CSR_ALG1,1.575066,True,ok,1.1e-05
com-Amazon,128,fp32,CSR_ALG2,1.576033,True,ok,8e-06
com-Amazon,128,fp32,CSR_ALG3,1.575178,True,ok,8e-06
com-Amazon,128,fp16,ALG_DEFAULT,1.049277,True,ok,0.011913
com-Amazon,128,fp16,CSR_ALG1,1.051515,True,ok,0.011913
com-Amazon,128,fp16,CSR_ALG2,1.049692,True,ok,0.011913
com-Amazon,256,fp32,ALG_DEFAULT,3.140746,True,ok,1.5e-05
com-Amazon,256,fp32,CSR_ALG1,3.142001,True,ok,1.5e-05
com-Amazon,256,fp32,CSR_ALG2,3.144289,True,ok,1.5e-05
com-Amazon,256,fp32,CSR_ALG3,3.142215,True,ok,1.5e-05
com-Amazon,256,fp16,ALG_DEFAULT,2.09001,True,ok,0.015486
com-Amazon,256,fp16,CSR_ALG1,2.088448,True,ok,0.015486
com-Amazon,256,fp16,CSR_ALG2,2.089856,True,ok,0.015486
com-Amazon,512,fp32,ALG_DEFAULT,6.281856,True,ok,1.1e-05
com-Amazon,512,fp32,CSR_ALG1,6.285547,True,ok,1e-05
com-Amazon,512,fp32,CSR_ALG2,6.282137,True,ok,1.5e-05
com-Amazon,512,fp32,CSR_ALG3,6.285261,True,ok,1.1e-05
com-Amazon,512,fp16,ALG_DEFAULT,4.171377,True,ok,0.0158
com-Amazon,512,fp16,CSR_ALG1,4.17063,True,ok,0.015804
com-Amazon,512,fp16,CSR_ALG2,4.171925,True,ok,0.0158
com-youtube,64,fp32,ALG_DEFAULT,1.925094,True,ok,0.000366
com-youtube,64,fp32,CSR_ALG1,1.926257,True,ok,0.000488
com-youtube,64,fp32,CSR_ALG2,1.925663,True,ok,0.000366
com-youtube,64,fp32,CSR_ALG3,1.926067,True,ok,0.000397
com-youtube,64,fp16,ALG_DEFAULT,1.446123,True,ok,0.086655
com-youtube,64,fp16,CSR_ALG1,1.440215,True,ok,0.086578
com-youtube,64,fp16,CSR_ALG2,1.446175,True,ok,0.086517
com-youtube,128,fp32,ALG_DEFAULT,4.062423,True,ok,0.00058
com-youtube,128,fp32,CSR_ALG1,4.06825,True,ok,0.000549
com-youtube,128,fp32,CSR_ALG2,4.062679,True,ok,0.000397
com-youtube,128,fp32,CSR_ALG3,4.068628,True,ok,0.000488
com-youtube,128,fp16,ALG_DEFAULT,2.739702,True,ok,0.08448
com-youtube,128,fp16,CSR_ALG1,2.736963,True,ok,0.084419
com-youtube,128,fp16,CSR_ALG2,2.739338,True,ok,0.084435
com-youtube,256,fp32,ALG_DEFAULT,8.142479,True,ok,0.00058
com-youtube,256,fp32,CSR_ALG1,8.139146,True,ok,0.000458
com-youtube,256,fp32,CSR_ALG2,8.14507,True,ok,0.000427
com-youtube,256,fp32,CSR_ALG3,8.139521,True,ok,0.000641
com-youtube,256,fp16,ALG_DEFAULT,5.459364,True,ok,0.111053
com-youtube,256,fp16,CSR_ALG1,5.464412,True,ok,0.110992
com-youtube,256,fp16,CSR_ALG2,5.459379,True,ok,0.111145
Cora,64,fp32,ALG_DEFAULT,0.014956,True,ok,4e-06
Cora,64,fp32,CSR_ALG1,0.014531,True,ok,4e-06
Cora,64,fp32,CSR_ALG2,0.01452,True,ok,4e-06
Cora,64,fp32,CSR_ALG3,0.014525,True,ok,4e-06
Cora,64,fp16,ALG_DEFAULT,0.014602,True,ok,0.006671
Cora,64,fp16,CSR_ALG1,0.014397,True,ok,0.006671
Cora,64,fp16,CSR_ALG2,0.014392,True,ok,0.006671
Cora,128,fp32,ALG_DEFAULT,0.014607,True,ok,2e-06
Cora,128,fp32,CSR_ALG1,0.014525,True,ok,2e-06
Cora,128,fp32,CSR_ALG2,0.01451,True,ok,2e-06
Cora,128,fp32,CSR_ALG3,0.014505,True,ok,4e-06
Cora,128,fp16,ALG_DEFAULT,0.014413,True,ok,0.009716
Cora,128,fp16,CSR_ALG1,0.014367,True,ok,0.009716
Cora,128,fp16,CSR_ALG2,0.014346,True,ok,0.009716
Cora,256,fp32,ALG_DEFAULT,0.016,True,ok,4e-06
Cora,256,fp32,CSR_ALG1,0.01558,True,ok,4e-06
Cora,256,fp32,CSR_ALG2,0.015974,True,ok,4e-06
Cora,256,fp32,CSR_ALG3,0.015606,True,ok,4e-06
Cora,256,fp16,ALG_DEFAULT,0.015206,True,ok,0.0089
Cora,256,fp16,CSR_ALG1,0.015206,True,ok,0.0089
Cora,256,fp16,CSR_ALG2,0.015191,True,ok,0.0089
Cora,512,fp32,ALG_DEFAULT,0.032845,True,ok,4e-06
Cora,512,fp32,CSR_ALG1,0.033224,True,ok,4e-06
Cora,512,fp32,CSR_ALG2,0.032891,True,ok,4e-06
Cora,512,fp32,CSR_ALG3,0.033316,True,ok,4e-06
Cora,512,fp16,ALG_DEFAULT,0.025667,True,ok,0.007278
Cora,512,fp16,CSR_ALG1,0.025851,True,ok,0.007278
Cora,512,fp16,CSR_ALG2,0.025723,True,ok,0.007278
CiteSeer,64,fp32,ALG_DEFAULT,0.013855,True,ok,0.0
CiteSeer,64,fp32,CSR_ALG1,0.013855,True,ok,0.0
CiteSeer,64,fp32,CSR_ALG2,0.01387,True,ok,0.0
CiteSeer,64,fp32,CSR_ALG3,0.01386,True,ok,0.0
CiteSeer,64,fp16,ALG_DEFAULT,0.014049,True,ok,0.00618
CiteSeer,64,fp16,CSR_ALG1,0.014044,True,ok,0.00618
CiteSeer,64,fp16,CSR_ALG2,0.014039,True,ok,0.00618
CiteSeer,128,fp32,ALG_DEFAULT,0.014167,True,ok,0.0
CiteSeer,128,fp32,CSR_ALG1,0.014172,True,ok,2e-06
CiteSeer,128,fp32,CSR_ALG2,0.014157,True,ok,2e-06
CiteSeer,128,fp32,CSR_ALG3,0.014157,True,ok,2e-06
CiteSeer,128,fp16,ALG_DEFAULT,0.014157,True,ok,0.005421
CiteSeer,128,fp16,CSR_ALG1,0.014157,True,ok,0.005421
CiteSeer,128,fp16,CSR_ALG2,0.014147,True,ok,0.005421
CiteSeer,256,fp32,ALG_DEFAULT,0.019354,True,ok,4e-06
CiteSeer,256,fp32,CSR_ALG1,0.018949,True,ok,4e-06
CiteSeer,256,fp32,CSR_ALG2,0.019476,True,ok,4e-06
CiteSeer,256,fp32,CSR_ALG3,0.018944,True,ok,4e-06
CiteSeer,256,fp16,ALG_DEFAULT,0.015165,True,ok,0.007346
CiteSeer,256,fp16,CSR_ALG1,0.01515,True,ok,0.007346
CiteSeer,256,fp16,CSR_ALG2,0.01516,True,ok,0.007346
CiteSeer,512,fp32,ALG_DEFAULT,0.037668,True,ok,2e-06
CiteSeer,512,fp32,CSR_ALG1,0.038252,True,ok,2e-06
CiteSeer,512,fp32,CSR_ALG2,0.03775,True,ok,2e-06
CiteSeer,512,fp32,CSR_ALG3,0.038246,True,ok,2e-06
CiteSeer,512,fp16,ALG_DEFAULT,0.030351,True,ok,0.007788
CiteSeer,512,fp16,CSR_ALG1,0.030249,True,ok,0.007788
CiteSeer,512,fp16,CSR_ALG2,0.030367,True,ok,0.007788
PPI,64,fp32,ALG_DEFAULT,0.022185,True,ok,8e-06
PPI,64,fp32,CSR_ALG1,0.02217,True,ok,8e-06
PPI,64,fp32,CSR_ALG2,0.022154,True,ok,8e-06
PPI,64,fp32,CSR_ALG3,0.022164,True,ok,8e-06
PPI,64,fp16,ALG_DEFAULT,0.022185,True,ok,0.011406
PPI,64,fp16,CSR_ALG1,0.02219,True,ok,0.011406
PPI,64,fp16,CSR_ALG2,0.02218,True,ok,0.011406
PPI,128,fp32,ALG_DEFAULT,0.022897,True,ok,8e-06
PPI,128,fp32,CSR_ALG1,0.022938,True,ok,8e-06
PPI,128,fp32,CSR_ALG2,0.022927,True,ok,1.1e-05
PPI,128,fp32,CSR_ALG3,0.022953,True,ok,4e-06
PPI,128,fp16,ALG_DEFAULT,0.022323,True,ok,0.012917
PPI,128,fp16,CSR_ALG1,0.022333,True,ok,0.012917
PPI,128,fp16,CSR_ALG2,0.022318,True,ok,0.012917
PPI,256,fp32,ALG_DEFAULT,0.025938,True,ok,8e-06
PPI,256,fp32,CSR_ALG1,0.025923,True,ok,8e-06
PPI,256,fp32,CSR_ALG2,0.025948,True,ok,8e-06
PPI,256,fp32,CSR_ALG3,0.025928,True,ok,8e-06
PPI,256,fp16,ALG_DEFAULT,0.024545,True,ok,0.011134
PPI,256,fp16,CSR_ALG1,0.02453,True,ok,0.011134
PPI,256,fp16,CSR_ALG2,0.02452,True,ok,0.011134
PPI,512,fp32,ALG_DEFAULT,0.043699,True,ok,8e-06
PPI,512,fp32,CSR_ALG1,0.044815,True,ok,8e-06
PPI,512,fp32,CSR_ALG2,0.04395,True,ok,1.1e-05
PPI,512,fp32,CSR_ALG3,0.045588,True,ok,6e-06
PPI,512,fp16,ALG_DEFAULT,0.033562,True,ok,0.013186
PPI,512,fp16,CSR_ALG1,0.033654,True,ok,0.013186
PPI,512,fp16,CSR_ALG2,0.033567,True,ok,0.013186
Flickr,64,fp32,ALG_DEFAULT,0.250639,True,ok,6.9e-05
Flickr,64,fp32,CSR_ALG1,0.251822,True,ok,6.1e-05
Flickr,64,fp32,CSR_ALG2,0.251617,True,ok,4.2e-05
Flickr,64,fp32,CSR_ALG3,0.25175,True,ok,5.3e-05
Flickr,64,fp16,ALG_DEFAULT,0.165878,True,ok,0.052402
Flickr,64,fp16,CSR_ALG1,0.169108,True,ok,0.052402
Flickr,64,fp16,CSR_ALG2,0.168893,True,ok,0.052406
Flickr,128,fp32,ALG_DEFAULT,0.55382,True,ok,0.000107
Flickr,128,fp32,CSR_ALG1,0.554639,True,ok,0.000137
Flickr,128,fp32,CSR_ALG2,0.553339,True,ok,6.9e-05
Flickr,128,fp32,CSR_ALG3,0.554854,True,ok,9.2e-05
Flickr,128,fp16,ALG_DEFAULT,0.338586,True,ok,0.042116
Flickr,128,fp16,CSR_ALG1,0.338063,True,ok,0.042114
Flickr,128,fp16,CSR_ALG2,0.338606,True,ok,0.042116
Flickr,256,fp32,ALG_DEFAULT,1.096796,True,ok,0.000107
Flickr,256,fp32,CSR_ALG1,1.095537,True,ok,0.000114
Flickr,256,fp32,CSR_ALG2,1.096622,True,ok,8.4e-05
Flickr,256,fp32,CSR_ALG3,1.095624,True,ok,0.000137
Flickr,256,fp16,ALG_DEFAULT,0.664136,True,ok,0.042871
Flickr,256,fp16,CSR_ALG1,0.665702,True,ok,0.042864
Flickr,256,fp16,CSR_ALG2,0.663808,True,ok,0.042871
Flickr,512,fp32,ALG_DEFAULT,2.177474,True,ok,0.000153
Flickr,512,fp32,CSR_ALG1,2.179374,True,ok,0.00013
Flickr,512,fp32,CSR_ALG2,2.180741,True,ok,0.000107
Flickr,512,fp32,CSR_ALG3,2.179512,True,ok,0.000107
Flickr,512,fp16,ALG_DEFAULT,1.312927,True,ok,0.058121
Flickr,512,fp16,CSR_ALG1,1.312154,True,ok,0.058128
Flickr,512,fp16,CSR_ALG2,1.313756,True,ok,0.058136
synth_sparse_skewed_cv1p5,64,fp32,ALG_DEFAULT,1.212575,True,ok,4e-06
synth_sparse_skewed_cv1p5,64,fp32,CSR_ALG1,1.215355,True,ok,2e-06
synth_sparse_skewed_cv1p5,64,fp32,CSR_ALG2,1.215114,True,ok,4e-06
synth_sparse_skewed_cv1p5,64,fp32,CSR_ALG3,1.21602,True,ok,2e-06
synth_sparse_skewed_cv1p5,64,fp16,ALG_DEFAULT,0.715249,True,ok,0.006617
synth_sparse_skewed_cv1p5,64,fp16,CSR_ALG1,0.71508,True,ok,0.006617
synth_sparse_skewed_cv1p5,64,fp16,CSR_ALG2,0.715285,True,ok,0.006617
synth_sparse_skewed_cv1p5,128,fp32,ALG_DEFAULT,2.502088,True,ok,2e-06
synth_sparse_skewed_cv1p5,128,fp32,CSR_ALG1,2.503306,True,ok,2e-06
synth_sparse_skewed_cv1p5,128,fp32,CSR_ALG2,2.502042,True,ok,2e-06
synth_sparse_skewed_cv1p5,128,fp32,CSR_ALG3,2.503403,True,ok,2e-06
synth_sparse_skewed_cv1p5,128,fp16,ALG_DEFAULT,1.395584,True,ok,0.006917
synth_sparse_skewed_cv1p5,128,fp16,CSR_ALG1,1.394289,True,ok,0.006917
synth_sparse_skewed_cv1p5,128,fp16,CSR_ALG2,1.396111,True,ok,0.006917
synth_sparse_skewed_cv1p5,256,fp32,ALG_DEFAULT,4.97769,True,ok,2e-06
synth_sparse_skewed_cv1p5,256,fp32,CSR_ALG1,4.975811,True,ok,2e-06
synth_sparse_skewed_cv1p5,256,fp32,CSR_ALG2,4.977726,True,ok,2e-06
synth_sparse_skewed_cv1p5,256,fp32,CSR_ALG3,4.975636,True,ok,2e-06
synth_sparse_skewed_cv1p5,256,fp16,ALG_DEFAULT,2.769306,True,ok,0.006837
synth_sparse_skewed_cv1p5,256,fp16,CSR_ALG1,2.771046,True,ok,0.006837
synth_sparse_skewed_cv1p5,256,fp16,CSR_ALG2,2.768732,True,ok,0.006837
synth_sparse_skewed_cv1p5,512,fp32,ALG_DEFAULT,9.95243,True,ok,2e-06
synth_sparse_skewed_cv1p5,512,fp32,CSR_ALG1,9.947101,True,ok,2e-06
synth_sparse_skewed_cv1p5,512,fp32,CSR_ALG2,9.951944,True,ok,2e-06
synth_sparse_skewed_cv1p5,512,fp32,CSR_ALG3,9.947131,True,ok,2e-06
synth_sparse_skewed_cv1p5,512,fp16,ALG_DEFAULT,5.52279,True,ok,0.007704
synth_sparse_skewed_cv1p5,512,fp16,CSR_ALG1,5.525898,True,ok,0.007704
synth_sparse_skewed_cv1p5,512,fp16,CSR_ALG2,5.522836,True,ok,0.007704
synth_sparse_skewed_cv2p0,64,fp32,ALG_DEFAULT,1.923215,True,ok,4e-06
synth_sparse_skewed_cv2p0,64,fp32,CSR_ALG1,1.926482,True,ok,4e-06
synth_sparse_skewed_cv2p0,64,fp32,CSR_ALG2,1.92343,True,ok,4e-06
synth_sparse_skewed_cv2p0,64,fp32,CSR_ALG3,1.924188,True,ok,4e-06
synth_sparse_skewed_cv2p0,64,fp16,ALG_DEFAULT,1.129073,True,ok,0.008362
synth_sparse_skewed_cv2p0,64,fp16,CSR_ALG1,1.118177,True,ok,0.008361
synth_sparse_skewed_cv2p0,64,fp16,CSR_ALG2,1.122755,True,ok,0.008362
synth_sparse_skewed_cv2p0,128,fp32,ALG_DEFAULT,4.010409,True,ok,4e-06
synth_sparse_skewed_cv2p0,128,fp32,CSR_ALG1,4.008049,True,ok,4e-06
synth_sparse_skewed_cv2p0,128,fp32,CSR_ALG2,4.010962,True,ok,4e-06
synth_sparse_skewed_cv2p0,128,fp32,CSR_ALG3,4.008187,True,ok,4e-06
synth_sparse_skewed_cv2p0,128,fp16,ALG_DEFAULT,2.123326,True,ok,0.009172
synth_sparse_skewed_cv2p0,128,fp16,CSR_ALG1,2.122532,True,ok,0.009172
synth_sparse_skewed_cv2p0,128,fp16,CSR_ALG2,2.123085,True,ok,0.009172
synth_sparse_skewed_cv2p0,256,fp32,ALG_DEFAULT,8.00809,True,ok,4e-06
synth_sparse_skewed_cv2p0,256,fp32,CSR_ALG1,7.998229,True,ok,4e-06
synth_sparse_skewed_cv2p0,256,fp32,CSR_ALG2,8.008084,True,ok,4e-06
synth_sparse_skewed_cv2p0,256,fp32,CSR_ALG3,7.998223,True,ok,4e-06
synth_sparse_skewed_cv2p0,256,fp16,ALG_DEFAULT,4.21503,True,ok,0.008933
synth_sparse_skewed_cv2p0,256,fp16,CSR_ALG1,4.215598,True,ok,0.008933
synth_sparse_skewed_cv2p0,256,fp16,CSR_ALG2,4.215086,True,ok,0.008933
synth_sparse_skewed_cv2p0,512,fp32,ALG_DEFAULT,16.000261,True,ok,4e-06
synth_sparse_skewed_cv2p0,512,fp32,CSR_ALG1,15.984174,True,ok,4e-06
synth_sparse_skewed_cv2p0,512,fp32,CSR_ALG2,15.999099,True,ok,4e-06
synth_sparse_skewed_cv2p0,512,fp32,CSR_ALG3,15.983376,True,ok,4e-06
synth_sparse_skewed_cv2p0,512,fp16,ALG_DEFAULT,8.408172,True,ok,0.009099
synth_sparse_skewed_cv2p0,512,fp16,CSR_ALG1,8.406016,True,ok,0.009099
synth_sparse_skewed_cv2p0,512,fp16,CSR_ALG2,8.408248,True,ok,0.009099
synth_sparse_skewed_cv2p5,64,fp32,ALG_DEFAULT,3.064008,True,ok,4e-06
synth_sparse_skewed_cv2p5,64,fp32,CSR_ALG1,3.065237,True,ok,5e-06
synth_sparse_skewed_cv2p5,64,fp32,CSR_ALG2,3.065943,True,ok,5e-06
synth_sparse_skewed_cv2p5,64,fp32,CSR_ALG3,3.06583,True,ok,6e-06
synth_sparse_skewed_cv2p5,64,fp16,ALG_DEFAULT,1.758705,True,ok,0.010807
synth_sparse_skewed_cv2p5,64,fp16,CSR_ALG1,1.772923,True,ok,0.010807
synth_sparse_skewed_cv2p5,64,fp16,CSR_ALG2,1.759821,True,ok,0.010807
synth_sparse_skewed_cv2p5,128,fp32,ALG_DEFAULT,6.396764,True,ok,4e-06
synth_sparse_skewed_cv2p5,128,fp32,CSR_ALG1,6.395792,True,ok,6e-06
synth_sparse_skewed_cv2p5,128,fp32,CSR_ALG2,6.397112,True,ok,8e-06
synth_sparse_skewed_cv2p5,128,fp32,CSR_ALG3,6.395878,True,ok,6e-06
synth_sparse_skewed_cv2p5,128,fp16,ALG_DEFAULT,3.277256,True,ok,0.011373
synth_sparse_skewed_cv2p5,128,fp16,CSR_ALG1,3.2772,True,ok,0.011374
synth_sparse_skewed_cv2p5,128,fp16,CSR_ALG2,3.276759,True,ok,0.011373
synth_sparse_skewed_cv2p5,256,fp32,ALG_DEFAULT,12.757515,True,ok,8e-06
synth_sparse_skewed_cv2p5,256,fp32,CSR_ALG1,12.756173,True,ok,6e-06
synth_sparse_skewed_cv2p5,256,fp32,CSR_ALG2,12.755871,True,ok,6e-06
synth_sparse_skewed_cv2p5,256,fp32,CSR_ALG3,12.756372,True,ok,6e-06
synth_sparse_skewed_cv2p5,256,fp16,ALG_DEFAULT,6.524436,True,ok,0.012357
synth_sparse_skewed_cv2p5,256,fp16,CSR_ALG1,6.523468,True,ok,0.012356
synth_sparse_skewed_cv2p5,256,fp16,CSR_ALG2,6.524416,True,ok,0.012356
synth_sparse_skewed_cv2p5,512,fp32,ALG_DEFAULT,25.529533,True,ok,8e-06
synth_sparse_skewed_cv2p5,512,fp32,CSR_ALG1,25.537094,True,ok,8e-06
synth_sparse_skewed_cv2p5,512,fp32,CSR_ALG2,25.530062,True,ok,8e-06
synth_sparse_skewed_cv2p5,512,fp32,CSR_ALG3,25.537468,True,ok,8e-06
synth_sparse_skewed_cv2p5,512,fp16,ALG_DEFAULT,13.051454,True,ok,0.01177
synth_sparse_skewed_cv2p5,512,fp16,CSR_ALG1,13.054218,True,ok,0.01177
synth_sparse_skewed_cv2p5,512,fp16,CSR_ALG2,13.051618,True,ok,0.01177
synth_sparse_skewed_cv3p0,64,fp32,ALG_DEFAULT,4.677924,True,ok,8e-06
synth_sparse_skewed_cv3p0,64,fp32,CSR_ALG1,4.67732,True,ok,8e-06
synth_sparse_skewed_cv3p0,64,fp32,CSR_ALG2,4.676941,True,ok,8e-06
synth_sparse_skewed_cv3p0,64,fp32,CSR_ALG3,4.676889,True,ok,8e-06
synth_sparse_skewed_cv3p0,64,fp16,ALG_DEFAULT,2.686085,True,ok,0.013116
synth_sparse_skewed_cv3p0,64,fp16,CSR_ALG1,2.683392,True,ok,0.013116
synth_sparse_skewed_cv3p0,64,fp16,CSR_ALG2,2.66581,True,ok,0.013116
synth_sparse_skewed_cv3p0,128,fp32,ALG_DEFAULT,9.745542,True,ok,8e-06
synth_sparse_skewed_cv3p0,128,fp32,CSR_ALG1,9.744876,True,ok,8e-06
synth_sparse_skewed_cv3p0,128,fp32,CSR_ALG2,9.74614,True,ok,8e-06
synth_sparse_skewed_cv3p0,128,fp32,CSR_ALG3,9.745715,True,ok,8e-06
synth_sparse_skewed_cv3p0,128,fp16,ALG_DEFAULT,4.890757,True,ok,0.013508
synth_sparse_skewed_cv3p0,128,fp16,CSR_ALG1,4.889641,True,ok,0.013508
synth_sparse_skewed_cv3p0,128,fp16,CSR_ALG2,4.890593,True,ok,0.013507
synth_sparse_skewed_cv3p0,256,fp32,ALG_DEFAULT,19.431511,True,ok,8e-06
synth_sparse_skewed_cv3p0,256,fp32,CSR_ALG1,19.430304,True,ok,8e-06
synth_sparse_skewed_cv3p0,256,fp32,CSR_ALG2,19.432043,True,ok,8e-06
synth_sparse_skewed_cv3p0,256,fp32,CSR_ALG3,19.429899,True,ok,8e-06
synth_sparse_skewed_cv3p0,256,fp16,ALG_DEFAULT,9.727697,True,ok,0.013232
synth_sparse_skewed_cv3p0,256,fp16,CSR_ALG1,9.729075,True,ok,0.013231
synth_sparse_skewed_cv3p0,256,fp16,CSR_ALG2,9.728015,True,ok,0.013229
synth_sparse_skewed_cv3p0,512,fp32,ALG_DEFAULT,38.878799,True,ok,8e-06
synth_sparse_skewed_cv3p0,512,fp32,CSR_ALG1,38.875866,True,ok,8e-06
synth_sparse_skewed_cv3p0,512,fp32,CSR_ALG2,38.878807,True,ok,8e-06
synth_sparse_skewed_cv3p0,512,fp32,CSR_ALG3,38.876804,True,ok,8e-06
synth_sparse_skewed_cv3p0,512,fp16,ALG_DEFAULT,19.451464,True,ok,0.013717
synth_sparse_skewed_cv3p0,512,fp16,CSR_ALG1,19.448448,True,ok,0.013717
synth_sparse_skewed_cv3p0,512,fp16,CSR_ALG2,19.451336,True,ok,0.013717
synth_sparse_skewed_cv4p0,64,fp32,ALG_DEFAULT,7.12045,True,ok,1e-05
synth_sparse_skewed_cv4p0,64,fp32,CSR_ALG1,7.117117,True,ok,1.1e-05
synth_sparse_skewed_cv4p0,64,fp32,CSR_ALG2,7.117804,True,ok,1.1e-05
synth_sparse_skewed_cv4p0,64,fp32,CSR_ALG3,7.117814,True,ok,1.1e-05
synth_sparse_skewed_cv4p0,64,fp16,ALG_DEFAULT,4.059418,True,ok,0.015345
synth_sparse_skewed_cv4p0,64,fp16,CSR_ALG1,4.060692,True,ok,0.015343
synth_sparse_skewed_cv4p0,64,fp16,CSR_ALG2,4.061701,True,ok,0.015343
synth_sparse_skewed_cv4p0,128,fp32,ALG_DEFAULT,14.818662,True,ok,1.1e-05
synth_sparse_skewed_cv4p0,128,fp32,CSR_ALG1,14.814536,True,ok,1.1e-05
synth_sparse_skewed_cv4p0,128,fp32,CSR_ALG2,14.815934,True,ok,1.1e-05
synth_sparse_skewed_cv4p0,128,fp32,CSR_ALG3,14.815483,True,ok,1.1e-05
synth_sparse_skewed_cv4p0,128,fp16,ALG_DEFAULT,7.337088,True,ok,0.017199
synth_sparse_skewed_cv4p0,128,fp16,CSR_ALG1,7.336796,True,ok,0.017198
synth_sparse_skewed_cv4p0,128,fp16,CSR_ALG2,7.337001,True,ok,0.017199
synth_sparse_skewed_cv4p0,256,fp32,ALG_DEFAULT,29.55962,True,ok,1.1e-05
synth_sparse_skewed_cv4p0,256,fp32,CSR_ALG1,29.564247,True,ok,1.1e-05
synth_sparse_skewed_cv4p0,256,fp32,CSR_ALG2,29.559639,True,ok,1.1e-05
synth_sparse_skewed_cv4p0,256,fp32,CSR_ALG3,29.564651,True,ok,1.5e-05
synth_sparse_skewed_cv4p0,256,fp16,ALG_DEFAULT,14.595737,True,ok,0.016626
synth_sparse_skewed_cv4p0,256,fp16,CSR_ALG1,14.595492,True,ok,0.016626
synth_sparse_skewed_cv4p0,256,fp16,CSR_ALG2,14.595686,True,ok,0.016626
synth_sparse_skewed_cv4p0,512,fp32,ALG_DEFAULT,59.135147,True,ok,1.1e-05
synth_sparse_skewed_cv4p0,512,fp32,CSR_ALG1,59.135292,True,ok,1.5e-05
synth_sparse_skewed_cv4p0,512,fp32,CSR_ALG2,59.135796,True,ok,1.1e-05
synth_sparse_skewed_cv4p0,512,fp32,CSR_ALG3,59.136841,True,ok,1.1e-05
synth_sparse_skewed_cv4p0,512,fp16,ALG_DEFAULT,29.157398,True,ok,0.017817
synth_sparse_skewed_cv4p0,512,fp16,CSR_ALG1,29.157801,True,ok,0.017818
synth_sparse_skewed_cv4p0,512,fp16,CSR_ALG2,29.157007,True,ok,0.017818
synth_community_nc10,64,fp32,ALG_DEFAULT,0.353894,True,ok,0.0
synth_community_nc10,64,fp32,CSR_ALG1,0.354637,True,ok,0.0
synth_community_nc10,64,fp32,CSR_ALG2,0.354493,True,ok,0.0
synth_community_nc10,64,fp32,CSR_ALG3,0.35456,True,ok,0.0
synth_community_nc10,64,fp16,ALG_DEFAULT,0.246344,True,ok,0.003621
synth_community_nc10,64,fp16,CSR_ALG1,0.249001,True,ok,0.003621
synth_community_nc10,64,fp16,CSR_ALG2,0.249155,True,ok,0.003621
synth_community_nc10,128,fp32,ALG_DEFAULT,0.801899,True,ok,0.0
synth_community_nc10,128,fp32,CSR_ALG1,0.800952,True,ok,0.0
synth_community_nc10,128,fp32,CSR_ALG2,0.8015,True,ok,0.0
synth_community_nc10,128,fp32,CSR_ALG3,0.800456,True,ok,0.0
synth_community_nc10,128,fp16,ALG_DEFAULT,0.547098,True,ok,0.003651
synth_community_nc10,128,fp16,CSR_ALG1,0.547128,True,ok,0.003651
synth_community_nc10,128,fp16,CSR_ALG2,0.547446,True,ok,0.003651
synth_community_nc10,256,fp32,ALG_DEFAULT,1.593662,True,ok,0.0
synth_community_nc10,256,fp32,CSR_ALG1,1.593631,True,ok,0.0
synth_community_nc10,256,fp32,CSR_ALG2,1.595469,True,ok,0.0
synth_community_nc10,256,fp32,CSR_ALG3,1.593534,True,ok,0.0
synth_community_nc10,256,fp16,ALG_DEFAULT,1.082501,True,ok,0.00417
synth_community_nc10,256,fp16,CSR_ALG1,1.082225,True,ok,0.00417
synth_community_nc10,256,fp16,CSR_ALG2,1.082107,True,ok,0.00417
synth_community_nc10,512,fp32,ALG_DEFAULT,3.177477,True,ok,0.0
synth_community_nc10,512,fp32,CSR_ALG1,3.169428,True,ok,0.0
synth_community_nc10,512,fp32,CSR_ALG2,3.177457,True,ok,0.0
synth_community_nc10,512,fp32,CSR_ALG3,3.169557,True,ok,0.0
synth_community_nc10,512,fp16,ALG_DEFAULT,2.151567,True,ok,0.004436
synth_community_nc10,512,fp16,CSR_ALG1,2.148675,True,ok,0.004436
synth_community_nc10,512,fp16,CSR_ALG2,2.151639,True,ok,0.004436
synth_community_nc50,64,fp32,ALG_DEFAULT,0.298209,True,ok,0.0
synth_community_nc50,64,fp32,CSR_ALG1,0.299566,True,ok,0.0
synth_community_nc50,64,fp32,CSR_ALG2,0.299197,True,ok,0.0
synth_community_nc50,64,fp32,CSR_ALG3,0.299622,True,ok,0.0
synth_community_nc50,64,fp16,ALG_DEFAULT,0.234798,True,ok,0.003555
synth_community_nc50,64,fp16,CSR_ALG1,0.236918,True,ok,0.003555
synth_community_nc50,64,fp16,CSR_ALG2,0.236421,True,ok,0.003555
synth_community_nc50,128,fp32,ALG_DEFAULT,0.697416,True,ok,0.0
synth_community_nc50,128,fp32,CSR_ALG1,0.697047,True,ok,0.0
synth_community_nc50,128,fp32,CSR_ALG2,0.697477,True,ok,0.0
synth_community_nc50,128,fp32,CSR_ALG3,0.697098,True,ok,0.0
synth_community_nc50,128,fp16,ALG_DEFAULT,0.483231,True,ok,0.003836
synth_community_nc50,128,fp16,CSR_ALG1,0.484316,True,ok,0.003836
synth_community_nc50,128,fp16,CSR_ALG2,0.48383,True,ok,0.003836
synth_community_nc50,256,fp32,ALG_DEFAULT,1.382769,True,ok,0.0
synth_community_nc50,256,fp32,CSR_ALG1,1.381939,True,ok,0.0
synth_community_nc50,256,fp32,CSR_ALG2,1.382134,True,ok,0.0
synth_community_nc50,256,fp32,CSR_ALG3,1.382082,True,ok,0.0
synth_community_nc50,256,fp16,ALG_DEFAULT,0.962842,True,ok,0.003982
synth_community_nc50,256,fp16,CSR_ALG1,0.960353,True,ok,0.003982
synth_community_nc50,256,fp16,CSR_ALG2,0.96321,True,ok,0.003982
synth_community_nc50,512,fp32,ALG_DEFAULT,2.754862,True,ok,0.0
synth_community_nc50,512,fp32,CSR_ALG1,2.755077,True,ok,0.0
synth_community_nc50,512,fp32,CSR_ALG2,2.755169,True,ok,0.0
synth_community_nc50,512,fp32,CSR_ALG3,2.754872,True,ok,0.0
synth_community_nc50,512,fp16,ALG_DEFAULT,1.903442,True,ok,0.004287
synth_community_nc50,512,fp16,CSR_ALG1,1.89931,True,ok,0.004287
synth_community_nc50,512,fp16,CSR_ALG2,1.903529,True,ok,0.004287
synth_community_nc100,64,fp32,ALG_DEFAULT,0.294856,True,ok,0.0
synth_community_nc100,64,fp32,CSR_ALG1,0.296556,True,ok,0.0
synth_community_nc100,64,fp32,CSR_ALG2,0.296059,True,ok,0.0
synth_community_nc100,64,fp32,CSR_ALG3,0.296591,True,ok,0.0
synth_community_nc100,64,fp16,ALG_DEFAULT,0.234235,True,ok,0.003798
synth_community_nc100,64,fp16,CSR_ALG1,0.23637,True,ok,0.003798
synth_community_nc100,64,fp16,CSR_ALG2,0.236052,True,ok,0.003798
synth_community_nc100,128,fp32,ALG_DEFAULT,0.690478,True,ok,0.0
synth_community_nc100,128,fp32,CSR_ALG1,0.690043,True,ok,0.0
synth_community_nc100,128,fp32,CSR_ALG2,0.69054,True,ok,0.0
synth_community_nc100,128,fp32,CSR_ALG3,0.69015,True,ok,0.0
synth_community_nc100,128,fp16,ALG_DEFAULT,0.47978,True,ok,0.003756
synth_community_nc100,128,fp16,CSR_ALG1,0.479913,True,ok,0.003756
synth_community_nc100,128,fp16,CSR_ALG2,0.480087,True,ok,0.003756
synth_community_nc100,256,fp32,ALG_DEFAULT,1.367875,True,ok,0.0
synth_community_nc100,256,fp32,CSR_ALG1,1.367992,True,ok,0.0
synth_community_nc100,256,fp32,CSR_ALG2,1.368817,True,ok,0.0
synth_community_nc100,256,fp32,CSR_ALG3,1.36788,True,ok,0.0
synth_community_nc100,256,fp16,ALG_DEFAULT,0.954798,True,ok,0.004339
synth_community_nc100,256,fp16,CSR_ALG1,0.951516,True,ok,0.004339
synth_community_nc100,256,fp16,CSR_ALG2,0.954691,True,ok,0.004339
synth_community_nc100,512,fp32,ALG_DEFAULT,2.728975,True,ok,0.0
synth_community_nc100,512,fp32,CSR_ALG1,2.733548,True,ok,0.0
synth_community_nc100,512,fp32,CSR_ALG2,2.729574,True,ok,0.0
synth_community_nc100,512,fp32,CSR_ALG3,2.73303,True,ok,0.0
synth_community_nc100,512,fp16,ALG_DEFAULT,1.885276,True,ok,0.004113
synth_community_nc100,512,fp16,CSR_ALG1,1.883653,True,ok,0.004113
synth_community_nc100,512,fp16,CSR_ALG2,1.884959,True,ok,0.004113
synth_community_nc500,64,fp32,ALG_DEFAULT,0.293857,True,ok,0.0
synth_community_nc500,64,fp32,CSR_ALG1,0.293704,True,ok,0.0
synth_community_nc500,64,fp32,CSR_ALG2,0.294676,True,ok,0.0
synth_community_nc500,64,fp32,CSR_ALG3,0.293545,True,ok,0.0
synth_community_nc500,64,fp16,ALG_DEFAULT,0.233134,True,ok,0.003922
synth_community_nc500,64,fp16,CSR_ALG1,0.234639,True,ok,0.003922
synth_community_nc500,64,fp16,CSR_ALG2,0.235372,True,ok,0.003922
synth_community_nc500,128,fp32,ALG_DEFAULT,0.686587,True,ok,0.0
synth_community_nc500,128,fp32,CSR_ALG1,0.686141,True,ok,0.0
synth_community_nc500,128,fp32,CSR_ALG2,0.686776,True,ok,0.0
synth_community_nc500,128,fp32,CSR_ALG3,0.686029,True,ok,0.0
synth_community_nc500,128,fp16,ALG_DEFAULT,0.47617,True,ok,0.003851
synth_community_nc500,128,fp16,CSR_ALG1,0.476559,True,ok,0.003851
synth_community_nc500,128,fp16,CSR_ALG2,0.476467,True,ok,0.003851
synth_community_nc500,256,fp32,ALG_DEFAULT,1.363318,True,ok,0.0
synth_community_nc500,256,fp32,CSR_ALG1,1.362258,True,ok,0.0
synth_community_nc500,256,fp32,CSR_ALG2,1.363405,True,ok,0.0
synth_community_nc500,256,fp32,CSR_ALG3,1.362637,True,ok,0.0
synth_community_nc500,256,fp16,ALG_DEFAULT,0.946488,True,ok,0.004342
synth_community_nc500,256,fp16,CSR_ALG1,0.945096,True,ok,0.004342
synth_community_nc500,256,fp16,CSR_ALG2,0.946621,True,ok,0.004342
synth_community_nc500,512,fp32,ALG_DEFAULT,2.716851,True,ok,0.0
synth_community_nc500,512,fp32,CSR_ALG1,2.715817,True,ok,0.0
synth_community_nc500,512,fp32,CSR_ALG2,2.717604,True,ok,0.0
synth_community_nc500,512,fp32,CSR_ALG3,2.715679,True,ok,0.0
synth_community_nc500,512,fp16,ALG_DEFAULT,1.872753,True,ok,0.004154
synth_community_nc500,512,fp16,CSR_ALG1,1.873372,True,ok,0.004154
synth_community_nc500,512,fp16,CSR_ALG2,1.872676,True,ok,0.004154
synth_community_nc1000,64,fp32,ALG_DEFAULT,0.292209,True,ok,0.0
synth_community_nc1000,64,fp32,CSR_ALG1,0.292429,True,ok,0.0
synth_community_nc1000,64,fp32,CSR_ALG2,0.293187,True,ok,0.0
synth_community_nc1000,64,fp32,CSR_ALG3,0.292751,True,ok,0.0
synth_community_nc1000,64,fp16,ALG_DEFAULT,0.230943,True,ok,0.00383
synth_community_nc1000,64,fp16,CSR_ALG1,0.23253,True,ok,0.00383
synth_community_nc1000,64,fp16,CSR_ALG2,0.232294,True,ok,0.00383
synth_community_nc1000,128,fp32,ALG_DEFAULT,0.684913,True,ok,0.0
synth_community_nc1000,128,fp32,CSR_ALG1,0.684329,True,ok,0.0
synth_community_nc1000,128,fp32,CSR_ALG2,0.685174,True,ok,0.0
synth_community_nc1000,128,fp32,CSR_ALG3,0.684518,True,ok,0.0
synth_community_nc1000,128,fp16,ALG_DEFAULT,0.473702,True,ok,0.004119
synth_community_nc1000,128,fp16,CSR_ALG1,0.474537,True,ok,0.004119
synth_community_nc1000,128,fp16,CSR_ALG2,0.473917,True,ok,0.004119
synth_community_nc1000,256,fp32,ALG_DEFAULT,1.360655,True,ok,0.0
synth_community_nc1000,256,fp32,CSR_ALG1,1.359867,True,ok,0.0
synth_community_nc1000,256,fp32,CSR_ALG2,1.36085,True,ok,0.0
synth_community_nc1000,256,fp32,CSR_ALG3,1.360046,True,ok,0.0
synth_community_nc1000,256,fp16,ALG_DEFAULT,0.941204,True,ok,0.004107
synth_community_nc1000,256,fp16,CSR_ALG1,0.939541,True,ok,0.004107
synth_community_nc1000,256,fp16,CSR_ALG2,0.940954,True,ok,0.004107
synth_community_nc1000,512,fp32,ALG_DEFAULT,2.709622,True,ok,0.0
synth_community_nc1000,512,fp32,CSR_ALG1,2.714291,True,ok,0.0
synth_community_nc1000,512,fp32,CSR_ALG2,2.709908,True,ok,0.0
synth_community_nc1000,512,fp32,CSR_ALG3,2.713713,True,ok,0.0
synth_community_nc1000,512,fp16,ALG_DEFAULT,1.861361,True,ok,0.004224
synth_community_nc1000,512,fp16,CSR_ALG1,1.863644,True,ok,0.004224
synth_community_nc1000,512,fp16,CSR_ALG2,1.861304,True,ok,0.004224
synth_mixed_v1,64,fp32,ALG_DEFAULT,1.305953,True,ok,8e-06
synth_mixed_v1,64,fp32,CSR_ALG1,1.307479,True,ok,8e-06
synth_mixed_v1,64,fp32,CSR_ALG2,1.309763,True,ok,8e-06
synth_mixed_v1,64,fp32,CSR_ALG3,1.307791,True,ok,8e-06
synth_mixed_v1,64,fp16,ALG_DEFAULT,0.776479,True,ok,0.013516
synth_mixed_v1,64,fp16,CSR_ALG1,0.774441,True,ok,0.013516
synth_mixed_v1,64,fp16,CSR_ALG2,0.790554,True,ok,0.013516
synth_mixed_v1,128,fp32,ALG_DEFAULT,2.688195,True,ok,8e-06
synth_mixed_v1,128,fp32,CSR_ALG1,2.688732,True,ok,8e-06
synth_mixed_v1,128,fp32,CSR_ALG2,2.688031,True,ok,8e-06
synth_mixed_v1,128,fp32,CSR_ALG3,2.688159,True,ok,8e-06
synth_mixed_v1,128,fp16,ALG_DEFAULT,1.476562,True,ok,0.012362
synth_mixed_v1,128,fp16,CSR_ALG1,1.476255,True,ok,0.012362
synth_mixed_v1,128,fp16,CSR_ALG2,1.475594,True,ok,0.012362
synth_mixed_v1,256,fp32,ALG_DEFAULT,5.365284,True,ok,8e-06
synth_mixed_v1,256,fp32,CSR_ALG1,5.366139,True,ok,8e-06
synth_mixed_v1,256,fp32,CSR_ALG2,5.365591,True,ok,8e-06
synth_mixed_v1,256,fp32,CSR_ALG3,5.365944,True,ok,8e-06
synth_mixed_v1,256,fp16,ALG_DEFAULT,2.927636,True,ok,0.013082
synth_mixed_v1,256,fp16,CSR_ALG1,2.927811,True,ok,0.013082
synth_mixed_v1,256,fp16,CSR_ALG2,2.927509,True,ok,0.013082
synth_mixed_v1,512,fp32,ALG_DEFAULT,10.706463,True,ok,8e-06
synth_mixed_v1,512,fp32,CSR_ALG1,10.711409,True,ok,8e-06
synth_mixed_v1,512,fp32,CSR_ALG2,10.712837,True,ok,1e-05
synth_mixed_v1,512,fp32,CSR_ALG3,10.711168,True,ok,8e-06
synth_mixed_v1,512,fp16,ALG_DEFAULT,5.83122,True,ok,0.014667
synth_mixed_v1,512,fp16,CSR_ALG1,5.828449,True,ok,0.014667
synth_mixed_v1,512,fp16,CSR_ALG2,5.830999,True,ok,0.014667
synth_mixed_v2,64,fp32,ALG_DEFAULT,1.699451,True,ok,1.1e-05
synth_mixed_v2,64,fp32,CSR_ALG1,1.700106,True,ok,8e-06
synth_mixed_v2,64,fp32,CSR_ALG2,1.699937,True,ok,8e-06
synth_mixed_v2,64,fp32,CSR_ALG3,1.699589,True,ok,8e-06
synth_mixed_v2,64,fp16,ALG_DEFAULT,1.027011,True,ok,0.016817
synth_mixed_v2,64,fp16,CSR_ALG1,1.001836,True,ok,0.016817
synth_mixed_v2,64,fp16,CSR_ALG2,0.99606,True,ok,0.016817
synth_mixed_v2,128,fp32,ALG_DEFAULT,3.521193,True,ok,1.1e-05
synth_mixed_v2,128,fp32,CSR_ALG1,3.522022,True,ok,1.1e-05
synth_mixed_v2,128,fp32,CSR_ALG2,3.521398,True,ok,1e-05
synth_mixed_v2,128,fp32,CSR_ALG3,3.522386,True,ok,1.1e-05
synth_mixed_v2,128,fp16,ALG_DEFAULT,1.873203,True,ok,0.014892
synth_mixed_v2,128,fp16,CSR_ALG1,1.873664,True,ok,0.014892
synth_mixed_v2,128,fp16,CSR_ALG2,1.872916,True,ok,0.014892
synth_mixed_v2,256,fp32,ALG_DEFAULT,7.016289,True,ok,1.1e-05
synth_mixed_v2,256,fp32,CSR_ALG1,7.021936,True,ok,1.1e-05
synth_mixed_v2,256,fp32,CSR_ALG2,7.016776,True,ok,1.1e-05
synth_mixed_v2,256,fp32,CSR_ALG3,7.021855,True,ok,1.1e-05
synth_mixed_v2,256,fp16,ALG_DEFAULT,3.718636,True,ok,0.016244
synth_mixed_v2,256,fp16,CSR_ALG1,3.71862,True,ok,0.016243
synth_mixed_v2,256,fp16,CSR_ALG2,3.718431,True,ok,0.016243
synth_mixed_v2,512,fp32,ALG_DEFAULT,14.060114,True,ok,1.1e-05
synth_mixed_v2,512,fp32,CSR_ALG1,14.061707,True,ok,1.1e-05
synth_mixed_v2,512,fp32,CSR_ALG2,14.061009,True,ok,1.1e-05
synth_mixed_v2,512,fp32,CSR_ALG3,14.061296,True,ok,1.1e-05
synth_mixed_v2,512,fp16,ALG_DEFAULT,7.416366,True,ok,0.016113
synth_mixed_v2,512,fp16,CSR_ALG1,7.416192,True,ok,0.016112
synth_mixed_v2,512,fp16,CSR_ALG2,7.416402,True,ok,0.016113
synth_mixed_v3,64,fp32,ALG_DEFAULT,1.758991,True,ok,8e-06
synth_mixed_v3,64,fp32,CSR_ALG1,1.760891,True,ok,8e-06
synth_mixed_v3,64,fp32,CSR_ALG2,1.759529,True,ok,8e-06
synth_mixed_v3,64,fp32,CSR_ALG3,1.759575,True,ok,8e-06
synth_mixed_v3,64,fp16,ALG_DEFAULT,1.04791,True,ok,0.015405
synth_mixed_v3,64,fp16,CSR_ALG1,1.026007,True,ok,0.015405
synth_mixed_v3,64,fp16,CSR_ALG2,1.022551,True,ok,0.015405
synth_mixed_v3,128,fp32,ALG_DEFAULT,3.635901,True,ok,8e-06
synth_mixed_v3,128,fp32,CSR_ALG1,3.637832,True,ok,8e-06
synth_mixed_v3,128,fp32,CSR_ALG2,3.63583,True,ok,8e-06
synth_mixed_v3,128,fp32,CSR_ALG3,3.637852,True,ok,1.1e-05
synth_mixed_v3,128,fp16,ALG_DEFAULT,1.953439,True,ok,0.013837
synth_mixed_v3,128,fp16,CSR_ALG1,1.952855,True,ok,0.013837
synth_mixed_v3,128,fp16,CSR_ALG2,1.953116,True,ok,0.013838
synth_mixed_v3,256,fp32,ALG_DEFAULT,7.252915,True,ok,1.1e-05
synth_mixed_v3,256,fp32,CSR_ALG1,7.253581,True,ok,1.1e-05
synth_mixed_v3,256,fp32,CSR_ALG2,7.25334,True,ok,8e-06
synth_mixed_v3,256,fp32,CSR_ALG3,7.25374,True,ok,8e-06
synth_mixed_v3,256,fp16,ALG_DEFAULT,3.874186,True,ok,0.016602
synth_mixed_v3,256,fp16,CSR_ALG1,3.873459,True,ok,0.016601
synth_mixed_v3,256,fp16,CSR_ALG2,3.873915,True,ok,0.016603
synth_mixed_v3,512,fp32,ALG_DEFAULT,14.553154,True,ok,1.1e-05
synth_mixed_v3,512,fp32,CSR_ALG1,14.561398,True,ok,1.1e-05
synth_mixed_v3,512,fp32,CSR_ALG2,14.553128,True,ok,1.1e-05
synth_mixed_v3,512,fp32,CSR_ALG3,14.561346,True,ok,1e-05
synth_mixed_v3,512,fp16,ALG_DEFAULT,7.724349,True,ok,0.01515
synth_mixed_v3,512,fp16,CSR_ALG1,7.724083,True,ok,0.015151
synth_mixed_v3,512,fp16,CSR_ALG2,7.724667,True,ok,0.01515
synth_mixed_v4,64,fp32,ALG_DEFAULT,2.238259,True,ok,1.1e-05
synth_mixed_v4,64,fp32,CSR_ALG1,2.242417,True,ok,1.5e-05
synth_mixed_v4,64,fp32,CSR_ALG2,2.237788,True,ok,1.3e-05
synth_mixed_v4,64,fp32,CSR_ALG3,2.239283,True,ok,1.1e-05
synth_mixed_v4,64,fp16,ALG_DEFAULT,1.30071,True,ok,0.01771
synth_mixed_v4,64,fp16,CSR_ALG1,1.311918,True,ok,0.01771
synth_mixed_v4,64,fp16,CSR_ALG2,1.306051,True,ok,0.017711
synth_mixed_v4,128,fp32,ALG_DEFAULT,4.636145,True,ok,1.1e-05
synth_mixed_v4,128,fp32,CSR_ALG1,4.636785,True,ok,1.5e-05
synth_mixed_v4,128,fp32,CSR_ALG2,4.636416,True,ok,1.5e-05
synth_mixed_v4,128,fp32,CSR_ALG3,4.636857,True,ok,1.5e-05
synth_mixed_v4,128,fp16,ALG_DEFAULT,2.417188,True,ok,0.017743
synth_mixed_v4,128,fp16,CSR_ALG1,2.416061,True,ok,0.017744
synth_mixed_v4,128,fp16,CSR_ALG2,2.417167,True,ok,0.017743
synth_mixed_v4,256,fp32,ALG_DEFAULT,9.24863,True,ok,1.5e-05
synth_mixed_v4,256,fp32,CSR_ALG1,9.250509,True,ok,1.5e-05
synth_mixed_v4,256,fp32,CSR_ALG2,9.249075,True,ok,1.7e-05
synth_mixed_v4,256,fp32,CSR_ALG3,9.250134,True,ok,1.5e-05
synth_mixed_v4,256,fp16,ALG_DEFAULT,4.81558,True,ok,0.018826
synth_mixed_v4,256,fp16,CSR_ALG1,4.814827,True,ok,0.018826
synth_mixed_v4,256,fp16,CSR_ALG2,4.815457,True,ok,0.018826
synth_mixed_v4,512,fp32,ALG_DEFAULT,18.522224,True,ok,1.5e-05
synth_mixed_v4,512,fp32,CSR_ALG1,18.529295,True,ok,1.5e-05
synth_mixed_v4,512,fp32,CSR_ALG2,18.526342,True,ok,1.3e-05
synth_mixed_v4,512,fp32,CSR_ALG3,18.528896,True,ok,1.5e-05
synth_mixed_v4,512,fp16,ALG_DEFAULT,9.616426,True,ok,0.019817
synth_mixed_v4,512,fp16,CSR_ALG1,9.614014,True,ok,0.019816
synth_mixed_v4,512,fp16,CSR_ALG2,9.616456,True,ok,0.019817
synth_mixed_v5,64,fp32,ALG_DEFAULT,2.217206,True,ok,1.1e-05
synth_mixed_v5,64,fp32,CSR_ALG1,2.220078,True,ok,1.1e-05
synth_mixed_v5,64,fp32,CSR_ALG2,2.216975,True,ok,1.1e-05
synth_mixed_v5,64,fp32,CSR_ALG3,2.218455,True,ok,1.1e-05
synth_mixed_v5,64,fp16,ALG_DEFAULT,1.285883,True,ok,0.016385
synth_mixed_v5,64,fp16,CSR_ALG1,1.294899,True,ok,0.016385
synth_mixed_v5,64,fp16,CSR_ALG2,1.29132,True,ok,0.016385
synth_mixed_v5,128,fp32,ALG_DEFAULT,4.59177,True,ok,1.1e-05
synth_mixed_v5,128,fp32,CSR_ALG1,4.589737,True,ok,1.1e-05
synth_mixed_v5,128,fp32,CSR_ALG2,4.592113,True,ok,1.1e-05
synth_mixed_v5,128,fp32,CSR_ALG3,4.589589,True,ok,1.5e-05
synth_mixed_v5,128,fp16,ALG_DEFAULT,2.411218,True,ok,0.018072
synth_mixed_v5,128,fp16,CSR_ALG1,2.411218,True,ok,0.018074
synth_mixed_v5,128,fp16,CSR_ALG2,2.411054,True,ok,0.018074
synth_mixed_v5,256,fp32,ALG_DEFAULT,9.172935,True,ok,1.5e-05
synth_mixed_v5,256,fp32,CSR_ALG1,9.17889,True,ok,1.5e-05
synth_mixed_v5,256,fp32,CSR_ALG2,9.17227,True,ok,1.5e-05
synth_mixed_v5,256,fp32,CSR_ALG3,9.178562,True,ok,1.5e-05
synth_mixed_v5,256,fp16,ALG_DEFAULT,4.79554,True,ok,0.017536
synth_mixed_v5,256,fp16,CSR_ALG1,4.796339,True,ok,0.017536
synth_mixed_v5,256,fp16,CSR_ALG2,4.795817,True,ok,0.017536
synth_mixed_v5,512,fp32,ALG_DEFAULT,18.380207,True,ok,1.5e-05
synth_mixed_v5,512,fp32,CSR_ALG1,18.378569,True,ok,1.5e-05
synth_mixed_v5,512,fp32,CSR_ALG2,18.380545,True,ok,1.5e-05
synth_mixed_v5,512,fp32,CSR_ALG3,18.379135,True,ok,1.5e-05
synth_mixed_v5,512,fp16,ALG_DEFAULT,9.579412,True,ok,0.020246
synth_mixed_v5,512,fp16,CSR_ALG1,9.576991,True,ok,0.020248
synth_mixed_v5,512,fp16,CSR_ALG2,9.579724,True,ok,0.020249
synth_dense_small_d30,64,fp32,ALG_DEFAULT,0.047099,True,ok,0.0
synth_dense_small_d30,64,fp32,CSR_ALG1,0.047145,True,ok,0.0
synth_dense_small_d30,64,fp32,CSR_ALG2,0.047821,True,ok,0.0
synth_dense_small_d30,64,fp32,CSR_ALG3,0.048748,True,ok,0.0
synth_dense_small_d30,64,fp16,ALG_DEFAULT,0.042399,True,ok,0.004959
synth_dense_small_d30,64,fp16,CSR_ALG1,0.042598,True,ok,0.004959
synth_dense_small_d30,64,fp16,CSR_ALG2,0.042598,True,ok,0.004959
synth_dense_small_d30,128,fp32,ALG_DEFAULT,0.084598,True,ok,0.0
synth_dense_small_d30,128,fp32,CSR_ALG1,0.084731,True,ok,0.0
synth_dense_small_d30,128,fp32,CSR_ALG2,0.084762,True,ok,0.0
synth_dense_small_d30,128,fp32,CSR_ALG3,0.086139,True,ok,0.0
synth_dense_small_d30,128,fp16,ALG_DEFAULT,0.053898,True,ok,0.00549
synth_dense_small_d30,128,fp16,CSR_ALG1,0.054589,True,ok,0.00549
synth_dense_small_d30,128,fp16,CSR_ALG2,0.054902,True,ok,0.00549
synth_dense_small_d30,256,fp32,ALG_DEFAULT,0.167941,True,ok,0.0
synth_dense_small_d30,256,fp32,CSR_ALG1,0.166758,True,ok,0.0
synth_dense_small_d30,256,fp32,CSR_ALG2,0.166815,True,ok,0.0
synth_dense_small_d30,256,fp32,CSR_ALG3,0.166733,True,ok,0.0
synth_dense_small_d30,256,fp16,ALG_DEFAULT,0.100086,True,ok,0.006414
synth_dense_small_d30,256,fp16,CSR_ALG1,0.102149,True,ok,0.006414
synth_dense_small_d30,256,fp16,CSR_ALG2,0.104166,True,ok,0.006414
synth_dense_small_d30,512,fp32,ALG_DEFAULT,0.340101,True,ok,0.0
synth_dense_small_d30,512,fp32,CSR_ALG1,0.333307,True,ok,0.0
synth_dense_small_d30,512,fp32,CSR_ALG2,0.335739,True,ok,0.0
synth_dense_small_d30,512,fp32,CSR_ALG3,0.335647,True,ok,0.0
synth_dense_small_d30,512,fp16,ALG_DEFAULT,0.195722,True,ok,0.005605
synth_dense_small_d30,512,fp16,CSR_ALG1,0.202076,True,ok,0.005605
synth_dense_small_d30,512,fp16,CSR_ALG2,0.204728,True,ok,0.005605
synth_dense_small_d50,64,fp32,ALG_DEFAULT,0.081879,True,ok,2e-06
synth_dense_small_d50,64,fp32,CSR_ALG1,0.079217,True,ok,2e-06
synth_dense_small_d50,64,fp32,CSR_ALG2,0.07806,True,ok,2e-06
synth_dense_small_d50,64,fp32,CSR_ALG3,0.077599,True,ok,2e-06
synth_dense_small_d50,64,fp16,ALG_DEFAULT,0.066125,True,ok,0.00674
synth_dense_small_d50,64,fp16,CSR_ALG1,0.065869,True,ok,0.00674
synth_dense_small_d50,64,fp16,CSR_ALG2,0.065864,True,ok,0.00674
synth_dense_small_d50,128,fp32,ALG_DEFAULT,0.1331,True,ok,2e-06
synth_dense_small_d50,128,fp32,CSR_ALG1,0.132004,True,ok,2e-06
synth_dense_small_d50,128,fp32,CSR_ALG2,0.131487,True,ok,2e-06
synth_dense_small_d50,128,fp32,CSR_ALG3,0.13035,True,ok,2e-06
synth_dense_small_d50,128,fp16,ALG_DEFAULT,0.078776,True,ok,0.007169
synth_dense_small_d50,128,fp16,CSR_ALG1,0.080379,True,ok,0.007169
synth_dense_small_d50,128,fp16,CSR_ALG2,0.082181,True,ok,0.007169
synth_dense_small_d50,256,fp32,ALG_DEFAULT,0.261975,True,ok,2e-06
synth_dense_small_d50,256,fp32,CSR_ALG1,0.258831,True,ok,2e-06
synth_dense_small_d50,256,fp32,CSR_ALG2,0.257756,True,ok,2e-06
synth_dense_small_d50,256,fp32,CSR_ALG3,0.258253,True,ok,2e-06
synth_dense_small_d50,256,fp16,ALG_DEFAULT,0.150328,True,ok,0.006292
synth_dense_small_d50,256,fp16,CSR_ALG1,0.156058,True,ok,0.006292
synth_dense_small_d50,256,fp16,CSR_ALG2,0.157476,True,ok,0.006292
synth_dense_small_d50,512,fp32,ALG_DEFAULT,0.526208,True,ok,2e-06
synth_dense_small_d50,512,fp32,CSR_ALG1,0.534328,True,ok,2e-06
synth_dense_small_d50,512,fp32,CSR_ALG2,0.52737,True,ok,2e-06
synth_dense_small_d50,512,fp32,CSR_ALG3,0.514939,True,ok,2e-06
synth_dense_small_d50,512,fp16,ALG_DEFAULT,0.29506,True,ok,0.007212
synth_dense_small_d50,512,fp16,CSR_ALG1,0.303078,True,ok,0.007212
synth_dense_small_d50,512,fp16,CSR_ALG2,0.304701,True,ok,0.007212
synth_dense_small_d70,64,fp32,ALG_DEFAULT,0.103296,True,ok,2e-06
synth_dense_small_d70,64,fp32,CSR_ALG1,0.102589,True,ok,2e-06
synth_dense_small_d70,64,fp32,CSR_ALG2,0.101407,True,ok,2e-06
synth_dense_small_d70,64,fp32,CSR_ALG3,0.10091,True,ok,2e-06
synth_dense_small_d70,64,fp16,ALG_DEFAULT,0.087183,True,ok,0.007893
synth_dense_small_d70,64,fp16,CSR_ALG1,0.087199,True,ok,0.007893
synth_dense_small_d70,64,fp16,CSR_ALG2,0.087204,True,ok,0.007893
synth_dense_small_d70,128,fp32,ALG_DEFAULT,0.179594,True,ok,4e-06
synth_dense_small_d70,128,fp32,CSR_ALG1,0.177572,True,ok,2e-06
synth_dense_small_d70,128,fp32,CSR_ALG2,0.176666,True,ok,4e-06
synth_dense_small_d70,128,fp32,CSR_ALG3,0.176553,True,ok,2e-06
synth_dense_small_d70,128,fp16,ALG_DEFAULT,0.100506,True,ok,0.007426
synth_dense_small_d70,128,fp16,CSR_ALG1,0.109056,True,ok,0.007426
synth_dense_small_d70,128,fp16,CSR_ALG2,0.109256,True,ok,0.007426
synth_dense_small_d70,256,fp32,ALG_DEFAULT,0.367242,True,ok,4e-06
synth_dense_small_d70,256,fp32,CSR_ALG1,0.349829,True,ok,4e-06
synth_dense_small_d70,256,fp32,CSR_ALG2,0.3473,True,ok,4e-06
synth_dense_small_d70,256,fp32,CSR_ALG3,0.347284,True,ok,4e-06
synth_dense_small_d70,256,fp16,ALG_DEFAULT,0.200842,True,ok,0.008736
synth_dense_small_d70,256,fp16,CSR_ALG1,0.211492,True,ok,0.008736
synth_dense_small_d70,256,fp16,CSR_ALG2,0.215757,True,ok,0.008736
synth_dense_small_d70,512,fp32,ALG_DEFAULT,0.713359,True,ok,4e-06
synth_dense_small_d70,512,fp32,CSR_ALG1,0.694569,True,ok,2e-06
synth_dense_small_d70,512,fp32,CSR_ALG2,0.695823,True,ok,4e-06
synth_dense_small_d70,512,fp32,CSR_ALG3,0.696975,True,ok,4e-06
synth_dense_small_d70,512,fp16,ALG_DEFAULT,0.395668,True,ok,0.007595
synth_dense_small_d70,512,fp16,CSR_ALG1,0.411832,True,ok,0.007595
synth_dense_small_d70,512,fp16,CSR_ALG2,0.425344,True,ok,0.007595
synth_dense_small_d90,64,fp32,ALG_DEFAULT,0.126157,True,ok,4e-06
synth_dense_small_d90,64,fp32,CSR_ALG1,0.126945,True,ok,4e-06
synth_dense_small_d90,64,fp32,CSR_ALG2,0.126546,True,ok,4e-06
synth_dense_small_d90,64,fp32,CSR_ALG3,0.12628,True,ok,4e-06
synth_dense_small_d90,64,fp16,ALG_DEFAULT,0.107187,True,ok,0.007971
synth_dense_small_d90,64,fp16,CSR_ALG1,0.108191,True,ok,0.007971
synth_dense_small_d90,64,fp16,CSR_ALG2,0.109092,True,ok,0.007971
synth_dense_small_d90,128,fp32,ALG_DEFAULT,0.22805,True,ok,4e-06
synth_dense_small_d90,128,fp32,CSR_ALG1,0.222638,True,ok,4e-06
synth_dense_small_d90,128,fp32,CSR_ALG2,0.221558,True,ok,4e-06
synth_dense_small_d90,128,fp32,CSR_ALG3,0.221169,True,ok,4e-06
synth_dense_small_d90,128,fp16,ALG_DEFAULT,0.126024,True,ok,0.008691
synth_dense_small_d90,128,fp16,CSR_ALG1,0.134584,True,ok,0.008691
synth_dense_small_d90,128,fp16,CSR_ALG2,0.134743,True,ok,0.00869
synth_dense_small_d90,256,fp32,ALG_DEFAULT,0.448113,True,ok,4e-06
synth_dense_small_d90,256,fp32,CSR_ALG1,0.435645,True,ok,4e-06
synth_dense_small_d90,256,fp32,CSR_ALG2,0.439363,True,ok,4e-06
synth_dense_small_d90,256,fp32,CSR_ALG3,0.450079,True,ok,4e-06
synth_dense_small_d90,256,fp16,ALG_DEFAULT,0.256502,True,ok,0.009406
synth_dense_small_d90,256,fp16,CSR_ALG1,0.26327,True,ok,0.009406
synth_dense_small_d90,256,fp16,CSR_ALG2,0.264719,True,ok,0.009406
synth_dense_small_d90,512,fp32,ALG_DEFAULT,0.88042,True,ok,4e-06
synth_dense_small_d90,512,fp32,CSR_ALG1,0.868065,True,ok,4e-06
synth_dense_small_d90,512,fp32,CSR_ALG2,0.861517,True,ok,4e-06
synth_dense_small_d90,512,fp32,CSR_ALG3,0.861461,True,ok,4e-06
synth_dense_small_d90,512,fp16,ALG_DEFAULT,0.507873,True,ok,0.008777
synth_dense_small_d90,512,fp16,CSR_ALG1,0.514289,True,ok,0.008777
synth_dense_small_d90,512,fp16,CSR_ALG2,0.510623,True,ok,0.008777
synth_dense_small_d120,64,fp32,ALG_DEFAULT,0.152074,True,ok,4e-06
synth_dense_small_d120,64,fp32,CSR_ALG1,0.159007,True,ok,4e-06
synth_dense_small_d120,64,fp32,CSR_ALG2,0.159089,True,ok,4e-06
synth_dense_small_d120,64,fp32,CSR_ALG3,0.159053,True,ok,4e-06
synth_dense_small_d120,64,fp16,ALG_DEFAULT,0.134426,True,ok,0.009463
synth_dense_small_d120,64,fp16,CSR_ALG1,0.136325,True,ok,0.009463
synth_dense_small_d120,64,fp16,CSR_ALG2,0.136407,True,ok,0.009463
synth_dense_small_d120,128,fp32,ALG_DEFAULT,0.288302,True,ok,4e-06
synth_dense_small_d120,128,fp32,CSR_ALG1,0.282685,True,ok,4e-06
synth_dense_small_d120,128,fp32,CSR_ALG2,0.282199,True,ok,4e-06
synth_dense_small_d120,128,fp32,CSR_ALG3,0.282173,True,ok,4e-06
synth_dense_small_d120,128,fp16,ALG_DEFAULT,0.16106,True,ok,0.010432
synth_dense_small_d120,128,fp16,CSR_ALG1,0.170967,True,ok,0.010433
synth_dense_small_d120,128,fp16,CSR_ALG2,0.170839,True,ok,0.010433
synth_dense_small_d120,256,fp32,ALG_DEFAULT,0.567931,True,ok,4e-06
synth_dense_small_d120,256,fp32,CSR_ALG1,0.575232,True,ok,4e-06
synth_dense_small_d120,256,fp32,CSR_ALG2,0.561029,True,ok,4e-06
synth_dense_small_d120,256,fp32,CSR_ALG3,0.556119,True,ok,4e-06
synth_dense_small_d120,256,fp16,ALG_DEFAULT,0.325315,True,ok,0.009704
synth_dense_small_d120,256,fp16,CSR_ALG1,0.333363,True,ok,0.009704
synth_dense_small_d120,256,fp16,CSR_ALG2,0.332083,True,ok,0.009703
synth_dense_small_d120,512,fp32,ALG_DEFAULT,1.110692,True,ok,4e-06
synth_dense_small_d120,512,fp32,CSR_ALG1,1.124884,True,ok,4e-06
synth_dense_small_d120,512,fp32,CSR_ALG2,1.108424,True,ok,4e-06
synth_dense_small_d120,512,fp32,CSR_ALG3,1.122872,True,ok,4e-06
synth_dense_small_d120,512,fp16,ALG_DEFAULT,0.651187,True,ok,0.010316
synth_dense_small_d120,512,fp16,CSR_ALG1,0.654694,True,ok,0.010316
synth_dense_small_d120,512,fp16,CSR_ALG2,0.652319,True,ok,0.010316
synth_sparse_uniform_d3,64,fp32,ALG_DEFAULT,0.475085,True,ok,0.0
synth_sparse_uniform_d3,64,fp32,CSR_ALG1,0.475141,True,ok,0.0
synth_sparse_uniform_d3,64,fp32,CSR_ALG2,0.475172,True,ok,0.0
synth_sparse_uniform_d3,64,fp32,CSR_ALG3,0.475146,True,ok,0.0
synth_sparse_uniform_d3,64,fp16,ALG_DEFAULT,0.356301,True,ok,0.002936
synth_sparse_uniform_d3,64,fp16,CSR_ALG1,0.356398,True,ok,0.002936
synth_sparse_uniform_d3,64,fp16,CSR_ALG2,0.356347,True,ok,0.002936
synth_sparse_uniform_d3,128,fp32,ALG_DEFAULT,0.935613,True,ok,0.0
synth_sparse_uniform_d3,128,fp32,CSR_ALG1,0.935209,True,ok,0.0
synth_sparse_uniform_d3,128,fp32,CSR_ALG2,0.935101,True,ok,0.0
synth_sparse_uniform_d3,128,fp32,CSR_ALG3,0.935275,True,ok,0.0
synth_sparse_uniform_d3,128,fp16,ALG_DEFAULT,0.690698,True,ok,0.003042
synth_sparse_uniform_d3,128,fp16,CSR_ALG1,0.69098,True,ok,0.003042
synth_sparse_uniform_d3,128,fp16,CSR_ALG2,0.69054,True,ok,0.003042
synth_sparse_uniform_d3,256,fp32,ALG_DEFAULT,1.854592,True,ok,0.0
synth_sparse_uniform_d3,256,fp32,CSR_ALG1,1.855672,True,ok,0.0
synth_sparse_uniform_d3,256,fp32,CSR_ALG2,1.854684,True,ok,0.0
synth_sparse_uniform_d3,256,fp32,CSR_ALG3,1.855319,True,ok,0.0
synth_sparse_uniform_d3,256,fp16,ALG_DEFAULT,1.366006,True,ok,0.003642
synth_sparse_uniform_d3,256,fp16,CSR_ALG1,1.366001,True,ok,0.003642
synth_sparse_uniform_d3,256,fp16,CSR_ALG2,1.365924,True,ok,0.003642
synth_sparse_uniform_d3,512,fp32,ALG_DEFAULT,3.699369,True,ok,0.0
synth_sparse_uniform_d3,512,fp32,CSR_ALG1,3.701437,True,ok,0.0
synth_sparse_uniform_d3,512,fp32,CSR_ALG2,3.70025,True,ok,0.0
synth_sparse_uniform_d3,512,fp32,CSR_ALG3,3.701468,True,ok,0.0
synth_sparse_uniform_d3,512,fp16,ALG_DEFAULT,2.719913,True,ok,0.003706
synth_sparse_uniform_d3,512,fp16,CSR_ALG1,2.720696,True,ok,0.003706
synth_sparse_uniform_d3,512,fp16,CSR_ALG2,2.719908,True,ok,0.003706
synth_sparse_uniform_d5,64,fp32,ALG_DEFAULT,0.675487,True,ok,0.0
synth_sparse_uniform_d5,64,fp32,CSR_ALG1,0.675082,True,ok,0.0
synth_sparse_uniform_d5,64,fp32,CSR_ALG2,0.67541,True,ok,0.0
synth_sparse_uniform_d5,64,fp32,CSR_ALG3,0.675149,True,ok,0.0
synth_sparse_uniform_d5,64,fp16,ALG_DEFAULT,0.466386,True,ok,0.004546
synth_sparse_uniform_d5,64,fp16,CSR_ALG1,0.480548,True,ok,0.004546
synth_sparse_uniform_d5,64,fp16,CSR_ALG2,0.468946,True,ok,0.004546
synth_sparse_uniform_d5,128,fp32,ALG_DEFAULT,1.341071,True,ok,0.0
synth_sparse_uniform_d5,128,fp32,CSR_ALG1,1.341,True,ok,0.0
synth_sparse_uniform_d5,128,fp32,CSR_ALG2,1.341261,True,ok,0.0
synth_sparse_uniform_d5,128,fp32,CSR_ALG3,1.341389,True,ok,0.0
synth_sparse_uniform_d5,128,fp16,ALG_DEFAULT,0.91648,True,ok,0.003842
synth_sparse_uniform_d5,128,fp16,CSR_ALG1,0.916265,True,ok,0.003842
synth_sparse_uniform_d5,128,fp16,CSR_ALG2,0.916797,True,ok,0.003842
synth_sparse_uniform_d5,256,fp32,ALG_DEFAULT,2.669174,True,ok,0.0
synth_sparse_uniform_d5,256,fp32,CSR_ALG1,2.670208,True,ok,0.0
synth_sparse_uniform_d5,256,fp32,CSR_ALG2,2.669102,True,ok,0.0
synth_sparse_uniform_d5,256,fp32,CSR_ALG3,2.670141,True,ok,0.0
synth_sparse_uniform_d5,256,fp16,ALG_DEFAULT,1.824056,True,ok,0.003922
synth_sparse_uniform_d5,256,fp16,CSR_ALG1,1.824102,True,ok,0.003922
synth_sparse_uniform_d5,256,fp16,CSR_ALG2,1.823729,True,ok,0.003922
synth_sparse_uniform_d5,512,fp32,ALG_DEFAULT,5.326351,True,ok,0.0
synth_sparse_uniform_d5,512,fp32,CSR_ALG1,5.328507,True,ok,0.0
synth_sparse_uniform_d5,512,fp32,CSR_ALG2,5.329162,True,ok,0.0
synth_sparse_uniform_d5,512,fp32,CSR_ALG3,5.328876,True,ok,0.0
synth_sparse_uniform_d5,512,fp16,ALG_DEFAULT,3.650084,True,ok,0.003941
synth_sparse_uniform_d5,512,fp16,CSR_ALG1,3.643003,True,ok,0.003941
synth_sparse_uniform_d5,512,fp16,CSR_ALG2,3.650652,True,ok,0.003941
synth_sparse_uniform_d8,64,fp32,ALG_DEFAULT,0.935598,True,ok,0.0
synth_sparse_uniform_d8,64,fp32,CSR_ALG1,0.935731,True,ok,0.0
synth_sparse_uniform_d8,64,fp32,CSR_ALG2,0.935665,True,ok,0.0
synth_sparse_uniform_d8,64,fp32,CSR_ALG3,0.938199,True,ok,0.0
synth_sparse_uniform_d8,64,fp16,ALG_DEFAULT,0.605204,True,ok,0.00421
synth_sparse_uniform_d8,64,fp16,CSR_ALG1,0.60501,True,ok,0.00421
synth_sparse_uniform_d8,64,fp16,CSR_ALG2,0.604841,True,ok,0.00421
synth_sparse_uniform_d8,128,fp32,ALG_DEFAULT,1.867121,True,ok,0.0
synth_sparse_uniform_d8,128,fp32,CSR_ALG1,1.86708,True,ok,0.0
synth_sparse_uniform_d8,128,fp32,CSR_ALG2,1.867382,True,ok,0.0
synth_sparse_uniform_d8,128,fp32,CSR_ALG3,1.866926,True,ok,0.0
synth_sparse_uniform_d8,128,fp16,ALG_DEFAULT,1.168471,True,ok,0.004178
synth_sparse_uniform_d8,128,fp16,CSR_ALG1,1.168937,True,ok,0.004178
synth_sparse_uniform_d8,128,fp16,CSR_ALG2,1.168328,True,ok,0.004178
synth_sparse_uniform_d8,256,fp32,ALG_DEFAULT,3.720269,True,ok,0.0
synth_sparse_uniform_d8,256,fp32,CSR_ALG1,3.722368,True,ok,0.0
synth_sparse_uniform_d8,256,fp32,CSR_ALG2,3.72032,True,ok,0.0
synth_sparse_uniform_d8,256,fp32,CSR_ALG3,3.722588,True,ok,0.0
synth_sparse_uniform_d8,256,fp16,ALG_DEFAULT,2.321009,True,ok,0.004254
synth_sparse_uniform_d8,256,fp16,CSR_ALG1,2.32277,True,ok,0.004254
synth_sparse_uniform_d8,256,fp16,CSR_ALG2,2.32106,True,ok,0.004254
synth_sparse_uniform_d8,512,fp32,ALG_DEFAULT,7.453973,True,ok,0.0
synth_sparse_uniform_d8,512,fp32,CSR_ALG1,7.452708,True,ok,0.0
synth_sparse_uniform_d8,512,fp32,CSR_ALG2,7.455585,True,ok,0.0
synth_sparse_uniform_d8,512,fp32,CSR_ALG3,7.452892,True,ok,0.0
synth_sparse_uniform_d8,512,fp16,ALG_DEFAULT,4.636826,True,ok,0.004311
synth_sparse_uniform_d8,512,fp16,CSR_ALG1,4.632371,True,ok,0.004311
synth_sparse_uniform_d8,512,fp16,CSR_ALG2,4.636912,True,ok,0.004311
synth_sparse_uniform_d12,64,fp32,ALG_DEFAULT,1.316198,True,ok,0.0
synth_sparse_uniform_d12,64,fp32,CSR_ALG1,1.315983,True,ok,0.0
synth_sparse_uniform_d12,64,fp32,CSR_ALG2,1.323141,True,ok,0.0
synth_sparse_uniform_d12,64,fp32,CSR_ALG3,1.316188,True,ok,0.0
synth_sparse_uniform_d12,64,fp16,ALG_DEFAULT,0.809042,True,ok,0.004153
synth_sparse_uniform_d12,64,fp16,CSR_ALG1,0.809646,True,ok,0.004153
synth_sparse_uniform_d12,64,fp16,CSR_ALG2,0.828943,True,ok,0.004153
synth_sparse_uniform_d12,128,fp32,ALG_DEFAULT,2.637276,True,ok,0.0
synth_sparse_uniform_d12,128,fp32,CSR_ALG1,2.6383,True,ok,0.0
synth_sparse_uniform_d12,128,fp32,CSR_ALG2,2.637286,True,ok,0.0
synth_sparse_uniform_d12,128,fp32,CSR_ALG3,2.637758,True,ok,0.0
synth_sparse_uniform_d12,128,fp16,ALG_DEFAULT,1.569029,True,ok,0.00538
synth_sparse_uniform_d12,128,fp16,CSR_ALG1,1.569772,True,ok,0.00538
synth_sparse_uniform_d12,128,fp16,CSR_ALG2,1.568952,True,ok,0.00538
synth_sparse_uniform_d12,256,fp32,ALG_DEFAULT,5.261988,True,ok,0.0
synth_sparse_uniform_d12,256,fp32,CSR_ALG1,5.262157,True,ok,0.0
synth_sparse_uniform_d12,256,fp32,CSR_ALG2,5.262065,True,ok,0.0
synth_sparse_uniform_d12,256,fp32,CSR_ALG3,5.2619,True,ok,0.0
synth_sparse_uniform_d12,256,fp16,ALG_DEFAULT,3.114209,True,ok,0.004861
synth_sparse_uniform_d12,256,fp16,CSR_ALG1,3.114204,True,ok,0.004861
synth_sparse_uniform_d12,256,fp16,CSR_ALG2,3.114174,True,ok,0.004861
synth_sparse_uniform_d12,512,fp32,ALG_DEFAULT,10.504469,True,ok,0.0
synth_sparse_uniform_d12,512,fp32,CSR_ALG1,10.504126,True,ok,0.0
synth_sparse_uniform_d12,512,fp32,CSR_ALG2,10.50496,True,ok,0.0
synth_sparse_uniform_d12,512,fp32,CSR_ALG3,10.50429,True,ok,0.0
synth_sparse_uniform_d12,512,fp16,ALG_DEFAULT,6.215404,True,ok,0.00553
synth_sparse_uniform_d12,512,fp16,CSR_ALG1,6.215629,True,ok,0.00553
synth_sparse_uniform_d12,512,fp16,CSR_ALG2,6.215465,True,ok,0.00553
synth_sparse_uniform_d18,64,fp32,ALG_DEFAULT,1.909074,True,ok,0.0
synth_sparse_uniform_d18,64,fp32,CSR_ALG1,1.914762,True,ok,0.0
synth_sparse_uniform_d18,64,fp32,CSR_ALG2,1.90954,True,ok,0.0
synth_sparse_uniform_d18,64,fp32,CSR_ALG3,1.910072,True,ok,0.0
synth_sparse_uniform_d18,64,fp16,ALG_DEFAULT,1.136481,True,ok,0.005311
synth_sparse_uniform_d18,64,fp16,CSR_ALG1,1.123195,True,ok,0.005311
synth_sparse_uniform_d18,64,fp16,CSR_ALG2,1.122145,True,ok,0.005311
synth_sparse_uniform_d18,128,fp32,ALG_DEFAULT,3.867208,True,ok,0.0
synth_sparse_uniform_d18,128,fp32,CSR_ALG1,3.867418,True,ok,0.0
synth_sparse_uniform_d18,128,fp32,CSR_ALG2,3.867443,True,ok,0.0
synth_sparse_uniform_d18,128,fp32,CSR_ALG3,3.867213,True,ok,0.0
synth_sparse_uniform_d18,128,fp16,ALG_DEFAULT,2.224271,True,ok,0.005368
synth_sparse_uniform_d18,128,fp16,CSR_ALG1,2.223775,True,ok,0.005368
synth_sparse_uniform_d18,128,fp16,CSR_ALG2,2.224271,True,ok,0.005368
synth_sparse_uniform_d18,256,fp32,ALG_DEFAULT,7.697766,True,ok,0.0
synth_sparse_uniform_d18,256,fp32,CSR_ALG1,7.697285,True,ok,0.0
synth_sparse_uniform_d18,256,fp32,CSR_ALG2,7.697751,True,ok,0.0
synth_sparse_uniform_d18,256,fp32,CSR_ALG3,7.697444,True,ok,0.0
synth_sparse_uniform_d18,256,fp16,ALG_DEFAULT,4.422953,True,ok,0.005198
synth_sparse_uniform_d18,256,fp16,CSR_ALG1,4.423193,True,ok,0.005198
synth_sparse_uniform_d18,256,fp16,CSR_ALG2,4.422835,True,ok,0.005198
synth_sparse_uniform_d18,512,fp32,ALG_DEFAULT,15.387843,True,ok,0.0
synth_sparse_uniform_d18,512,fp32,CSR_ALG1,15.387643,True,ok,0.0
synth_sparse_uniform_d18,512,fp32,CSR_ALG2,15.390003,True,ok,0.0
synth_sparse_uniform_d18,512,fp32,CSR_ALG3,15.387509,True,ok,0.0
synth_sparse_uniform_d18,512,fp16,ALG_DEFAULT,8.820695,True,ok,0.005781
synth_sparse_uniform_d18,512,fp16,CSR_ALG1,8.820479,True,ok,0.005781
synth_sparse_uniform_d18,512,fp16,CSR_ALG2,8.820614,True,ok,0.005781
