dataset,category,kernel,N,M,nnz,launch,role,duration_us,sm_pct,dram_pct,compmem_pct,l1_hit,l2_hit,tensor_pct,hmma,occ_ach,elig_warps,issue_pct,regs,smem,grid,block,waves,dram_bytes,top_stall,top_stall_ratio,bottleneck
Flickr,sh_row,SEGMENT_HYBRID_TF32,128,89250,899756,vectorized_elementwise_kernel<,other,52.768,6.056,90.713,90.713,0.0,100.027,0.0,0.0,87.409,0.086,4.215,16.0,1.024,11157.0,128.0,11.34,42.611,mio_throttle,76.452,DRAM-bandwidth-bound
Flickr,sh_row,SEGMENT_HYBRID_TF32,128,89250,899756,sh_fs_tile_spmm_seg_tf32_kernel<,spmm,416.864,38.596,92.733,92.733,35.569,42.98,7.897,933048.0,97.962,0.264,20.947,38.0,4.096,22538.0,128.0,22.9,349.996,long_scoreboard,50.295,DRAM-bandwidth-bound
Flickr,sh_row,SEGMENT_HYBRID_TF32,128,89250,899756,sh_merge_split_kernel,other,5.472,17.346,15.436,15.436,16.442,35.102,0.0,0.0,53.368,0.683,17.346,38.0,1.024,296.0,256.0,0.6,0.762,long_scoreboard,10.288,memory-latency-bound
Flickr,sh_row,SEGMENT_HYBRID_TF32,512,89250,899756,vectorized_elementwise_kernel<,other,206.944,6.068,95.831,95.831,0.0,99.993,0.0,0.0,90.446,0.076,4.185,16.0,1.024,44625.0,128.0,45.35,0.18,mio_throttle,85.378,DRAM-bandwidth-bound
Flickr,sh_row,SEGMENT_HYBRID_TF32,512,89250,899756,sh_fs_tile_spmm_seg_tf32_kernel<,spmm,1649.856,38.766,93.877,93.877,35.549,42.764,7.932,3732192.0,98.729,0.261,21.033,38.0,4.096,90152.0,128.0,91.62,1.41,long_scoreboard,50.983,DRAM-bandwidth-bound
Flickr,sh_row,SEGMENT_HYBRID_TF32,512,89250,899756,sh_merge_split_kernel,other,9.536,40.162,36.623,36.623,16.828,30.881,0.0,0.0,82.126,1.675,40.162,38.0,1.024,1184.0,256.0,2.41,0.003,long_scoreboard,9.214,memory-latency-bound
com-Amazon,ct_row,COMMUNITY_TC_TF32,128,334863,1851744,vectorized_elementwise_kernel<,other,194.4,6.063,95.673,95.673,0.0,99.994,0.0,0.0,90.475,0.076,4.182,16.0,1.024,41858.0,128.0,42.54,168.405,mio_throttle,85.59,DRAM-bandwidth-bound
com-Amazon,ct_row,COMMUNITY_TC_TF32,128,334863,1851744,ct_fs_tile_spmm_perm_tf32_kernel<,spmm,947.104,30.18,92.885,92.885,39.784,31.076,5.468,1478392.0,98.3,0.221,18.3,38.0,4.096,83716.0,128.0,85.08,801.546,long_scoreboard,58.812,DRAM-bandwidth-bound
com-Amazon,ct_row,COMMUNITY_TC_TF32,512,334863,1851744,vectorized_elementwise_kernel<,other,770.784,6.075,97.163,97.163,0.0,99.991,0.0,0.0,91.389,0.073,4.18,16.0,1.024,167432.0,128.0,170.15,0.683,mio_throttle,87.873,DRAM-bandwidth-bound
com-Amazon,ct_row,COMMUNITY_TC_TF32,512,334863,1851744,ct_fs_tile_spmm_perm_tf32_kernel<,spmm,3777.6,30.233,93.429,93.429,39.75,31.078,5.478,5913568.0,98.513,0.22,18.329,38.0,4.096,334864.0,128.0,340.31,3.215,long_scoreboard,59.042,DRAM-bandwidth-bound
com-Amazon,core,CUSPARSE,128,334863,1851744,"MatrixWiseMulPolicy, ",other,194.624,43.68,95.536,95.536,0.0,99.993,0.0,0.0,81.562,0.977,43.68,26.0,1.024,65535.0,128.0,66.6,0.168,mio_throttle,4.513,DRAM-bandwidth-bound
com-Amazon,core,CUSPARSE,128,334863,1851744,csrmm_alg2_partition_kernel<,other,9.12,14.127,16.535,16.535,74.762,30.142,0.0,0.0,56.793,0.234,13.063,16.0,1.024,603.0,128.0,0.61,0.001,long_scoreboard,32.914,memory-latency-bound
com-Amazon,core,CUSPARSE,128,334863,1851744,"CsrMMPolicy<int, float, float, float>, ",other,1385.952,17.335,94.192,94.192,1.208,15.416,0.0,0.0,74.577,0.13,11.069,43.0,1.024,19289.0,128.0,23.52,1.188,long_scoreboard,69.294,DRAM-bandwidth-bound
com-Amazon,core,CUSPARSE,512,334863,1851744,"MatrixWiseMulPolicy, ",other,772.384,43.758,97.164,97.164,0.0,99.996,0.0,0.0,81.484,0.957,43.758,26.0,1.024,262140.0,128.0,266.4,0.683,mio_throttle,4.671,DRAM-bandwidth-bound
com-Amazon,core,CUSPARSE,512,334863,1851744,csrmm_alg2_partition_kernel<,other,9.056,14.185,16.687,16.687,74.77,30.11,0.0,0.0,57.01,0.238,13.115,16.0,1.024,603.0,128.0,0.61,0.001,long_scoreboard,32.877,memory-latency-bound
com-Amazon,core,CUSPARSE,512,334863,1851744,"CsrMMPolicy<int, float, float, float>, ",other,5516.448,17.397,94.73,94.73,1.193,15.299,0.0,0.0,74.384,0.127,11.106,43.0,1.024,77156.0,128.0,94.09,4.761,long_scoreboard,70.933,DRAM-bandwidth-bound
com-Amazon,core,TC_DIRECT_TF32,128,334863,1851744,fs_tile_spmm_staged_tf32_kernel,spmm,1307.296,27.078,92.514,92.514,37.582,22.181,5.319,1983424.0,98.298,0.187,15.453,38.0,4.096,83716.0,128.0,85.08,1.101,long_scoreboard,68.798,DRAM-bandwidth-bound
com-Amazon,core,TC_DIRECT_TF32,512,334863,1851744,fs_tile_spmm_staged_tf32_kernel,spmm,5133.504,27.526,94.301,94.301,37.578,22.12,5.407,7933696.0,98.71,0.184,15.707,38.0,4.096,334864.0,128.0,340.31,4.41,long_scoreboard,69.548,DRAM-bandwidth-bound
com-Amazon,core,TC_DIRECT_ZC_TF32,128,334863,1851744,fs_tile_spmm_zc_tf32_kernel,spmm,1295.968,37.606,89.02,89.02,33.155,23.725,5.38,1983424.0,81.748,0.578,37.606,48.0,1.024,83716.0,128.0,102.09,1.048,long_scoreboard,20.634,DRAM-bandwidth-bound
com-Amazon,core,TC_DIRECT_ZC_TF32,512,334863,1851744,fs_tile_spmm_zc_tf32_kernel,spmm,5020.64,38.709,91.794,91.794,33.143,23.664,5.538,7933696.0,82.096,0.576,38.709,48.0,1.024,334864.0,128.0,408.37,4.197,long_scoreboard,20.751,DRAM-bandwidth-bound
com-Amazon,core,TC_DIRECT_ZC,128,334863,1851744,convert_b_to_half_kernel,b_convert,302.464,12.32,92.702,92.702,0.0,33.391,0.0,0.0,75.228,0.177,12.32,16.0,1.024,65535.0,256.0,133.2,254.442,long_scoreboard,63.68,DRAM-bandwidth-bound
com-Amazon,core,TC_DIRECT_ZC,128,334863,1851744,fs_tile_spmm_zc_kernel,spmm,907.328,50.676,72.213,72.213,64.123,37.319,3.833,1983424.0,81.131,1.019,50.676,48.0,1.024,83716.0,128.0,102.09,595.628,long_scoreboard,12.863,DRAM-bandwidth-bound
com-Amazon,core,TC_DIRECT_ZC,512,334863,1851744,convert_b_to_half_kernel,b_convert,1210.24,9.114,93.321,93.321,0.0,33.362,0.0,0.0,83.55,0.09,7.44,16.0,1.024,65535.0,256.0,133.2,1.026,long_scoreboard,129.733,DRAM-bandwidth-bound
com-Amazon,core,TC_DIRECT_ZC,512,334863,1851744,fs_tile_spmm_zc_kernel,spmm,3552.096,51.627,73.858,73.858,64.109,37.206,3.905,7933696.0,81.597,0.98,51.627,48.0,1.024,334864.0,128.0,408.37,2.391,long_scoreboard,13.383,DRAM-bandwidth-bound
com-Amazon,core,TC_DIRECT,128,334863,1851744,convert_b_to_half_kernel,b_convert,304.192,12.298,92.586,92.586,0.0,33.396,0.0,0.0,74.714,0.178,12.298,16.0,1.024,65535.0,256.0,133.2,254.389,long_scoreboard,66.927,DRAM-bandwidth-bound
com-Amazon,core,TC_DIRECT,128,334863,1851744,fs_tile_spmm_staged_kernel,spmm,792.8,40.39,91.739,91.739,38.891,32.117,4.399,1983424.0,97.496,0.277,20.536,40.0,2.56,83716.0,128.0,85.08,660.316,long_scoreboard,49.651,DRAM-bandwidth-bound
com-Amazon,core,TC_DIRECT,512,334863,1851744,convert_b_to_half_kernel,b_convert,1209.984,9.101,93.191,93.191,0.0,33.357,0.0,0.0,83.932,0.09,7.429,16.0,1.024,65535.0,256.0,133.2,1.026,long_scoreboard,129.856,DRAM-bandwidth-bound
com-Amazon,core,TC_DIRECT,512,334863,1851744,fs_tile_spmm_staged_kernel,spmm,3218.72,39.513,90.308,90.308,38.904,31.901,4.303,7933696.0,97.896,0.266,20.087,40.0,2.56,334864.0,128.0,340.31,2.653,long_scoreboard,51.72,DRAM-bandwidth-bound
ogbn-proteins,dense_large,CUSPARSE,128,132534,79122504,"MatrixWiseMulPolicy, ",other,77.696,51.595,92.463,92.463,0.0,99.995,0.0,0.0,82.313,1.427,51.595,26.0,1.024,33134.0,128.0,33.67,0.065,mio_throttle,3.734,DRAM-bandwidth-bound
ogbn-proteins,dense_large,CUSPARSE,128,132534,79122504,csrmm_alg2_partition_kernel<,other,103.456,46.693,11.381,33.473,75.572,96.869,0.0,0.0,93.105,0.862,42.745,16.0,1.024,25757.0,128.0,26.18,0.011,long_scoreboard,16.799,memory-latency-bound
ogbn-proteins,dense_large,CUSPARSE,128,132534,79122504,"CsrMMPolicy<int, float, float, float>, ",other,20868.096,43.41,51.673,95.044,4.413,76.609,0.0,0.0,74.488,0.299,24.272,43.0,1.024,824193.0,128.0,1005.11,9.829,long_scoreboard,30.595,memory-latency-bound
ogbn-proteins,dense_large,TC_DIRECT,128,132534,79122504,convert_b_to_half_kernel,b_convert,122.304,14.177,91.373,91.373,0.0,33.459,0.0,0.0,73.604,0.218,14.177,16.0,1.024,33134.0,256.0,67.35,0.099,long_scoreboard,54.435,DRAM-bandwidth-bound
ogbn-proteins,dense_large,TC_DIRECT,128,132534,79122504,fs_tile_spmm_staged_kernel,spmm,9305.664,80.459,47.309,91.42,26.456,76.412,10.036,53194600.0,98.785,1.169,30.049,40.0,2.56,33134.0,128.0,33.67,4.009,mio_throttle,19.497,MIO/LSU-throughput-bound
roadNet-TX,core,CUSPARSE,128,1393383,3843320,"MatrixWiseMulPolicy, ",other,807.168,20.429,96.949,96.949,0.0,100.0,0.0,0.0,74.489,0.306,20.429,26.0,1.024,65535.0,128.0,66.6,0.71,long_scoreboard,14.227,DRAM-bandwidth-bound
roadNet-TX,core,CUSPARSE,128,1393383,3843320,csrmm_alg2_partition_kernel<,other,19.712,15.736,33.716,33.716,72.359,17.608,0.0,0.0,71.853,0.257,14.327,16.0,1.024,1252.0,128.0,1.27,0.006,long_scoreboard,44.387,memory-latency-bound
roadNet-TX,core,CUSPARSE,128,1393383,3843320,"CsrMMPolicy<int, float, float, float>, ",other,2990.912,18.585,90.712,90.712,7.551,33.503,0.0,0.0,73.601,0.15,12.952,43.0,1.024,40035.0,128.0,48.82,2.471,long_scoreboard,60.428,DRAM-bandwidth-bound
roadNet-TX,core,CUSPARSE,512,1393383,3843320,"MatrixWiseMulPolicy, ",other,3202.784,20.503,97.624,97.624,0.0,99.999,0.0,0.0,73.228,0.301,20.503,26.0,1.024,262140.0,128.0,266.4,2.851,long_scoreboard,14.168,DRAM-bandwidth-bound
roadNet-TX,core,CUSPARSE,512,1393383,3843320,csrmm_alg2_partition_kernel<,other,18.656,15.85,34.022,34.022,72.354,17.786,0.0,0.0,72.632,0.26,14.432,16.0,1.024,1252.0,128.0,1.27,0.006,long_scoreboard,44.249,memory-latency-bound
roadNet-TX,core,CUSPARSE,512,1393383,3843320,"CsrMMPolicy<int, float, float, float>, ",other,12059.264,18.428,90.204,90.204,7.353,33.383,0.0,0.0,74.492,0.149,12.842,43.0,1.024,160140.0,128.0,195.29,9.92,long_scoreboard,61.259,DRAM-bandwidth-bound
roadNet-TX,core,TC_DIRECT_TF32,128,1393383,3843320,fs_tile_spmm_staged_tf32_kernel,spmm,1943.648,39.788,91.451,91.451,44.21,63.896,6.889,3823648.0,96.57,0.364,27.314,38.0,4.096,348346.0,128.0,354.01,1.618,long_scoreboard,36.548,DRAM-bandwidth-bound
roadNet-TX,core,TC_DIRECT_TF32,512,1393383,3843320,fs_tile_spmm_staged_tf32_kernel,spmm,7832.0,39.448,90.795,90.795,44.193,63.903,6.83,15294592.0,96.737,0.36,27.08,38.0,4.096,1393384.0,128.0,1416.04,6.48,long_scoreboard,37.031,DRAM-bandwidth-bound
roadNet-TX,core,TC_DIRECT_ZC_TF32,128,1393383,3843320,fs_tile_spmm_zc_tf32_kernel,spmm,1980.288,54.484,83.917,83.917,40.232,67.065,6.756,3823648.0,79.836,1.078,54.484,48.0,1.024,348346.0,128.0,424.81,1.514,long_scoreboard,11.83,DRAM-bandwidth-bound
roadNet-TX,core,TC_DIRECT_ZC_TF32,512,1393383,3843320,fs_tile_spmm_zc_tf32_kernel,spmm,8010.496,54.222,83.113,83.113,40.155,67.072,6.724,15294592.0,80.087,1.057,54.222,48.0,1.024,1393384.0,128.0,1699.25,6.065,long_scoreboard,12.135,DRAM-bandwidth-bound
roadNet-TX,core,TC_DIRECT_ZC,128,1393383,3843320,convert_b_to_half_kernel,b_convert,1258.72,9.065,92.987,92.987,0.0,33.356,0.0,0.0,83.989,0.088,7.35,16.0,1.024,65535.0,256.0,133.2,1.068,long_scoreboard,131.27,DRAM-bandwidth-bound
roadNet-TX,core,TC_DIRECT_ZC,128,1393383,3843320,fs_tile_spmm_zc_kernel,spmm,1788.416,58.283,69.658,69.658,65.768,73.906,3.75,3823648.0,79.592,1.291,58.283,48.0,1.024,348346.0,128.0,424.81,1.135,long_scoreboard,10.153,DRAM-bandwidth-bound
roadNet-TX,core,TC_DIRECT_ZC,512,1393383,3843320,convert_b_to_half_kernel,b_convert,5051.968,8.775,92.912,92.912,0.0,33.339,0.0,0.0,89.663,0.067,6.176,16.0,1.024,65535.0,256.0,133.2,4.278,long_scoreboard,168.994,DRAM-bandwidth-bound
roadNet-TX,core,TC_DIRECT_ZC,512,1393383,3843320,fs_tile_spmm_zc_kernel,spmm,7458.56,57.049,68.492,68.492,65.681,73.892,3.671,15294592.0,79.842,1.226,57.049,48.0,1.024,1393384.0,128.0,1699.25,4.549,long_scoreboard,10.734,DRAM-bandwidth-bound
roadNet-TX,core,TC_DIRECT,128,1393383,3843320,convert_b_to_half_kernel,b_convert,1260.48,9.094,93.276,93.276,0.0,33.356,0.0,0.0,83.676,0.089,7.373,16.0,1.024,65535.0,256.0,133.2,1.068,long_scoreboard,131.014,DRAM-bandwidth-bound
roadNet-TX,core,TC_DIRECT,128,1393383,3843320,fs_tile_spmm_staged_kernel,spmm,1624.288,43.477,83.269,83.269,47.287,69.238,4.121,3823648.0,96.231,0.38,27.773,40.0,2.56,348346.0,128.0,354.01,1.232,long_scoreboard,35.287,DRAM-bandwidth-bound
roadNet-TX,core,TC_DIRECT,512,1393383,3843320,convert_b_to_half_kernel,b_convert,5047.008,8.79,93.055,93.055,0.0,33.337,0.0,0.0,89.528,0.067,6.186,16.0,1.024,65535.0,256.0,133.2,4.278,long_scoreboard,168.436,DRAM-bandwidth-bound
roadNet-TX,core,TC_DIRECT,512,1393383,3843320,fs_tile_spmm_staged_kernel,spmm,7107.456,41.208,78.688,78.688,47.36,69.214,3.906,15294592.0,96.569,0.354,26.322,40.0,2.56,1393384.0,128.0,1416.04,4.936,long_scoreboard,37.895,DRAM-bandwidth-bound
synth_community_nc1000,core,CUSPARSE,128,200000,1101854,"MatrixWiseMulPolicy, ",other,116.96,51.542,94.16,94.16,0.0,99.992,0.0,0.0,82.578,1.334,51.542,26.0,1.024,50000.0,128.0,50.81,99.266,mio_throttle,3.955,DRAM-bandwidth-bound
synth_community_nc1000,core,CUSPARSE,128,200000,1101854,csrmm_alg2_partition_kernel<,other,8.352,8.523,10.628,10.628,74.606,33.046,0.0,0.0,34.598,0.12,7.959,16.0,1.024,359.0,128.0,0.36,0.8,long_scoreboard,32.028,memory-latency-bound
synth_community_nc1000,core,CUSPARSE,128,200000,1101854,"CsrMMPolicy<int, float, float, float>, ",other,560.704,25.562,94.736,94.736,5.999,45.014,0.0,0.0,75.014,0.19,16.335,43.0,1.024,11478.0,128.0,14.0,482.596,long_scoreboard,49.573,DRAM-bandwidth-bound
synth_community_nc1000,core,CUSPARSE,512,200000,1101854,"MatrixWiseMulPolicy, ",other,462.304,51.638,96.719,96.719,0.0,99.986,0.0,0.0,83.01,1.241,51.638,26.0,1.024,200000.0,128.0,203.25,0.407,mio_throttle,4.267,DRAM-bandwidth-bound
synth_community_nc1000,core,CUSPARSE,512,200000,1101854,csrmm_alg2_partition_kernel<,other,8.416,8.605,10.71,10.71,74.588,33.058,0.0,0.0,34.635,0.123,8.036,16.0,1.024,359.0,128.0,0.36,0.001,long_scoreboard,32.18,memory-latency-bound
synth_community_nc1000,core,CUSPARSE,512,200000,1101854,"CsrMMPolicy<int, float, float, float>, ",other,2249.28,25.39,94.976,94.976,5.473,44.922,0.0,0.0,74.812,0.186,16.219,43.0,1.024,45912.0,128.0,55.99,1.946,long_scoreboard,49.883,DRAM-bandwidth-bound
synth_community_nc1000,core,TC_DIRECT_TF32,128,200000,1101854,fs_tile_spmm_staged_tf32_kernel,spmm,360.288,55.487,89.231,89.231,38.634,71.032,10.81,1106344.0,96.408,0.488,32.351,38.0,4.096,50000.0,128.0,50.81,291.969,long_scoreboard,28.313,DRAM-bandwidth-bound
synth_community_nc1000,core,TC_DIRECT_TF32,512,200000,1101854,fs_tile_spmm_staged_tf32_kernel,spmm,1433.536,55.532,89.934,89.934,38.594,71.015,10.819,4425376.0,97.05,0.483,32.371,38.0,4.096,200000.0,128.0,203.25,1.175,long_scoreboard,28.72,DRAM-bandwidth-bound
synth_community_nc1000,core,TC_DIRECT_ZC_TF32,128,200000,1101854,fs_tile_spmm_zc_tf32_kernel,spmm,443.872,61.806,65.238,68.506,34.854,74.415,8.758,1106344.0,80.681,1.397,61.806,48.0,1.024,50000.0,128.0,60.98,263.393,long_scoreboard,9.289,DRAM-bandwidth-bound
synth_community_nc1000,core,TC_DIRECT_ZC_TF32,512,200000,1101854,fs_tile_spmm_zc_tf32_kernel,spmm,1754.432,62.291,66.368,69.27,34.783,74.336,8.827,4425376.0,81.075,1.395,62.291,48.0,1.024,200000.0,128.0,243.9,1.061,long_scoreboard,9.341,DRAM-bandwidth-bound
synth_community_nc1000,core,TC_DIRECT_ZC,128,200000,1101854,convert_b_to_half_kernel,b_convert,181.824,14.12,91.909,91.909,0.0,33.431,0.0,0.0,73.914,0.212,14.12,16.0,1.024,50000.0,256.0,101.63,150.795,long_scoreboard,52.915,DRAM-bandwidth-bound
synth_community_nc1000,core,TC_DIRECT_ZC,128,200000,1101854,fs_tile_spmm_zc_kernel,spmm,404.224,64.16,51.29,65.152,64.859,76.6,4.801,1106344.0,80.496,1.661,64.16,48.0,1.024,50000.0,128.0,60.98,188.786,long_scoreboard,8.005,memory-latency-bound
synth_community_nc1000,core,TC_DIRECT_ZC,512,200000,1101854,convert_b_to_half_kernel,b_convert,723.808,9.383,93.259,93.259,0.0,33.378,0.0,0.0,80.88,0.109,8.542,16.0,1.024,65535.0,256.0,133.2,611.837,long_scoreboard,107.248,DRAM-bandwidth-bound
synth_community_nc1000,core,TC_DIRECT_ZC,512,200000,1101854,fs_tile_spmm_zc_kernel,spmm,1614.784,64.151,51.868,65.138,64.796,76.632,4.801,4425376.0,80.938,1.612,64.151,48.0,1.024,200000.0,128.0,243.9,763.06,long_scoreboard,8.318,memory-latency-bound
synth_community_nc1000,core,TC_DIRECT,128,200000,1101854,convert_b_to_half_kernel,b_convert,181.632,14.15,92.162,92.162,0.0,33.435,0.0,0.0,74.162,0.212,14.15,16.0,1.024,50000.0,256.0,101.63,150.862,long_scoreboard,54.569,DRAM-bandwidth-bound
synth_community_nc1000,core,TC_DIRECT,128,200000,1101854,fs_tile_spmm_staged_kernel,spmm,286.144,62.939,83.471,83.471,39.892,71.06,6.793,1106344.0,95.464,0.601,32.93,40.0,2.56,50000.0,128.0,50.81,216.851,long_scoreboard,24.635,DRAM-bandwidth-bound
synth_community_nc1000,core,TC_DIRECT,512,200000,1101854,convert_b_to_half_kernel,b_convert,721.952,9.37,93.128,93.128,0.0,33.372,0.0,0.0,82.07,0.11,8.531,16.0,1.024,65535.0,256.0,133.2,611.825,long_scoreboard,108.293,DRAM-bandwidth-bound
synth_community_nc1000,core,TC_DIRECT,512,200000,1101854,fs_tile_spmm_staged_kernel,spmm,1165.248,61.599,82.555,82.555,39.884,71.033,6.648,4425376.0,96.322,0.561,32.221,40.0,2.56,200000.0,128.0,203.25,875.847,long_scoreboard,26.438,DRAM-bandwidth-bound
twitter-combined,core,CUSPARSE,128,81306,1768149,"MatrixWiseMulPolicy, ",other,48.832,51.485,89.263,89.263,0.0,100.002,0.0,0.0,81.924,1.583,51.485,26.0,1.024,20327.0,128.0,20.66,38.522,mio_throttle,3.364,DRAM-bandwidth-bound
twitter-combined,core,CUSPARSE,128,81306,1768149,csrmm_alg2_partition_kernel<,other,7.872,13.841,4.346,9.924,73.816,62.977,0.0,0.0,53.297,0.241,12.946,16.0,1.024,576.0,128.0,0.59,0.308,long_scoreboard,29.47,memory-latency-bound
twitter-combined,core,CUSPARSE,128,81306,1768149,"CsrMMPolicy<int, float, float, float>, ",other,471.104,44.378,58.018,89.462,12.304,76.77,0.0,0.0,72.743,0.356,25.765,43.0,1.024,18419.0,128.0,22.46,248.521,long_scoreboard,25.652,memory-latency-bound
twitter-combined,core,CUSPARSE,512,81306,1768149,"MatrixWiseMulPolicy, ",other,188.992,51.557,95.486,95.486,0.0,99.991,0.0,0.0,82.541,1.28,51.557,26.0,1.024,81308.0,128.0,82.63,0.163,mio_throttle,4.111,DRAM-bandwidth-bound
twitter-combined,core,CUSPARSE,512,81306,1768149,csrmm_alg2_partition_kernel<,other,7.904,13.779,4.337,9.88,73.816,63.216,0.0,0.0,53.761,0.239,12.886,16.0,1.024,576.0,128.0,0.59,0.0,long_scoreboard,29.412,memory-latency-bound
twitter-combined,core,CUSPARSE,512,81306,1768149,"CsrMMPolicy<int, float, float, float>, ",other,1753.152,47.667,63.035,96.599,11.873,76.822,0.0,0.0,74.195,0.356,27.666,43.0,1.024,73676.0,128.0,89.85,1.005,long_scoreboard,25.979,DRAM-bandwidth-bound
twitter-combined,core,TC_DIRECT_TF32,128,81306,1768149,fs_tile_spmm_staged_tf32_kernel,spmm,348.352,54.619,68.208,85.561,37.218,71.759,11.505,1150136.0,96.127,0.42,27.498,38.0,4.096,20328.0,128.0,20.66,217.971,long_scoreboard,32.596,DRAM-bandwidth-bound
twitter-combined,core,TC_DIRECT_TF32,512,81306,1768149,fs_tile_spmm_staged_tf32_kernel,spmm,1306.656,58.675,73.841,92.686,36.593,71.836,12.359,4600544.0,97.719,0.439,29.532,38.0,4.096,81312.0,128.0,82.63,877.774,long_scoreboard,31.729,DRAM-bandwidth-bound
twitter-combined,core,TC_DIRECT_ZC_TF32,128,81306,1768149,fs_tile_spmm_zc_tf32_kernel,spmm,429.28,60.356,47.087,67.269,33.618,76.08,9.396,1150136.0,80.241,1.567,60.356,48.0,1.024,20328.0,128.0,24.79,183.899,long_scoreboard,8.335,memory-latency-bound
twitter-combined,core,TC_DIRECT_ZC_TF32,512,81306,1768149,fs_tile_spmm_zc_tf32_kernel,spmm,1624.864,63.607,50.062,71.296,33.183,76.285,9.903,4600544.0,81.814,1.542,63.607,48.0,1.024,81312.0,128.0,99.16,741.346,long_scoreboard,8.646,memory-latency-bound
twitter-combined,core,TC_DIRECT_ZC,128,81306,1768149,convert_b_to_half_kernel,b_convert,75.52,14.132,89.259,89.259,0.0,33.548,0.0,0.0,75.029,0.225,14.132,16.0,1.024,20327.0,256.0,41.32,59.63,long_scoreboard,53.681,DRAM-bandwidth-bound
twitter-combined,core,TC_DIRECT_ZC,128,81306,1768149,fs_tile_spmm_zc_kernel,spmm,386.976,62.779,30.381,65.36,66.403,79.326,5.211,1150136.0,80.117,1.964,62.634,48.0,1.024,20328.0,128.0,24.79,106.98,long_scoreboard,6.736,memory-latency-bound
twitter-combined,core,TC_DIRECT_ZC,512,81306,1768149,convert_b_to_half_kernel,b_convert,294.08,12.46,92.373,92.373,0.0,33.405,0.0,0.0,73.55,0.181,12.46,16.0,1.024,65535.0,256.0,133.2,247.113,long_scoreboard,65.047,DRAM-bandwidth-bound
twitter-combined,core,TC_DIRECT_ZC,512,81306,1768149,fs_tile_spmm_zc_kernel,spmm,1466.816,66.245,32.723,68.95,66.205,79.191,5.499,4600544.0,81.657,1.923,66.086,48.0,1.024,81312.0,128.0,99.16,436.969,long_scoreboard,7.071,memory-latency-bound
twitter-combined,core,TC_DIRECT,128,81306,1768149,convert_b_to_half_kernel,b_convert,75.648,14.289,90.231,90.231,0.0,33.548,0.0,0.0,74.761,0.226,14.289,16.0,1.024,20327.0,256.0,41.32,59.651,long_scoreboard,54.208,DRAM-bandwidth-bound
twitter-combined,core,TC_DIRECT,128,81306,1768149,fs_tile_spmm_staged_kernel,spmm,233.216,73.641,64.189,84.95,36.999,72.778,8.669,1150136.0,95.506,0.954,31.799,40.0,2.56,20328.0,128.0,20.66,136.113,long_scoreboard,15.559,compute-bound
twitter-combined,core,TC_DIRECT,512,81306,1768149,convert_b_to_half_kernel,b_convert,295.264,12.534,92.884,92.884,0.0,33.396,0.0,0.0,73.28,0.181,12.534,16.0,1.024,65535.0,256.0,133.2,246.99,long_scoreboard,64.653,DRAM-bandwidth-bound
twitter-combined,core,TC_DIRECT,512,81306,1768149,fs_tile_spmm_staged_kernel,spmm,904.864,75.662,67.228,87.27,36.601,72.692,8.907,4600544.0,96.897,0.911,32.661,40.0,2.56,81312.0,128.0,82.63,554.326,long_scoreboard,16.935,compute-bound
