dataset,category,M,nnz,d_bar,cv_d,production_full_cpu_input_ms,production_full_gpu_input_ms,production_full_backend,production_full_gpu_implementation,lightweight_cpu_ms,lightweight_gpu_kernel_ms,lightweight_gpu_with_h2d_ms,lightweight_speedup_kernel_only,lightweight_speedup_with_h2d,lightweight_cpu_gpu_match
roadNet-CA,Sparse Uniform,1971281,5533214,2.8069,0.3581,1200.3323,1203.7175,CPU,False,15.2033,0.0346,1.62919,439.45,9.33,True
roadNet-PA,Sparse Uniform,1090920,3083796,2.8268,0.3629,571.1874,573.0391,CPU,False,3.8744,0.02257,0.98905,171.63,3.92,True
roadNet-TX,Sparse Uniform,1393383,3843320,2.7583,0.376,784.4169,794.8376,CPU,False,5.4415,0.02617,1.19504,207.9,4.55,True
Amazon0601,Sparse Uniform,403394,3387388,8.3972,0.3322,662.4697,674.4625,CPU,False,0.8885,0.01507,0.42549,58.97,2.09,True
web-Google,Sparse Uniform,916428,5105039,5.5706,1.177,2777.3616,2783.1038,CPU,False,2.9841,0.02056,0.82241,145.13,3.63,True
web-Stanford,Sparse Uniform,281904,2312497,8.2031,1.3789,951.231,958.5821,CPU,False,0.6207,0.01388,0.36895,44.73,1.68,True
ogbn-arxiv,Sparse Uniform,169343,1166243,6.8869,1.2893,461.0268,466.8093,CPU,False,0.3604,0.01378,0.24304,26.16,1.48,True
Yelp,Sparse Uniform,716847,13954819,19.4669,3.6405,6125.0865,6107.6133,CPU,False,2.0,0.01871,0.69091,106.9,2.89,True
twitter-combined,Sparse Skewed,81306,1768149,21.7468,1.7009,104.3531,107.1591,CPU,False,0.1624,0.01385,0.12673,11.73,1.28,True
soc-Pokec,Sparse Skewed,1632803,30622564,18.7546,1.7138,13651.4366,13568.5355,CPU,False,6.8637,0.03008,1.38772,228.18,4.95,True
ca-GrQc,Dense Small,5242,28980,5.5284,1.4322,3.4908,3.6229,CPU,False,0.0121,0.0138,0.0362,0.88,0.33,True
ca-HepTh,Dense Small,9877,51971,5.2618,1.1757,7.0535,7.2934,CPU,False,0.0188,0.01382,0.04313,1.36,0.44,True
ca-CondMat,Dense Small,23133,186936,8.0809,1.3162,26.9041,33.4452,CPU,False,0.0341,0.01386,0.05856,2.46,0.58,True
amazon-computers,Dense Small,13752,491722,35.7564,1.9662,43.8619,45.1829,CPU,False,0.0251,0.01404,0.04883,1.79,0.51,True
amazon-photo,Dense Small,7650,238162,31.1323,1.5185,17.3003,18.0772,CPU,False,0.0175,0.01397,0.03983,1.25,0.44,True
gplus-combined,Dense Large-Scale,107614,13673453,127.0602,2.74,711.6962,733.1063,CPU,False,0.2077,0.01378,0.15763,15.07,1.32,True
Reddit,Dense Large-Scale,232965,114615892,491.9876,1.6257,13510.2044,13560.2017,CPU,False,0.4955,0.01404,0.31851,35.29,1.56,True
ogbn-products,Dense Large-Scale,2449029,123718152,50.5172,1.8985,63392.6615,61952.8353,CPU,False,11.9093,0.0405,1.98634,294.06,6.0,True
ogbn-proteins,Dense Large-Scale,132534,79122504,596.9978,1.041,2664.1077,2788.681,CPU,False,0.2768,0.01398,0.18897,19.8,1.46,True
com-DBLP,Community,317080,2099732,6.6221,1.5113,588.6181,604.6884,CPU,False,0.6787,0.01405,0.37813,48.31,1.79,True
com-Amazon,Community,334863,1851744,5.5299,1.0419,828.2421,850.7981,CPU,False,0.7087,0.0143,0.37768,49.58,1.88,True
com-youtube,Community,1157828,5975248,5.1607,9.7378,1561.9996,1581.7177,CPU,False,3.9579,0.02401,1.01038,164.86,3.92,True
Cora,Mixed/Irregular,2708,10556,3.8981,1.3411,1.2944,1.3755,CPU,False,0.0096,0.01383,0.03289,0.7,0.29,True
CiteSeer,Mixed/Irregular,3327,9104,2.7364,1.2355,1.3762,1.4473,CPU,False,0.0106,0.01384,0.03381,0.77,0.31,True
PPI,Mixed/Irregular,1767,32318,18.2898,1.4544,1.6181,1.7421,CPU,False,0.008,0.01382,0.03172,0.58,0.25,True
Flickr,Mixed/Irregular,89250,899756,10.0813,3.1493,290.2407,286.1163,CPU,False,0.163,0.01382,0.13224,11.79,1.23,True
synth_sparse_skewed_cv1p5,Sparse Skewed,200000,3622709,18.1135,0.9299,1564.8943,1553.1723,CPU,False,0.4265,0.01396,0.26733,30.55,1.6,True
synth_sparse_skewed_cv2p0,Sparse Skewed,200000,6166484,30.8324,0.9326,2491.1246,2522.974,CPU,False,0.4194,0.01354,0.27527,30.98,1.52,True
synth_sparse_skewed_cv2p5,Sparse Skewed,200000,10306672,51.5334,0.9087,3944.0198,3950.7248,CPU,False,0.4561,0.01665,0.2871,27.39,1.59,True
synth_sparse_skewed_cv3p0,Sparse Skewed,200000,16207364,81.0368,0.874,5501.2787,5516.8014,CPU,False,0.4298,0.01391,0.27627,30.91,1.56,True
synth_sparse_skewed_cv4p0,Sparse Skewed,200000,25191428,125.9571,0.8526,7141.9128,7197.7828,CPU,False,0.4266,0.01398,0.27241,30.52,1.57,True
synth_community_nc10,Community,200000,1089063,5.4453,0.4198,396.3022,405.5617,CPU,False,0.4274,0.01385,0.27274,30.86,1.57,True
synth_community_nc50,Community,200000,1098216,5.4911,0.4169,283.5879,281.3251,CPU,False,0.4365,0.01396,0.27076,31.28,1.61,True
synth_community_nc100,Community,200000,1098420,5.4921,0.4163,223.0532,227.3849,CPU,False,0.4323,0.01395,0.27155,30.99,1.59,True
synth_community_nc500,Community,200000,1100450,5.5022,0.4142,131.8418,133.6661,CPU,False,0.4278,0.01403,0.27231,30.48,1.57,True
synth_community_nc1000,Community,200000,1101854,5.5093,0.4118,110.1399,112.5894,CPU,False,0.4233,0.0138,0.27014,30.68,1.57,True
synth_mixed_v1,Mixed/Irregular,200000,4001390,20.007,2.1333,1685.4486,1699.4809,CPU,False,0.4266,0.01385,0.27127,30.8,1.57,True
synth_mixed_v2,Mixed/Irregular,200000,5457270,27.2864,2.362,2204.6155,2201.5824,CPU,False,0.424,0.01422,0.27636,29.81,1.53,True
synth_mixed_v3,Mixed/Irregular,200000,5576937,27.8847,1.8881,2200.9348,2223.9465,CPU,False,0.4264,0.01394,0.27508,30.6,1.55,True
synth_mixed_v4,Mixed/Irregular,200000,7410217,37.0511,2.3179,2816.3536,2798.5557,CPU,False,0.4263,0.0137,0.27675,31.13,1.54,True
synth_mixed_v5,Mixed/Irregular,200000,7276677,36.3834,2.0472,2768.1338,2778.4961,CPU,False,0.4346,0.014,0.27749,31.05,1.57,True
synth_dense_small_d30,Dense Small,10000,300000,30.0,0.0,25.6738,26.7,CPU,False,0.02,0.01379,0.0436,1.45,0.46,True
synth_dense_small_d50,Dense Small,10000,500000,50.0,0.0,35.8243,37.3408,CPU,False,0.0204,0.0138,0.04323,1.48,0.47,True
synth_dense_small_d70,Dense Small,10000,700000,70.0,0.0,44.3022,45.8552,CPU,False,0.0186,0.01389,0.04372,1.34,0.43,True
synth_dense_small_d90,Dense Small,10000,900000,90.0,0.0,50.9525,52.8511,CPU,False,0.0186,0.01394,0.04325,1.33,0.43,True
synth_dense_small_d120,Dense Small,10000,1200000,120.0,0.0,59.0289,61.1935,CPU,False,0.0185,0.01405,0.04356,1.32,0.43,True
synth_sparse_uniform_d3,Sparse Uniform,300000,900000,3.0,0.0,425.2604,411.3489,CPU,False,0.6763,0.01689,0.38106,40.04,1.77,True
synth_sparse_uniform_d5,Sparse Uniform,300000,1500000,5.0,0.0,691.9384,676.2443,CPU,False,0.6644,0.01482,0.37374,44.82,1.78,True
synth_sparse_uniform_d8,Sparse Uniform,300000,2400000,8.0,0.0,1102.6503,1113.5853,CPU,False,0.6386,0.01487,0.38324,42.95,1.67,True
synth_sparse_uniform_d12,Sparse Uniform,300000,3600000,12.0,0.0,1619.3839,1625.7512,CPU,False,0.6811,0.01675,0.38405,40.67,1.77,True
synth_sparse_uniform_d18,Sparse Uniform,300000,5400000,18.0,0.0,2411.677,2402.0532,CPU,False,0.6191,0.01486,0.3645,41.67,1.7,True
