dataset,category,N,M,nnz,max_nnz_per_row,tolerance_tc,ms_cusparse_fp16_warm,ms_cusparse_fp16_cold,cusparse_fp16_max_abs_err,cusparse_fp16_max_rel_err,TC_DIRECT_max_abs_err,TC_DIRECT_max_rel_err,TC_DIRECT_passes_gate,COMMUNITY_TC_max_abs_err,COMMUNITY_TC_max_rel_err,COMMUNITY_TC_passes_gate,SEGMENT_HYBRID_max_abs_err,SEGMENT_HYBRID_max_rel_err,SEGMENT_HYBRID_passes_gate
roadNet-CA,Sparse Uniform,64,1971281,5533214,12,0.034641,1.816842,4.063274,0.0030879974365234375,0.00027654517695987514,0.0030879974365234375,0.00027654517695987514,True,0.0030879974365234375,0.00027654517695987514,True,0.0030879974365234375,0.00027654517695987514,True
roadNet-CA,Sparse Uniform,128,1971281,5533214,12,0.034641,3.835402,7.060359,0.003326416015625,0.00029300590371614314,0.003326416015625,0.00029300590371614314,True,0.003326416015625,0.00029300590371614314,True,0.003326416015625,0.00029300590371614314,True
roadNet-CA,Sparse Uniform,256,1971281,5533214,12,0.034641,7.629476,13.532341,0.003606081008911133,0.00028113109084216355,0.003606081008911133,0.00028113109084216355,True,0.003606081008911133,0.00028113109084216355,True,0.003606081008911133,0.00028113109084216355,True
roadNet-CA,Sparse Uniform,512,1971281,5533214,12,0.034641,15.228093,26.986914,0.0034317970275878906,0.0002713352362867315,0.0034317970275878906,0.0002713352362867315,True,0.0034317970275878906,0.0002713352362867315,True,0.0034317970275878906,0.0002713352362867315,True
roadNet-PA,Sparse Uniform,64,1090920,3083796,9,0.03,1.007053,2.820781,0.00330352783203125,0.0003012066264414376,0.00330352783203125,0.0003012066264414376,True,0.00330352783203125,0.0003012066264414376,True,0.00330352783203125,0.0003012066264414376,True
roadNet-PA,Sparse Uniform,128,1090920,3083796,9,0.03,2.124037,4.410822,0.003398895263671875,0.0002681782569737634,0.003398895263671875,0.0002681782569737634,True,0.003398895263671875,0.0002681782569737634,True,0.003398895263671875,0.0002681782569737634,True
roadNet-PA,Sparse Uniform,256,1090920,3083796,9,0.03,4.216883,7.62621,0.0032339096069335938,0.00027342297994763763,0.0032339096069335938,0.00027342297994763763,True,0.0032339096069335938,0.00027342297994763763,True,0.0032339096069335938,0.00027342297994763763,True
roadNet-PA,Sparse Uniform,512,1090920,3083796,9,0.03,8.415309,14.947096,0.003575563430786133,0.00030256188022931513,0.003575563430786133,0.00030256188022931513,True,0.003575563430786133,0.00030256188022931513,True,0.003575563430786133,0.00030256188022931513,True
roadNet-TX,Sparse Uniform,64,1393383,3843320,12,0.034641,1.26974,3.17642,0.003250598907470703,0.0002415843967311225,0.003250598907470703,0.0002415843967311225,True,0.003250598907470703,0.0002415843967311225,True,0.003250598907470703,0.0002415843967311225,True
roadNet-TX,Sparse Uniform,128,1393383,3843320,12,0.034641,2.678467,5.276824,0.003422975540161133,0.0002789602819781904,0.003422975540161133,0.0002789602819781904,True,0.003422975540161133,0.0002789602819781904,True,0.003422975540161133,0.0002789602819781904,True
roadNet-TX,Sparse Uniform,256,1393383,3843320,12,0.034641,5.327094,9.515045,0.0035552978515625,0.000286000176295173,0.0035552978515625,0.000286000176295173,True,0.0035552978515625,0.000286000176295173,True,0.0035552978515625,0.000286000176295173,True
roadNet-TX,Sparse Uniform,512,1393383,3843320,12,0.034641,10.642115,18.953152,0.0036078691482543945,0.00030146156615543936,0.0036078691482543945,0.00030146156615543936,True,0.0036078691482543945,0.00030146156615543936,True,0.0036078691482543945,0.00030146156615543936,True
Amazon0601,Sparse Uniform,64,403394,3387388,10,0.031623,0.657198,2.134798,0.004355430603027344,0.0002485020771443602,0.004355430603027344,0.0002485020771443602,True,0.004355430603027344,0.0002485020771443602,True,0.004355430603027344,0.0002485020771443602,True
Amazon0601,Sparse Uniform,128,403394,3387388,10,0.031623,1.348567,2.952058,0.0053043365478515625,0.0002933946638252081,0.0053043365478515625,0.0002933946638252081,True,0.0053043365478515625,0.0002933946638252081,True,0.0053043365478515625,0.0002933946638252081,True
Amazon0601,Sparse Uniform,256,403394,3387388,10,0.031623,2.687862,4.731348,0.004430413246154785,0.000235715507080408,0.004430413246154785,0.000235715507080408,True,0.004430413246154785,0.000235715507080408,True,0.004430413246154785,0.000235715507080408,True
Amazon0601,Sparse Uniform,512,403394,3387388,10,0.031623,5.360512,8.19783,0.004952907562255859,0.0002725626907309057,0.004952907562255859,0.0002725626907309057,True,0.004952907562255859,0.0002725626907309057,True,0.004952907562255859,0.0002725626907309057,True
web-Google,Sparse Uniform,64,916428,5105039,456,0.213542,1.270789,3.022854,0.012862205505371094,0.0002291642354675348,0.0128631591796875,0.0002291812269582642,True,0.0128631591796875,0.0002291812269582642,True,0.012860774993896484,0.0002291387482314407,True
web-Google,Sparse Uniform,128,916428,5105039,456,0.213542,2.570317,4.707228,0.014255523681640625,0.000255795072621638,0.01425933837890625,0.0002558635219319462,True,0.014255523681640625,0.000255795072621638,True,0.014255523681640625,0.000255795072621638,True
web-Google,Sparse Uniform,256,916428,5105039,456,0.213542,5.134715,8.229588,0.016382217407226562,0.000253920528225651,0.016382217407226562,0.000253920528225651,True,0.016384124755859375,0.0002539500916821914,True,0.016382217407226562,0.000253920528225651,True
web-Google,Sparse Uniform,512,916428,5105039,456,0.213542,10.23148,15.726824,0.014095306396484375,0.00019541077142249416,0.014095306396484375,0.00019541077142249416,True,0.01409149169921875,0.00019535788623401717,True,0.014095306396484375,0.00019541077142249416,True
web-Stanford,Sparse Uniform,64,281904,2312497,255,0.159687,0.418196,1.836428,0.011457681655883789,0.00018687954916394686,0.011457562446594238,0.00018687760481089565,True,0.011457204818725586,0.00018687177175174201,True,0.011456966400146484,0.0001868678830456396,True
web-Stanford,Sparse Uniform,128,281904,2312497,255,0.159687,0.810092,2.303822,0.011393070220947266,0.0001867882533399394,0.011391878128051758,0.00018676870909545984,True,0.011392593383789062,0.00018678043564214757,True,0.011392593383789062,0.00018678043564214757,True
web-Stanford,Sparse Uniform,256,281904,2312497,255,0.159687,1.608305,3.408214,0.012420177459716797,0.00022718190747605794,0.012421607971191406,0.000227208073473003,True,0.012419700622558594,0.00022717318547707624,True,0.012420177459716797,0.00022718190747605794,True
web-Stanford,Sparse Uniform,512,281904,2312497,255,0.159687,3.206948,5.577972,0.0127105712890625,0.00022263155306488546,0.0127105712890625,0.00022263155306488546,True,0.012711524963378906,0.0002226482571129846,True,0.012709617614746094,0.00022261484901678637,True
ogbn-arxiv,Sparse Uniform,64,169343,1166243,436,0.208806,0.216325,1.582962,0.012776374816894531,0.0002642162211286042,0.012775421142578125,0.00026419649908477884,True,0.012773513793945312,0.00026415705499712805,True,0.012774467468261719,0.00026417677704095347,True
ogbn-arxiv,Sparse Uniform,128,169343,1166243,436,0.208806,0.443515,1.799031,0.010953426361083984,0.0001969299401612804,0.010952949523925781,0.00019692136718055858,True,0.010953903198242188,0.00019693851314200224,True,0.010952472686767578,0.00019691279419983674,True
ogbn-arxiv,Sparse Uniform,256,169343,1166243,436,0.208806,0.868219,2.430928,0.014808177947998047,0.00019955031364130184,0.01480722427368164,0.00019953746222841238,True,0.01480722427368164,0.00019953746222841238,True,0.01480865478515625,0.00019955673934774658,True
ogbn-arxiv,Sparse Uniform,512,169343,1166243,436,0.208806,1.721001,3.631695,0.01448822021484375,0.00020617515768491028,0.014490127563476562,0.00020620230028070872,True,0.014492034912109375,0.00020622944287650716,True,0.01448822021484375,0.00020617515768491028,True
Yelp,Sparse Uniform,64,716847,13954819,4886,0.698999,2.447626,4.13457,0.044677734375,0.0001967596481442904,0.044666290283203125,0.00019670924864425345,True,0.04465484619140625,0.0001966588491442165,True,0.044658660888671875,0.00019667564897756214,True
Yelp,Sparse Uniform,128,716847,13954819,4886,0.698999,4.636892,6.679194,0.0471954345703125,0.00022267517185512535,0.04712677001953125,0.00022235120215795495,True,0.047149658203125,0.00022245919205701175,True,0.04720306396484375,0.00022271116848814428,True
Yelp,Sparse Uniform,256,716847,13954819,4886,0.698999,9.229245,11.967737,0.04736781120300293,0.0002030877956038314,0.0473785400390625,0.0002031337951045344,True,0.047368764877319336,0.00020309188444833832,True,0.04736781120300293,0.0002030877956038314,True
Yelp,Sparse Uniform,512,716847,13954819,4886,0.698999,18.408781,22.792007,0.0545196533203125,0.00018356106618925376,0.054473876953125,0.00018340694270798657,True,0.05448150634765625,0.00018343262995486442,True,0.05449676513671875,0.00018348400444862016,True
twitter-combined,Sparse Skewed,64,81306,1768149,1205,0.347131,0.246907,1.517389,0.02032470703125,0.00020211026176920524,0.020325660705566406,0.0002021197451711276,True,0.020323753356933594,0.0002021007783672829,True,0.020324230194091797,0.0002021055200682441,True
twitter-combined,Sparse Skewed,128,81306,1768149,1205,0.347131,0.303498,1.695685,0.019578933715820312,0.00015969366197402212,0.019577980041503906,0.00015968588342253777,True,0.019572734832763672,0.00015964310138937376,True,0.019573688507080078,0.0001596508799408581,True
twitter-combined,Sparse Skewed,256,81306,1768149,1205,0.347131,0.583009,2.061234,0.0231173038482666,0.00018846470151635394,0.02311849594116211,0.00018847442009916127,True,0.023119449615478516,0.00018848219496540714,True,0.02312159538269043,0.00018849968841446032,True
twitter-combined,Sparse Skewed,512,81306,1768149,1205,0.347131,1.126815,2.750639,0.025424957275390625,0.00020550333300814577,0.025417327880859375,0.0002054416665916392,True,0.025417327880859375,0.0002054416665916392,True,0.025421142578125,0.00020547249979989247,True
soc-Pokec,Sparse Skewed,64,1632803,30622564,8763,0.936109,5.61751,7.779101,0.060150146484375,0.00023836684245868566,0.0597381591796875,0.00023673419285280423,True,0.0597381591796875,0.00023673419285280423,True,0.0599365234375,0.00023752028340378418,True
soc-Pokec,Sparse Skewed,128,1632803,30622564,8763,0.936109,10.60952,13.669289,0.057331085205078125,0.00017290341522498037,0.057300567626953125,0.00017281137800881165,True,0.057292938232421875,0.00017278836870476946,True,0.057300567626953125,0.00017281137800881165,True
soc-Pokec,Sparse Skewed,256,1632803,30622564,8763,0.936109,21.119089,26.208351,0.06402587890625,0.00021962089748320523,0.06396484375,0.00021941153533117168,True,0.06400299072265625,0.00021954238667619265,True,0.06404876708984375,0.0002196994082902178,True
soc-Pokec,Sparse Skewed,512,1632803,30622564,8763,0.936109,42.225391,52.152847,0.0676422119140625,0.00021785715057983518,0.06764984130859375,0.0002178817227826978,True,0.06765365600585938,0.00021789400888412908,True,0.06767654418945312,0.0002179677254927169,True
ca-GrQc,Dense Small,64,5242,28980,81,0.09,0.014188,1.327397,0.0074176788330078125,0.0002369987535779103,0.0074176788330078125,0.0002369987535779103,True,0.0074176788330078125,0.0002369987535779103,True,0.0074176788330078125,0.0002369987535779103,True
ca-GrQc,Dense Small,128,5242,28980,81,0.09,0.014418,1.333705,0.005938529968261719,0.00023795386729106089,0.005938529968261719,0.00023795386729106089,True,0.005938529968261719,0.00023795386729106089,True,0.005938529968261719,0.00023795386729106089,True
ca-GrQc,Dense Small,256,5242,28980,81,0.09,0.025492,1.339147,0.006575107574462891,0.00021217891263208212,0.006575107574462891,0.00021217891263208212,True,0.006575107574462891,0.00021217891263208212,True,0.006575584411621094,0.00021219430018104375,True
ca-GrQc,Dense Small,512,5242,28980,81,0.09,0.052301,1.364618,0.006837248802185059,0.00023190105184219882,0.006837576627731323,0.0002319121708011835,True,0.00683748722076416,0.00023190913835782404,True,0.006837248802185059,0.00023190105184219882,True
ca-HepTh,Dense Small,64,9877,51971,65,0.080623,0.016343,1.071252,0.0048618316650390625,0.00019645185900567615,0.0048618316650390625,0.00019645185900567615,True,0.0048618316650390625,0.00019645185900567615,True,0.0048618316650390625,0.00019645185900567615,True
ca-HepTh,Dense Small,128,9877,51971,65,0.080623,0.023747,1.098545,0.0052547454833984375,0.0001821398008587214,0.0052547454833984375,0.0001821398008587214,True,0.0052547454833984375,0.0001821398008587214,True,0.005254983901977539,0.00018214806491502171,True
ca-HepTh,Dense Small,256,9877,51971,65,0.080623,0.051881,1.110698,0.0063381195068359375,0.0002284003575774963,0.0063381195068359375,0.0002284003575774963,True,0.0063381195068359375,0.0002284003575774963,True,0.0063381195068359375,0.0002284003575774963,True
ca-HepTh,Dense Small,512,9877,51971,65,0.080623,0.091218,1.202195,0.0066890716552734375,0.00023675639286142007,0.0066890716552734375,0.00023675639286142007,True,0.0066890716552734375,0.00023675639286142007,True,0.0066890716552734375,0.00023675639286142007,True
ca-CondMat,Dense Small,64,23133,186936,280,0.167332,0.038589,1.114075,0.008470535278320312,0.00019527294373544962,0.008470535278320312,0.00019527294373544962,True,0.008470535278320312,0.00019527294373544962,True,0.008470535278320312,0.00019527294373544962,True
ca-CondMat,Dense Small,128,23133,186936,280,0.167332,0.070113,1.127708,0.01010894775390625,0.0001999335617002139,0.01010894775390625,0.0001999335617002139,True,0.01010894775390625,0.0001999335617002139,True,0.010107040405273438,0.00019989583838668555,True
ca-CondMat,Dense Small,256,23133,186936,280,0.167332,0.130877,1.296448,0.01201486587524414,0.00023464387732668722,0.012015223503112793,0.00023465086160687912,True,0.012015342712402344,0.0002346531897002764,True,0.012015104293823242,0.00023464853351348183,True
ca-CondMat,Dense Small,512,23133,186936,280,0.167332,0.249298,1.553887,0.010919570922851562,0.00018477440803766417,0.010919570922851562,0.00018477440803766417,True,0.01091766357421875,0.0001847421330318934,True,0.010919570922851562,0.00018477440803766417,True
amazon-computers,Dense Small,64,13752,491722,2992,0.546992,0.058778,1.105358,0.03361797332763672,0.0002321211837067536,0.03361701965332031,0.0002321145988954374,True,0.03362274169921875,0.0002321541077633345,True,0.03361701965332031,0.0002321145988954374,True
amazon-computers,Dense Small,128,13752,491722,2992,0.546992,0.073528,1.150955,0.026849746704101562,0.00015059240787471738,0.026851654052734375,0.0001506031056375841,True,0.026844024658203125,0.00015056031458611724,True,0.026845932006835938,0.00015057101234898396,True
amazon-computers,Dense Small,256,13752,491722,2992,0.546992,0.142812,1.436404,0.042380332946777344,0.00019446074419613511,0.04239082336425781,0.00019450887912685267,True,0.042395591735839844,0.00019453075864081518,True,0.04239845275878906,0.0001945438863491927,True
amazon-computers,Dense Small,512,13752,491722,2992,0.546992,0.287124,1.640353,0.0404510498046875,0.00017624595452043283,0.040435791015625,0.00017617947170092305,True,0.0404510498046875,0.00017624595452043283,True,0.04044342041015625,0.00017621271311067793,True
amazon-photo,Dense Small,64,7650,238162,1434,0.378682,0.031872,1.053559,0.020635366439819336,0.00018193615603390943,0.0206298828125,0.00018188780845168877,True,0.020630836486816406,0.0001818962167268576,True,0.02063465118408203,0.00018192984982753283,True
amazon-photo,Dense Small,128,7650,238162,1434,0.378682,0.039926,1.099453,0.028078079223632812,0.00023871697821440413,0.02808380126953125,0.00023876562646755564,True,0.028079986572265625,0.00023873319429878798,True,0.028072357177734375,0.00023866832996125264,True
amazon-photo,Dense Small,256,7650,238162,1434,0.378682,0.070308,1.103035,0.0263214111328125,0.00022236252903925724,0.026323318481445312,0.00022237864226599922,True,0.0263214111328125,0.00022236252903925724,True,0.026327133178710938,0.00022241086871948316,True
amazon-photo,Dense Small,512,7650,238162,1434,0.378682,0.132864,1.460481,0.02644801139831543,0.00018431044291262704,0.026447296142578125,0.00018430545845085587,True,0.026442527770996094,0.0001842722287057147,True,0.026441574096679688,0.0001842655827566865,True
gplus-combined,Dense Large-Scale,64,107614,13673453,5056,0.711056,1.509714,3.065381,0.04830169677734375,0.00018862730212605702,0.04833221435546875,0.00018874647906627252,True,0.0482940673828125,0.00018859750789100316,True,0.04828643798828125,0.00018856771365594928,True
gplus-combined,Dense Large-Scale,128,107614,13673453,5056,0.711056,1.917517,3.46735,0.0552215576171875,0.00019152854278056472,0.05519866943359375,0.00019144915819527296,True,0.0551910400390625,0.00019142269666684236,True,0.05524444580078125,0.00019160792736585647,True
gplus-combined,Dense Large-Scale,256,107614,13673453,5056,0.711056,3.709763,5.408466,0.07283401489257812,0.0002573451394993155,0.07279777526855469,0.00025721709368015436,True,0.07282447814941406,0.0002573114432311152,True,0.07281684875488281,0.00025728448621655496,True
gplus-combined,Dense Large-Scale,512,107614,13673453,5056,0.711056,7.318528,9.183135,0.06452178955078125,0.00023288890298834712,0.06452560424804688,0.00023290267199053397,True,0.06453323364257812,0.00023293020999490767,True,0.0645294189453125,0.00023291644099272083,True
Reddit,Dense Large-Scale,64,232965,114615892,21657,1.471632,14.808033,16.557381,0.10823535919189453,0.0002570897726778491,0.1083669662475586,0.0002574023768792496,True,0.10832357406616211,0.0002572993081027009,True,0.10820865631103516,0.00025702634573843456,True
Reddit,Dense Large-Scale,128,232965,114615892,21657,1.471632,25.768936,27.882849,0.11371612548828125,0.0002082359563044543,0.1138763427734375,0.00020852934477023045,True,0.11392974853515625,0.00020862714092548915,True,0.11373138427734375,0.00020826389806309964,True
Reddit,Dense Large-Scale,256,232965,114615892,21657,1.471632,51.468563,53.95137,0.09962844848632812,0.00021667998312025017,0.09967803955078125,0.00021678783776590485,True,0.099639892578125,0.0002167048726538628,True,0.09967041015625,0.00021677124474349643,True
Reddit,Dense Large-Scale,512,232965,114615892,21657,1.471632,102.836456,105.718025,0.12252044677734375,0.00021046696694807565,0.12284088134765625,0.00021101741296662094,True,0.12285614013671875,0.00021104362468178978,True,0.12250518798828125,0.0002104407552329068,True
ogbn-products,Dense Large-Scale,64,2449029,123718152,17481,1.322157,22.653566,25.692991,0.08220672607421875,0.00023246074509288852,0.082305908203125,0.00023274120817281496,True,0.08228302001953125,0.00023267648592360115,True,0.08220291137695312,0.00023244995805135287,True
ogbn-products,Dense Large-Scale,128,2449029,123718152,17481,1.322157,41.595558,46.139378,0.11155223846435547,0.0003499708560573588,0.11155509948730469,0.00034997983189383257,True,0.11156892776489258,0.00035002321510345575,True,0.11148977279663086,0.00034977488362768173,True
ogbn-products,Dense Large-Scale,256,2449029,123718152,17481,1.322157,83.143494,91.319717,0.0738067626953125,0.00018895480452650864,0.0733489990234375,0.00018778287065514306,True,0.0733184814453125,0.00018770474173038535,True,0.0736846923828125,0.00018864228882747782,True
ogbn-products,Dense Large-Scale,512,2449029,123718152,17481,1.322157,166.078049,181.494659,0.1192169189453125,0.00022655888344544418,0.1190032958984375,0.0002261529159082323,True,0.1190032958984375,0.0002261529159082323,True,0.119293212890625,0.00022670387185159125,True
ogbn-proteins,Dense Large-Scale,64,132534,79122504,7750,0.880341,8.228879,9.923989,0.0706329345703125,0.0002402776818939425,0.07056427001953125,0.00024004410022003393,True,0.070465087890625,0.00023970670446883267,True,0.0706329345703125,0.0002402776818939425,True
ogbn-proteins,Dense Large-Scale,128,132534,79122504,7750,0.880341,10.242529,11.903786,0.06427001953125,0.0002032283194899722,0.0643157958984375,0.00020337306900527843,True,0.0643157958984375,0.00020337306900527843,True,0.064239501953125,0.00020313181981310136,True
ogbn-proteins,Dense Large-Scale,256,132534,79122504,7750,0.880341,20.500202,22.404741,0.07064056396484375,0.0002218422543677455,0.07062530517578125,0.00022179433509906255,True,0.07059478759765625,0.00022169849656169665,True,0.07067108154296875,0.00022193809290511142,True
ogbn-proteins,Dense Large-Scale,512,132534,79122504,7750,0.880341,41.067749,43.22374,0.06546783447265625,0.00018315062097046223,0.065460205078125,0.00018312927723185713,True,0.0654754638671875,0.00018317196470906734,True,0.06547927856445312,0.0001831826365783699,True
com-DBLP,Community,64,317080,2099732,343,0.185203,0.477174,1.905429,0.010349750518798828,0.00020678521501241796,0.010349750518798828,0.00020678521501241796,True,0.010349750518798828,0.00020678521501241796,True,0.010349750518798828,0.00020678521501241796,True
com-DBLP,Community,128,317080,2099732,343,0.185203,0.977884,2.47695,0.011737823486328125,0.0002050219380803097,0.0117340087890625,0.0002049553076161952,True,0.0117340087890625,0.0002049553076161952,True,0.011732101440429688,0.00020492199238413794,True
com-DBLP,Community,256,317080,2099732,343,0.185203,1.935001,3.76973,0.013975143432617188,0.0002575614516243561,0.01397705078125,0.00025759660399935603,True,0.013975143432617188,0.0002575614516243561,True,0.01397705078125,0.00025759660399935603,True
com-DBLP,Community,512,317080,2099732,343,0.185203,3.872978,6.420793,0.013049125671386719,0.00019093507308865661,0.013050556182861328,0.0001909560043617424,True,0.013049602508544922,0.0001909420501796852,True,0.013051033020019531,0.000190962981452771,True
com-Amazon,Community,64,334863,1851744,549,0.234307,0.527099,1.934793,0.013200759887695312,0.00023143528533051407,0.013196945190429688,0.0002313684061843414,True,0.013197898864746094,0.00023138512597088457,True,0.0131988525390625,0.00023140184575742774,True
com-Amazon,Community,128,334863,1851744,549,0.234307,1.049324,2.58164,0.012454986572265625,0.00016228397219869285,0.012451171875,0.00016223426807244516,True,0.012454986572265625,0.00016228397219869285,True,0.012451171875,0.00016223426807244516,True
com-Amazon,Community,256,334863,1851744,549,0.234307,2.096256,3.975982,0.01437520980834961,0.00016086982469495404,0.014374256134033203,0.00016085915233454042,True,0.014373302459716797,0.00016084847997412677,True,0.014374256134033203,0.00016085915233454042,True
com-Amazon,Community,512,334863,1851744,549,0.234307,4.17491,6.753252,0.014034271240234375,0.00020825755056741267,0.014034271240234375,0.00020825755056741267,True,0.014036178588867188,0.00020828585412144466,True,0.014034271240234375,0.00020825755056741267,True
com-youtube,Community,64,1157828,5975248,28754,1.6957,1.434711,3.275651,0.1056060791015625,0.00019761468990112127,0.105072021484375,0.0001966153380521776,True,0.105133056640625,0.00019672954969205685,True,0.105499267578125,0.00019741481953133253,True
com-youtube,Community,128,1157828,5975248,28754,1.6957,2.740577,5.127291,0.109161376953125,0.00021818062488956016,0.10784912109375,0.00021555782173880505,True,0.107757568359375,0.0002153748354724733,True,0.10906982421875,0.0002179976386232284,True
com-youtube,Community,256,1157828,5975248,28754,1.6957,5.464243,8.999704,0.12282180786132812,0.00022008866708446396,0.1226348876953125,0.00021975371834119165,True,0.12273025512695312,0.0002199246105571469,True,0.12276077270507812,0.0002199792960662526,True
com-youtube,Community,512,1157828,5975248,28754,1.6957,10.918918,17.860771,0.12422943115234375,0.0002540046247779351,0.12432670593261719,0.0002542035168104794,True,0.12435245513916016,0.000254256164701447,True,0.12429141998291016,0.0002541313697006349,True
Cora,Mixed/Irregular,64,2708,10556,168,0.129615,0.014377,1.321773,0.006802082061767578,0.0001661253143628977,0.006802082061767578,0.0001661253143628977,True,0.006802082061767578,0.0001661253143628977,True,0.006802082061767578,0.0001661253143628977,True
Cora,Mixed/Irregular,128,2708,10556,168,0.129615,0.014316,1.318562,0.009368896484375,0.0003353104041179831,0.009368896484375,0.0003353104041179831,True,0.009368896484375,0.0003353104041179831,True,0.009368896484375,0.0003353104041179831,True
Cora,Mixed/Irregular,256,2708,10556,168,0.129615,0.01516,1.354888,0.009442806243896484,0.0002566017515936442,0.009442806243896484,0.0002566017515936442,True,0.009442806243896484,0.0002566017515936442,True,0.009442806243896484,0.0002566017515936442,True
Cora,Mixed/Irregular,512,2708,10556,168,0.129615,0.026245,1.344349,0.010135650634765625,0.00024431577330953625,0.010135650634765625,0.00024431577330953625,True,0.010135650634765625,0.00024431577330953625,True,0.010135650634765625,0.00024431577330953625,True
CiteSeer,Mixed/Irregular,64,3327,9104,99,0.099499,0.014008,1.316302,0.0064983367919921875,0.00019230906002018258,0.0064983367919921875,0.00019230906002018258,True,0.0064983367919921875,0.00019230906002018258,True,0.0064983367919921875,0.00019230906002018258,True
CiteSeer,Mixed/Irregular,128,3327,9104,99,0.099499,0.014116,1.320665,0.005608677864074707,0.0002089236458387138,0.005608677864074707,0.0002089236458387138,True,0.005608677864074707,0.0002089236458387138,True,0.005608677864074707,0.0002089236458387138,True
CiteSeer,Mixed/Irregular,256,3327,9104,99,0.099499,0.015068,1.350165,0.005448818206787109,0.00018086044177113638,0.005448818206787109,0.00018086044177113638,True,0.005448818206787109,0.00018086044177113638,True,0.005448818206787109,0.00018086044177113638,True
CiteSeer,Mixed/Irregular,512,3327,9104,99,0.099499,0.031437,1.364857,0.0059757232666015625,0.00020292699356501856,0.00597381591796875,0.00020286222274038882,True,0.00597381591796875,0.00020286222274038882,True,0.00597381591796875,0.00020286222274038882,True
PPI,Mixed/Irregular,64,1767,32318,286,0.169115,0.022052,1.006775,0.008664131164550781,0.0001351231561675652,0.008664131164550781,0.0001351231561675652,True,0.008664131164550781,0.0001351231561675652,True,0.008664131164550781,0.0001351231561675652,True
PPI,Mixed/Irregular,128,1767,32318,286,0.169115,0.022159,1.030441,0.010639190673828125,0.00019119448290461506,0.010639190673828125,0.00019119448290461506,True,0.010631561279296875,0.0001910573767856444,True,0.010639190673828125,0.00019119448290461506,True
PPI,Mixed/Irregular,256,1767,32318,286,0.169115,0.024177,1.034852,0.012198925018310547,0.00021204546199006145,0.01220083236694336,0.0002120786161099051,True,0.012201786041259766,0.00021209519316982693,True,0.01220083236694336,0.0002120786161099051,True
PPI,Mixed/Irregular,512,1767,32318,286,0.169115,0.032384,1.088494,0.012311935424804688,0.00022652839462362315,0.012311935424804688,0.00022652839462362315,True,0.012311935424804688,0.00022652839462362315,True,0.012310028076171875,0.00022649330114653197,True
Flickr,Mixed/Irregular,64,89250,899756,5425,0.736546,0.162729,1.482417,0.03538703918457031,0.0001294577336304244,0.03539085388183594,0.00012947168908060826,True,0.03539085388183594,0.00012947168908060826,True,0.03539466857910156,0.00012948564453079208,True
Flickr,Mixed/Irregular,128,89250,899756,5425,0.736546,0.337787,1.615588,0.0387420654296875,0.00016441856602273172,0.0387725830078125,0.00016454808045047707,True,0.03874969482421875,0.00016445094462966807,True,0.0387725830078125,0.00016454808045047707,True
Flickr,Mixed/Irregular,256,89250,899756,5425,0.736546,0.662431,2.056476,0.050540924072265625,0.00018394505256255216,0.0505523681640625,0.00018398670364245913,True,0.05057525634765625,0.0001840700058022731,True,0.050537109375,0.00018393116886924983,True
Flickr,Mixed/Irregular,512,89250,899756,5425,0.736546,1.311314,2.880648,0.04843425750732422,0.00018270957490126264,0.04843902587890625,0.00018272756273032335,True,0.0484466552734375,0.0001827563432568205,True,0.04842185974121094,0.0001826628065457048,True
synth_sparse_skewed_cv1p5,Sparse Skewed,64,200000,3622709,60,0.07746,0.710026,2.105659,0.006586551666259766,0.00029003450430031326,0.0065877437591552734,0.000290086997333018,True,0.006587982177734375,0.0002900974959395589,True,0.0065877437591552734,0.000290086997333018,True
synth_sparse_skewed_cv1p5,Sparse Skewed,128,200000,3622709,60,0.07746,1.39306,2.814139,0.007665157318115234,0.0003402541557785337,0.007664203643798828,0.000340211822446555,True,0.007664680480957031,0.00034023298911254436,True,0.007664203643798828,0.000340211822446555,True
synth_sparse_skewed_cv1p5,Sparse Skewed,256,200000,3622709,60,0.07746,2.769577,4.415847,0.007101297378540039,0.0002884173453310301,0.007100462913513184,0.00028838345375108523,True,0.007100701332092285,0.0002883931370596409,True,0.007100462913513184,0.00028838345375108523,True
synth_sparse_skewed_cv1p5,Sparse Skewed,512,200000,3622709,60,0.07746,5.520266,7.574101,0.0072154998779296875,0.00027815642655681385,0.007218360900878906,0.00027826671855782765,True,0.0072193145751953125,0.0002783034825581656,True,0.007218360900878906,0.00027826671855782765,True
synth_sparse_skewed_cv2p0,Sparse Skewed,64,200000,6166484,100,0.1,1.09952,2.526809,0.009029388427734375,0.0002963983282984019,0.009031295776367188,0.00029646093884514845,True,0.009033203125,0.0002965235493918951,True,0.009031295776367188,0.00029646093884514845,True
synth_sparse_skewed_cv2p0,Sparse Skewed,128,200000,6166484,100,0.1,2.121047,3.595075,0.00929880142211914,0.0003106189799553675,0.009297847747802734,0.00031058712323212706,True,0.009297847747802734,0.00031058712323212706,True,0.009297847747802734,0.00031058712323212706,True
synth_sparse_skewed_cv2p0,Sparse Skewed,256,200000,6166484,100,0.1,4.215578,5.941628,0.009266853332519531,0.00029835896123304756,0.009268760681152344,0.0002984203709194185,True,0.009268760681152344,0.0002984203709194185,True,0.009268760681152344,0.0002984203709194185,True
synth_sparse_skewed_cv2p0,Sparse Skewed,512,200000,6166484,100,0.1,8.405064,10.512126,0.009273529052734375,0.00028422911883477984,0.009279251098632812,0.0002844044967361588,True,0.009279251098632812,0.0002844044967361588,True,0.009279251098632812,0.0002844044967361588,True
synth_sparse_skewed_cv2p5,Sparse Skewed,64,200000,10306672,160,0.126491,1.724442,3.131449,0.011089563369750977,0.00030610311420317394,0.011091947555541992,0.0003061689244313259,True,0.011091947555541992,0.0003061689244313259,True,0.01109170913696289,0.00030616234340851073,True
synth_sparse_skewed_cv2p5,Sparse Skewed,128,200000,10306672,160,0.126491,3.271127,4.768083,0.010998725891113281,0.00028370908161306363,0.010996818542480469,0.00028365988208447384,True,0.010995864868164062,0.0002836352823201789,True,0.010996341705322266,0.0002836475822023264,True
synth_sparse_skewed_cv2p5,Sparse Skewed,256,200000,10306672,160,0.126491,6.521109,8.240639,0.010956764221191406,0.00028543220034960416,0.010951995849609375,0.0002853079805740146,True,0.010950088500976562,0.00028525829266377883,True,0.010951995849609375,0.0002853079805740146,True
synth_sparse_skewed_cv2p5,Sparse Skewed,512,200000,10306672,160,0.126491,13.044757,15.194531,0.011059761047363281,0.0002913574589469125,0.011043548583984375,0.0002909303591105671,True,0.011040687561035156,0.00029085498855121203,True,0.011043548583984375,0.0002909303591105671,True
synth_sparse_skewed_cv3p0,Sparse Skewed,64,200000,16207364,240,0.154919,2.613176,4.063517,0.01367497444152832,0.0002997714844122382,0.013670742511749268,0.0002996787155462181,True,0.013671696186065674,0.00029969962120616626,True,0.013672351837158203,0.00029971399384738065,True
synth_sparse_skewed_cv3p0,Sparse Skewed,128,200000,16207364,240,0.154919,4.888105,6.429585,0.012471437454223633,0.0002576725932003479,0.012472033500671387,0.0002576849081267086,True,0.012471795082092285,0.0002576799821561643,True,0.01247096061706543,0.00025766274125925935,True
synth_sparse_skewed_cv3p0,Sparse Skewed,256,200000,16207364,240,0.154919,9.728809,11.473157,0.013644933700561523,0.00025477385238115147,0.013656377792358398,0.0002549875328150823,True,0.013654470443725586,0.0002549519194094272,True,0.01364755630493164,0.0002548228208139273,True
synth_sparse_skewed_cv3p0,Sparse Skewed,512,200000,16207364,240,0.154919,19.438644,21.637848,0.014258384704589844,0.0002642138610009243,0.014271736145019531,0.0002644612688033464,True,0.014272689819335938,0.0002644789407892337,True,0.014269828796386719,0.00026442592483157183,True
synth_sparse_skewed_cv4p0,Sparse Skewed,64,200000,25191428,360,0.189737,4.031636,5.481552,0.017583847045898438,0.000305064426867033,0.017581939697265625,0.00030503133602997185,True,0.01758098602294922,0.0003050147906114412,True,0.017584800720214844,0.0003050809722855636,True
synth_sparse_skewed_cv4p0,Sparse Skewed,128,200000,25191428,360,0.189737,7.334891,8.965792,0.016042709350585938,0.0002912947443584717,0.016030311584472656,0.00029106963250038944,True,0.016033172607421875,0.00029112158139071615,True,0.016035079956054688,0.00029115621398426725,True
synth_sparse_skewed_cv4p0,Sparse Skewed,256,200000,25191428,360,0.189737,14.600781,16.421833,0.016851425170898438,0.0002914521296392268,0.01684391498565674,0.0002913222379855251,True,0.01683652400970459,0.0002911944081041044,True,0.01684725284576416,0.00029137996760939254,True
synth_sparse_skewed_cv4p0,Sparse Skewed,512,200000,25191428,360,0.189737,29.150824,31.37253,0.017099380493164062,0.0002832393456826741,0.017127037048339844,0.00028369745728472643,True,0.017134666442871094,0.00028382383289908563,True,0.01710987091064453,0.0002834131121524181,True
synth_community_nc10,Community,64,200000,1089063,19,0.043589,0.240404,1.678098,0.0035244226455688477,0.00032789987037058397,0.003524184226989746,0.0003278776887456646,True,0.003524184226989746,0.0003278776887456646,True,0.003524184226989746,0.0003278776887456646,True
synth_community_nc10,Community,128,200000,1089063,19,0.043589,0.546371,1.947304,0.004065275192260742,0.00035814334925426955,0.004065275192260742,0.00035814334925426955,True,0.004065275192260742,0.00035814334925426955,True,0.004065275192260742,0.00035814334925426955,True
synth_community_nc10,Community,256,200000,1089063,19,0.043589,1.08009,2.701494,0.003990292549133301,0.00035717364915737197,0.0039893388748168945,0.00035708828515673685,True,0.0039893388748168945,0.00035708828515673685,True,0.0039893388748168945,0.00035708828515673685,True
synth_community_nc10,Community,512,200000,1089063,19,0.043589,2.14847,4.218708,0.004016399383544922,0.00033921482902412773,0.004016876220703125,0.0003392551014720707,True,0.0040166378021240234,0.0003392349652480992,True,0.004016876220703125,0.0003392551014720707,True
synth_community_nc50,Community,64,200000,1098216,18,0.042426,0.225987,1.709468,0.0044994354248046875,0.0004019371359414777,0.0044994354248046875,0.0004019371359414777,True,0.0044994354248046875,0.0004019371359414777,True,0.0044994354248046875,0.0004019371359414777,True
synth_community_nc50,Community,128,200000,1098216,18,0.042426,0.483814,1.983596,0.0038290023803710938,0.0003414443734814655,0.0038290023803710938,0.0003414443734814655,True,0.0038290023803710938,0.0003414443734814655,True,0.0038290023803710938,0.0003414443734814655,True
synth_community_nc50,Community,256,200000,1098216,18,0.042426,0.960809,2.626508,0.0038796663284301758,0.0003129831066634887,0.0038796663284301758,0.0003129831066634887,True,0.0038796663284301758,0.0003129831066634887,True,0.0038796663284301758,0.0003129831066634887,True
synth_community_nc50,Community,512,200000,1098216,18,0.042426,1.903769,3.939743,0.004168033599853516,0.0003628805533884849,0.004168033599853516,0.0003628805533884849,True,0.004168033599853516,0.0003628805533884849,True,0.004168033599853516,0.0003628805533884849,True
synth_community_nc100,Community,64,200000,1098420,18,0.042426,0.22697,1.663564,0.003499269485473633,0.0003210862459052042,0.003499269485473633,0.0003210862459052042,True,0.003499269485473633,0.0003210862459052042,True,0.003499269485473633,0.0003210862459052042,True
synth_community_nc100,Community,128,200000,1098420,18,0.042426,0.480625,1.945461,0.003949522972106934,0.0003482706701917224,0.003949463367462158,0.0003482654142279696,True,0.003949463367462158,0.0003482654142279696,True,0.003949463367462158,0.0003482654142279696,True
synth_community_nc100,Community,256,200000,1098420,18,0.042426,0.9521,2.597194,0.004303932189941406,0.0003565620372120246,0.004304409027099609,0.00035660154109383403,True,0.004304409027099609,0.00035660154109383403,True,0.004304409027099609,0.00035660154109383403,True
synth_community_nc100,Community,512,200000,1098420,18,0.042426,1.881523,3.935642,0.003925919532775879,0.0003193483954558875,0.0039261579513549805,0.0003193677892794357,True,0.0039261579513549805,0.0003193677892794357,True,0.0039261579513549805,0.0003193677892794357,True
synth_community_nc500,Community,64,200000,1100450,18,0.042426,0.224768,1.647371,0.003867805004119873,0.000358229761682891,0.0038675665855407715,0.0003582076797447681,True,0.003867805004119873,0.000358229761682891,True,0.0038675665855407715,0.0003582076797447681,True
synth_community_nc500,Community,128,200000,1100450,18,0.042426,0.475387,1.958883,0.003887772560119629,0.000347271499974359,0.003887772560119629,0.000347271499974359,True,0.003887772560119629,0.000347271499974359,True,0.003887772560119629,0.000347271499974359,True
synth_community_nc500,Community,256,200000,1100450,18,0.042426,0.946074,2.6014,0.00425267219543457,0.00033118443153548664,0.00425267219543457,0.00033118443153548664,True,0.00425267219543457,0.00033118443153548664,True,0.00425267219543457,0.00033118443153548664,True
synth_community_nc500,Community,512,200000,1100450,18,0.042426,1.869501,3.915631,0.004247590899467468,0.00034998589305802513,0.00424782931804657,0.00035000553787347544,True,0.004247888922691345,0.000350010449077338,True,0.00424782931804657,0.00035000553787347544,True
synth_community_nc1000,Community,64,200000,1101854,17,0.041231,0.222116,1.656107,0.003864288330078125,0.0003423361604228477,0.003864288330078125,0.0003423361604228477,True,0.003864288330078125,0.0003423361604228477,True,0.003864288330078125,0.0003423361604228477,True
synth_community_nc1000,Community,128,200000,1101854,17,0.041231,0.475771,1.941563,0.0038385391235351562,0.00034612523335505254,0.003838062286376953,0.00034608223643165436,True,0.003838062286376953,0.00034608223643165436,True,0.003838062286376953,0.00034608223643165436,True
synth_community_nc1000,Community,256,200000,1101854,17,0.041231,0.940805,2.575445,0.004022359848022461,0.00033260935121402513,0.004021883010864258,0.00033256992150017126,True,0.004021883010864258,0.00033256992150017126,True,0.004021883010864258,0.00033256992150017126,True
synth_community_nc1000,Community,512,200000,1101854,17,0.041231,1.859456,3.947039,0.004252910614013672,0.0003444214727151696,0.004252910614013672,0.0003444214727151696,True,0.004252910614013672,0.0003444214727151696,True,0.004252910614013672,0.0003444214727151696,True
synth_mixed_v1,Mixed/Irregular,64,200000,4001390,240,0.154919,0.769874,2.217651,0.01215362548828125,0.0002523505791113125,0.01215815544128418,0.00025244463633438053,True,0.012160301208496094,0.00025248918975583377,True,0.012158393859863281,0.000252449586714542,True
synth_mixed_v1,Mixed/Irregular,128,200000,4001390,240,0.154919,1.475011,2.965754,0.013632059097290039,0.00033653705798205604,0.013628184795379639,0.00033644141240442505,True,0.013626158237457275,0.0003363913824099719,True,0.013628184795379639,0.00033644141240442505,True
synth_mixed_v1,Mixed/Irregular,256,200000,4001390,240,0.154919,2.926592,4.607233,0.014392375946044922,0.00031841912704863037,0.014391660690307617,0.00031840330262128473,True,0.014390230178833008,0.0003183716537665935,True,0.014391183853149414,0.0003183927530030543,True
synth_mixed_v1,Mixed/Irregular,512,200000,4001390,240,0.154919,5.835177,7.910818,0.01358795166015625,0.00027169297138215676,0.013594627380371094,0.00027182645333047756,True,0.013598918914794922,0.0002719122631543981,True,0.013594627380371094,0.00027182645333047756,True
synth_mixed_v2,Mixed/Irregular,64,200000,5457270,360,0.189737,0.988744,2.408302,0.014997482299804688,0.0003148825683845407,0.014970779418945312,0.00031432192283482895,True,0.014970779418945312,0.00031432192283482895,True,0.014987945556640625,0.0003146823378310722,True
synth_mixed_v2,Mixed/Irregular,128,200000,5457270,360,0.189737,1.872696,3.345241,0.015240907669067383,0.0002970683837338523,0.015246391296386719,0.0002971752679391848,True,0.015250921249389648,0.00029726356358706816,True,0.015245914459228516,0.0002971659736604602,True
synth_mixed_v2,Mixed/Irregular,256,200000,5457270,360,0.189737,3.71839,5.453025,0.015568256378173828,0.000289211350967528,0.015567779541015625,0.000289202492768166,True,0.015570402145385742,0.00028925121286465665,True,0.015567779541015625,0.000289202492768166,True
synth_mixed_v2,Mixed/Irregular,512,200000,5457270,360,0.189737,7.416146,9.530752,0.016225576400756836,0.00028635378120795476,0.016227006912231445,0.0002863790272984293,True,0.016231060028076172,0.0002864505578881073,True,0.01622796058654785,0.0002863958580254124,True
synth_mixed_v3,Mixed/Irregular,64,200000,5576937,300,0.173205,1.01589,2.439493,0.014171600341796875,0.00029664600764779756,0.014174461364746094,0.00029670589580546537,True,0.01417851448059082,0.0002967907373621614,True,0.014174461364746094,0.00029670589580546537,True
synth_mixed_v3,Mixed/Irregular,128,200000,5576937,300,0.173205,1.950182,3.408545,0.01407623291015625,0.00029245698742355695,0.014086723327636719,0.0002926749431729919,True,0.014100074768066406,0.0002929523413995454,True,0.014086723327636719,0.0002926749431729919,True
synth_mixed_v3,Mixed/Irregular,256,200000,5576937,300,0.173205,3.876429,5.575006,0.014996170997619629,0.00027501932789235063,0.015001177787780762,0.000275111148935551,True,0.01499927043914795,0.0002750761694905223,True,0.015000462532043457,0.0002750980316436652,True
synth_mixed_v3,Mixed/Irregular,512,200000,5576937,300,0.173205,7.720545,9.856722,0.015635013580322266,0.00029824679746483766,0.01563549041748047,0.00029825589340547214,True,0.015634536743164062,0.0002982377015242031,True,0.015634536743164062,0.0002982377015242031,True
synth_mixed_v4,Mixed/Irregular,64,200000,7410217,480,0.219089,1.283722,2.69407,0.01847362518310547,0.0003222683057081967,0.018467426300048828,0.00032216016756421326,True,0.018461227416992188,0.00032205202942022984,True,0.018467426300048828,0.00032216016756421326,True
synth_mixed_v4,Mixed/Irregular,128,200000,7410217,480,0.219089,2.413486,3.92522,0.01762068271636963,0.00028475316730177606,0.01761096715927124,0.00028459616228100593,True,0.01760566234588623,0.00028451043561322347,True,0.01761019229888916,0.00028458364040818377,True
synth_mixed_v4,Mixed/Irregular,256,200000,7410217,480,0.219089,4.810823,6.506247,0.020323753356933594,0.0003192110945919341,0.020351409912109375,0.00031964547691764217,True,0.020355224609375,0.00031970539172118814,True,0.020333290100097656,0.0003193608816007989,True
synth_mixed_v4,Mixed/Irregular,512,200000,7410217,480,0.219089,9.608791,11.691627,0.018347740173339844,0.0002757551497227628,0.018355846405029297,0.00027587698135500164,True,0.018358469009399414,0.00027591639747131424,True,0.01835346221923828,0.00027584114852199026,True
synth_mixed_v5,Mixed/Irregular,64,200000,7276677,420,0.204939,1.270635,2.772196,0.015114784240722656,0.0002770712161658966,0.015116214752197266,0.0002770974390710798,True,0.015114307403564453,0.0002770624751975022,True,0.015115737915039062,0.0002770886981026854,True
synth_mixed_v5,Mixed/Irregular,128,200000,7276677,420,0.204939,2.411628,3.948323,0.016233444213867188,0.00027243499459675397,0.016252517700195312,0.0002727550921112608,True,0.01628875732421875,0.0002733632773888237,True,0.0162506103515625,0.0002727230823598101,True
synth_mixed_v5,Mixed/Irregular,256,200000,7276677,420,0.204939,4.795111,6.496392,0.01760387420654297,0.00029335895961076945,0.017595767974853516,0.0002932238736821335,True,0.01759052276611328,0.0002931364651400749,True,0.017596721649169922,0.0002932397661443259,True
synth_mixed_v5,Mixed/Irregular,512,200000,7276677,420,0.204939,9.575312,11.683301,0.017365455627441406,0.00027076908472227707,0.017368972301483154,0.00027082391810137054,True,0.017371833324432373,0.0002708685283080907,True,0.01737034320831299,0.000270845293825424,True
synth_dense_small_d30,Dense Small,64,10000,300000,30,0.054772,0.039398,1.368584,0.0051593780517578125,0.0003039626731589947,0.005160331726074219,0.0003040188584959927,True,0.005160331726074219,0.0003040188584959927,True,0.005160331726074219,0.0003040188584959927,True
synth_dense_small_d30,Dense Small,128,10000,300000,30,0.054772,0.049428,1.186227,0.005131244659423828,0.0002979344100206519,0.005131721496582031,0.0002979620965191205,True,0.005131721496582031,0.0002979620965191205,True,0.005131721496582031,0.0002979620965191205,True
synth_dense_small_d30,Dense Small,256,10000,300000,30,0.054772,0.090737,1.337979,0.0055065155029296875,0.0003196202198814405,0.005506396293640137,0.0003196133004967011,True,0.005506396293640137,0.0003196133004967011,True,0.005506396293640137,0.0003196133004967011,True
synth_dense_small_d30,Dense Small,512,10000,300000,30,0.054772,0.186281,1.550464,0.005974292755126953,0.0003207412504633583,0.00597381591796875,0.00032071565055510844,True,0.00597381591796875,0.00032071565055510844,True,0.00597381591796875,0.00032071565055510844,True
synth_dense_small_d50,Dense Small,64,10000,500000,50,0.070711,0.059116,1.178254,0.006214618682861328,0.0002906719225062811,0.0062160491943359375,0.0002907388307981187,True,0.0062160491943359375,0.0002907388307981187,True,0.0062160491943359375,0.0002907388307981187,True
synth_dense_small_d50,Dense Small,128,10000,500000,50,0.070711,0.073083,1.209397,0.006825447082519531,0.00032681006978675837,0.0068302154541015625,0.00032703838477193847,True,0.006831169128417969,0.00032708404776897443,True,0.0068302154541015625,0.00032703838477193847,True
synth_dense_small_d50,Dense Small,256,10000,500000,50,0.070711,0.139971,1.456314,0.007060527801513672,0.0003243407823431743,0.00706028938293457,0.0003243298300644432,True,0.007060408592224121,0.00032433530620380876,True,0.007060408592224121,0.00032433530620380876,True
synth_dense_small_d50,Dense Small,512,10000,500000,50,0.070711,0.289736,1.670853,0.0076389312744140625,0.000322596391076718,0.007643222808837891,0.0003227776250042892,True,0.007641792297363281,0.0003227172136950988,True,0.007643222808837891,0.0003227776250042892,True
synth_dense_small_d70,Dense Small,64,10000,700000,70,0.083666,0.077609,1.283547,0.006821155548095703,0.00025609188988761245,0.006818294525146484,0.00025598447630219995,True,0.006818294525146484,0.00025598447630219995,True,0.006818294525146484,0.00025598447630219995,True
synth_dense_small_d70,Dense Small,128,10000,700000,70,0.083666,0.093005,1.399033,0.00748133659362793,0.00030327175902143357,0.00748133659362793,0.00030327175902143357,True,0.007481575012207031,0.0003032814238214279,True,0.007481575012207031,0.0003032814238214279,True
synth_dense_small_d70,Dense Small,256,10000,700000,70,0.083666,0.191447,1.524979,0.008760929107666016,0.00030149687380577833,0.00875997543334961,0.0003014640542473169,True,0.008760452270507812,0.0003014804640265476,True,0.008760929107666016,0.00030149687380577833,True
synth_dense_small_d70,Dense Small,512,10000,700000,70,0.083666,0.391081,1.785168,0.008137702941894531,0.0002777664930731879,0.008133888244628906,0.0002776362849433048,True,0.008133888244628906,0.0002776362849433048,True,0.008134841918945312,0.00027766883697577554,True
synth_dense_small_d90,Dense Small,64,10000,900000,90,0.094868,0.09644,1.406422,0.007948875427246094,0.00023977502629901967,0.007948875427246094,0.00023977502629901967,True,0.007950305938720703,0.00023981817717357858,True,0.007950305938720703,0.00023981817717357858,True
synth_dense_small_d90,Dense Small,128,10000,900000,90,0.094868,0.119859,1.376702,0.008452177047729492,0.00028749157417997875,0.008454084396362305,0.000287556450561278,True,0.008453845977783203,0.0002875483410136156,True,0.008453607559204102,0.0002875402314659532,True
synth_dense_small_d90,Dense Small,256,10000,900000,90,0.094868,0.245422,1.590471,0.009070396423339844,0.00028151979843999374,0.009077072143554688,0.00028172699417010414,True,0.009077072143554688,0.00028172699417010414,True,0.009073257446289062,0.0002816085966100411,True
synth_dense_small_d90,Dense Small,512,10000,900000,90,0.094868,0.497976,1.860391,0.009291648864746094,0.00030222420637530224,0.009287834167480469,0.0003021001278753021,True,0.009287834167480469,0.0003021001278753021,True,0.009289741516113281,0.0003021621671253022,True
synth_dense_small_d120,Dense Small,64,10000,1200000,120,0.109545,0.123259,1.336183,0.009364604949951172,0.0002670883795298265,0.009364604949951172,0.0002670883795298265,True,0.009365320205688477,0.00026710877937550576,True,0.009363174438476562,0.00026704757983846806,True
synth_dense_small_d120,Dense Small,128,10000,1200000,120,0.109545,0.156948,1.51874,0.009723663330078125,0.00029856476905271335,0.009733200073242188,0.000298857594444095,True,0.009733200073242188,0.000298857594444095,True,0.009726524353027344,0.0002986526166701279,True
synth_dense_small_d120,Dense Small,256,10000,1200000,120,0.109545,0.326963,1.681873,0.009641647338867188,0.00026842323254850736,0.009664535522460938,0.0002690604390352694,True,0.009660720825195312,0.00026895423795414235,True,0.009649276733398438,0.00026863563471076136,True
synth_dense_small_d120,Dense Small,512,10000,1200000,120,0.109545,0.648479,2.005232,0.013294458389282227,0.00037202444493026775,0.013292819261550903,0.0003719785765265645,True,0.013292938470840454,0.0003719819124104702,True,0.013294100761413574,0.0003720144372785507,True
synth_sparse_uniform_d3,Sparse Uniform,64,300000,900000,3,0.017321,0.355666,1.769001,0.0033729076385498047,0.0004464526908470855,0.0033729076385498047,0.0004464526908470855,True,0.0033729076385498047,0.0004464526908470855,True,0.0033729076385498047,0.0004464526908470855,True
synth_sparse_uniform_d3,Sparse Uniform,128,300000,900000,3,0.017321,0.690488,2.159666,0.0030803680419921875,0.000399932593404381,0.0030803680419921875,0.000399932593404381,True,0.0030803680419921875,0.000399932593404381,True,0.0030803680419921875,0.000399932593404381,True
synth_sparse_uniform_d3,Sparse Uniform,256,300000,900000,3,0.017321,1.366216,3.147129,0.0034208297729492188,0.0004191001719514143,0.0034208297729492188,0.0004191001719514143,True,0.0034208297729492188,0.0004191001719514143,True,0.0034208297729492188,0.0004191001719514143,True
synth_sparse_uniform_d3,Sparse Uniform,512,300000,900000,3,0.017321,2.720282,5.149361,0.003235340118408203,0.0003636664957943323,0.003235340118408203,0.0003636664957943323,True,0.003235340118408203,0.0003636664957943323,True,0.003235340118408203,0.0003636664957943323,True
synth_sparse_uniform_d5,Sparse Uniform,64,300000,1500000,5,0.022361,0.466412,1.912333,0.003406047821044922,0.00037673231995169725,0.003406047821044922,0.00037673231995169725,True,0.003406047821044922,0.00037673231995169725,True,0.003406047821044922,0.00037673231995169725,True
synth_sparse_uniform_d5,Sparse Uniform,128,300000,1500000,5,0.022361,0.915594,2.409293,0.0036652684211730957,0.0003700443198675305,0.0036652684211730957,0.0003700443198675305,True,0.0036652684211730957,0.0003700443198675305,True,0.0036652684211730957,0.0003700443198675305,True
synth_sparse_uniform_d5,Sparse Uniform,256,300000,1500000,5,0.022361,1.823877,3.623816,0.0037599802017211914,0.0003630700617821133,0.0037599802017211914,0.0003630700617821133,True,0.0037599802017211914,0.0003630700617821133,True,0.0037599802017211914,0.0003630700617821133,True
synth_sparse_uniform_d5,Sparse Uniform,512,300000,1500000,5,0.022361,3.640944,6.059318,0.004708647727966309,0.0004734093044662205,0.004708647727966309,0.0004734093044662205,True,0.004708647727966309,0.0004734093044662205,True,0.004708647727966309,0.0004734093044662205,True
synth_sparse_uniform_d8,Sparse Uniform,64,300000,2400000,8,0.028284,0.603571,2.011992,0.003977298736572266,0.000347149185583266,0.003977298736572266,0.000347149185583266,True,0.003977298736572266,0.000347149185583266,True,0.003977298736572266,0.000347149185583266,True
synth_sparse_uniform_d8,Sparse Uniform,128,300000,2400000,8,0.028284,1.168768,2.677371,0.004362821578979492,0.00039996649715029063,0.004362821578979492,0.00039996649715029063,True,0.004362821578979492,0.00039996649715029063,True,0.004362821578979492,0.00039996649715029063,True
synth_sparse_uniform_d8,Sparse Uniform,256,300000,2400000,8,0.028284,2.327608,4.19137,0.004278957843780518,0.0003528841442457504,0.004278719425201416,0.00035286448194961893,True,0.004278719425201416,0.00035286448194961893,True,0.004278719425201416,0.00035286448194961893,True
synth_sparse_uniform_d8,Sparse Uniform,512,300000,2400000,8,0.028284,4.635269,7.090112,0.004206180572509766,0.00035927320346495605,0.004206180572509766,0.00035927320346495605,True,0.004206180572509766,0.00035927320346495605,True,0.004206180572509766,0.00035927320346495605,True
synth_sparse_uniform_d12,Sparse Uniform,64,300000,3600000,12,0.034641,0.805673,2.244145,0.00412297248840332,0.00033821205146565336,0.004123210906982422,0.0003382316092087555,True,0.004123210906982422,0.0003382316092087555,True,0.004123210906982422,0.0003382316092087555,True
synth_sparse_uniform_d12,Sparse Uniform,128,300000,3600000,12,0.034641,1.566935,3.078403,0.005211830139160156,0.00040052137402650035,0.00521087646484375,0.00040044808557745617,True,0.00521087646484375,0.00040044808557745617,True,0.00521087646484375,0.00040044808557745617,True
synth_sparse_uniform_d12,Sparse Uniform,256,300000,3600000,12,0.034641,3.116795,4.986643,0.00506138801574707,0.00033081078358694816,0.00506138801574707,0.00033081078358694816,True,0.0050612688064575195,0.0003308029921039865,True,0.00506138801574707,0.00033081078358694816,True
synth_sparse_uniform_d12,Sparse Uniform,512,300000,3600000,12,0.034641,6.214211,8.647549,0.004750251770019531,0.0003402504382577292,0.004750847816467285,0.00034029313179796434,True,0.004750847816467285,0.00034029313179796434,True,0.004750847816467285,0.00034029313179796434,True
synth_sparse_uniform_d18,Sparse Uniform,64,300000,5400000,18,0.042426,1.111009,2.600785,0.0051860809326171875,0.0003527328395116823,0.0051860809326171875,0.0003527328395116823,True,0.0051860809326171875,0.0003527328395116823,True,0.0051860809326171875,0.0003527328395116823,True
synth_sparse_uniform_d18,Sparse Uniform,128,300000,5400000,18,0.042426,2.221716,3.816659,0.0051229000091552734,0.00032163968188522675,0.0051229000091552734,0.00032163968188522675,True,0.005123138427734375,0.0003216546509214759,True,0.0051229000091552734,0.00032163968188522675,True
synth_sparse_uniform_d18,Sparse Uniform,256,300000,5400000,18,0.042426,4.420301,6.314909,0.005373954772949219,0.00033782556402480883,0.005373954772949219,0.00033782556402480883,True,0.005373954772949219,0.00033782556402480883,True,0.005373954772949219,0.00033782556402480883,True
synth_sparse_uniform_d18,Sparse Uniform,512,300000,5400000,18,0.042426,8.8273,11.317745,0.0053730010986328125,0.0003289986179021497,0.0053730010986328125,0.0003289986179021497,True,0.0053730010986328125,0.0003289986179021497,True,0.0053730010986328125,0.0003289986179021497,True
