dataset,category,M,nnz,N,cusparse_cold_exec_ms,cusparse_ms_cold,cusparse_ms_warm,cusparse_preprocess_ms,dtc_cold_exec_ms,dtc_correct,dtc_end_to_end_ms,dtc_failure_class,dtc_failure_detail,dtc_hard_fail,dtc_max_error,dtc_mean_kernel_ms,dtc_ms,dtc_ms_cold,dtc_ms_warm,dtc_preprocess_ms,dtc_reorder_method,dtc_reorder_ms,dtc_reorder_version,dtc_selection_variant_ms,dtc_soft_fail,dtc_speedup_vs_cusparse_cold,dtc_speedup_vs_cusparse_warm,dtc_std_kernel_ms,dtc_tolerance,dtc_variant,dtc_variant_count,pyg_cold_exec_ms,pyg_correct,pyg_hard_fail,pyg_max_error,pyg_ms_cold,pyg_ms_warm,pyg_preprocess_ms,pyg_soft_fail,pyg_speedup_vs_cusparse_cold,pyg_speedup_vs_cusparse_warm,pyg_tolerance
Amazon0601,Sparse Uniform,403394,3387388,64,1.0043392181396484,2.25394344329834,0.9988864064216614,1.249604344367981,,,,skipped_reorder_filter,,,,,nan,,,,,,,,,,,,,,,2.134057641029358,True,False,2.86102294921875e-06,2.7426848132163286,2.078592071533203,0.6086271721869707,False,0.8218018462920481,0.4805591342821137,0.0031622776601683794
Amazon0601,Sparse Uniform,403394,3387388,128,2.2591359615325928,3.5419204235076904,2.251023292541504,1.2827844619750977,,,,skipped_reorder_filter,,,,,nan,,,,,,,,,,,,,,,4.196591997146607,True,False,2.86102294921875e-06,4.812931183818728,4.162969665527344,0.6163391866721213,False,0.7359175288887928,0.5407253651598145,0.0031622776601683794
Amazon0601,Sparse Uniform,403394,3387388,256,4.464742660522461,5.916690826416016,4.459770679473877,1.4519479274749756,,,,skipped_reorder_filter,,,,,nan,,,,,,,,,,,,,,,8.406502437591552,True,False,2.86102294921875e-06,9.023297716211527,8.338145141601563,0.6167952786199749,False,0.6557126909140891,0.5348636421813664,0.0031622776601683794
Amazon0601,Sparse Uniform,403394,3387388,512,8.928556442260742,10.70407485961914,8.91675090789795,1.7755179405212402,,,,skipped_reorder_filter,,,,,nan,,,,,,,,,,,,,,,16.779641532897948,True,False,2.86102294921875e-06,17.41591203548014,16.704788818359376,0.6362705025821924,False,0.6146146603067658,0.5337841145347498,0.0031622776601683794
CiteSeer,Mixed/Irregular,3327,9104,64,0.018943998962640762,1.3040095567703247,0.013875199481844902,1.2850655317306519,13.23971176147461,True,13.334876160621643,,,False,0.0061798095703125,13.221529483795166,13.221529483795166,2774.2213048096746,13.334876160621643,2760.9815930482,DTC_IDENTITY_ORDER,0.0,identity-v1,2756.630468997173,False,0.0004700452536030777,0.0010405195604904717,0.1503043077694336,0.099498743710662,nobal_float2_nonsplit,5,0.05469119995832443,True,False,6.67572021484375e-06,0.322220384888351,0.019148800373077392,0.26752918493002653,False,4.046949286657213,0.7245988893044701,0.0099498743710662
CiteSeer,Mixed/Irregular,3327,9104,128,0.022313600406050682,1.0900909900665283,0.0141056003049016,1.067777395248413,13.79417610168457,True,14.112640013694763,,,False,0.005419731140136719,13.896755170822143,13.896755170822143,5004.7104370854795,14.112640013694763,4990.916260983795,DTC_IDENTITY_ORDER,0.0,identity-v1,4986.556167947128,False,0.00021781299912754769,0.0009995011770450935,0.16569455459595372,0.099498743710662,nobal_float2_split,7,0.06924479901790619,True,False,7.62939453125e-06,0.3825268818065524,0.032040960788726806,0.3132820827886462,False,2.8497108096517985,0.4402364959625203,0.0099498743710662
CiteSeer,Mixed/Irregular,3327,9104,256,0.024883199483156204,1.052732229232788,0.019353600218892097,1.0278490781784058,19.14022445678711,True,18.798064670562745,,,False,0.007346153259277344,19.06421766281128,19.06421766281128,7261.729712500237,18.798064670562745,7242.58948804345,DTC_IDENTITY_ORDER,0.0,identity-v1,7238.196025020443,False,0.00014496989986017105,0.0010295528054650915,0.26932183356787165,0.099498743710662,nobal_float2_split,7,0.09648960083723068,True,False,6.67572021484375e-06,0.3888610936701298,0.061327362060546876,0.2923714928328991,False,2.70721922652879,0.3155785536606776,0.0099498743710662
CiteSeer,Mixed/Irregular,3327,9104,512,0.045977599918842316,1.2691344022750854,0.0373811200261116,1.2231568098068237,27.428192138671875,True,29.30366467475891,,,False,0.0077877044677734375,28.696371173858644,28.696371173858644,10396.755998075008,29.30366467475891,10369.327805936337,DTC_IDENTITY_ORDER,0.0,identity-v1,10364.930948009714,False,0.0001220702306094391,0.0012756465937282689,1.7262656367292892,0.099498743710662,nobal_float2_split,7,0.1502367988228798,True,False,1.33514404296875e-05,0.4213537060655653,0.11681792259216309,0.27111690724268556,False,3.0120404401465026,0.3199947336558729,0.0099498743710662
Cora,Mixed/Irregular,2708,10556,64,0.01955839991569519,1.311928629875183,0.014151680283248425,1.2923702001571655,18.80963134765625,True,18.756244478225707,,,False,0.006671905517578125,18.50880012512207,18.50880012512207,3297.871125277132,18.756244478225707,3279.0614939294755,DTC_IDENTITY_ORDER,0.0,identity-v1,3274.61148891598,False,0.00039781076337994776,0.0007545050023034856,0.19318926541100062,0.12961481396815722,nobal_float2_nonsplit,5,0.05570560023188591,True,False,7.62939453125e-06,0.30930371284484864,0.02279423952102661,0.2535981126129627,False,4.241554741805722,0.6208445897128599,0.012961481396815721
Cora,Mixed/Irregular,2708,10556,128,0.019840000197291374,0.9966717958450317,0.014382080174982548,0.9768317937850952,20.021408081054688,True,19.907246084213256,,,False,0.009715080261230469,19.825305461883545,19.825305461883545,5685.964940099046,19.907246084213256,5665.943532017991,DTC_IDENTITY_ORDER,0.0,identity-v1,5661.477754008956,False,0.00017528630695842285,0.0007224545330952509,0.15530701415522397,0.12961481396815722,nobal_float2_split,7,0.06667839959263802,True,False,1.9073486328125e-05,0.3187564889900386,0.03365888118743896,0.2520780893974006,False,3.126749823989241,0.4272893116943455,0.012961481396815721
Cora,Mixed/Irregular,2708,10556,256,0.02027519978582859,0.9673102498054504,0.01527807954698801,0.9470350742340088,22.7542724609375,True,22.532843551635743,,,False,0.008898735046386719,22.46993923187256,22.46993923187256,6583.026531516574,22.532843551635743,6560.272259055637,DTC_IDENTITY_ORDER,0.0,identity-v1,6555.791278020479,False,0.0001469400503209889,0.0006780360193766542,0.13114161339720123,0.12961481396815722,nobal_float2_split,7,0.09262399971485138,True,False,9.5367431640625e-06,0.3864308701828122,0.05592063903808594,0.29380687046796083,False,2.503190931272744,0.2732100313907813,0.012961481396815721
Cora,Mixed/Irregular,2708,10556,512,0.03928319737315178,1.1782946586608887,0.032675839960575104,1.1390115022659302,32.00297546386719,True,32.74104825019836,,,False,0.0072784423828125,32.65126419067383,32.65126419067383,11060.321108436212,32.74104825019836,11028.318132972345,DTC_IDENTITY_ORDER,0.0,identity-v1,11023.727423977107,False,0.00010653349456211986,0.0009980083628011861,0.19619663782440735,0.12961481396815722,nobal_float2_split,7,0.14256639927625656,True,False,1.71661376953125e-05,0.44120307369157674,0.1053286361694336,0.29863667441532016,False,2.670640185713158,0.31022750458870596,0.012961481396815721
Flickr,Mixed/Irregular,89250,899756,64,0.25824639201164246,1.4930568933486938,0.25165826082229614,1.234810471534729,847.4541625976562,True,847.1342449951172,,,False,0.052410125732421875,846.547250366211,846.547250366211,90041.01096250024,847.1342449951172,89193.55679990258,DTC_IDENTITY_ORDER,0.0,identity-v1,89179.4117129175,False,1.6581965011149348e-05,0.00029707010702152253,0.33469489254776763,0.7365459931328118,nobal_float2_nonsplit,5,1.053983998298645,True,False,0.000396728515625,1.4076025698333978,1.0064588928222655,0.35361857153475285,False,1.0607091272399498,0.25004325821654544,0.07365459931328118
Flickr,Mixed/Irregular,89250,899756,128,0.5594047904014587,1.7360608577728271,0.5536205172538757,1.1766561269760132,959.0302124023438,True,957.5633926391602,,,False,0.04211616516113281,957.65380859375,957.65380859375,157382.46801743377,957.5633926391602,156423.43780503143,DTC_IDENTITY_ORDER,0.0,identity-v1,156410.33829003572,False,1.1030840217733262e-05,0.0005781554741018564,0.3812853597440293,0.7365459931328118,nobal_float2_split,7,1.7343487977981566,True,False,0.0002593994140625,2.0848113033920526,1.6881100463867187,0.3504625055938959,False,0.8327184599144308,0.3279528597314267,0.07365459931328118
Flickr,Mixed/Irregular,89250,899756,256,1.1053760051727295,2.327458381652832,1.0985472202301025,1.222082257270813,1355.1380615234375,True,1353.8875732421875,,,False,0.0429840087890625,1353.8825622558593,1353.8825622558593,232896.2230225578,1353.8875732421875,231541.08496103436,DTC_IDENTITY_ORDER,0.0,identity-v1,231526.84677601792,False,9.993542838294117e-06,0.0008114021001015503,0.6774515792953895,0.7365459931328118,nobal_float2_split,7,3.0818912506103517,True,False,0.00048065185546875,3.4431714404374363,3.0490625,0.36128018982708454,False,0.67596354753603,0.3602901613955446,0.07365459931328118
Flickr,Mixed/Irregular,89250,899756,512,2.18255352973938,3.483438491821289,2.175851583480835,1.3008849620819092,,,,timeout,timed out after 600s,,,,nan,,,,DTC_IDENTITY_ORDER,0.0,identity-v1,,,,,,,,,5.8101279735565186,True,False,0.0006103515625,6.199876645579934,5.76974853515625,0.38974867202341557,False,0.5618560966539117,0.37711376331618773,0.07365459931328118
PPI,Mixed/Irregular,1767,32318,64,0.03102719970047474,1.276861548423767,0.022159360349178314,1.2458343505859375,30.368799209594727,True,30.29632508277893,,,False,0.01140594482421875,30.163507080078126,30.163507080078126,4451.689575315453,30.29632508277893,4421.320776105858,DTC_IDENTITY_ORDER,0.0,identity-v1,4416.442720103078,False,0.0002868262772642423,0.0007314207346479181,0.16291920461735723,0.16911534525287764,nobal_float2_nonsplit,5,0.06785279884934425,True,False,2.288818359375e-05,0.3583481889218092,0.04353536128997803,0.29049539007246494,False,3.563186833078639,0.5089968175888198,0.016911534525287764
PPI,Mixed/Irregular,1767,32318,128,0.029184000566601753,1.1175823211669922,0.02250239998102188,1.0883983373641968,32.10095977783203,True,32.03334145545959,,,False,0.012918472290039062,32.14561290740967,32.14561290740967,7059.3109658025205,32.03334145545959,7027.2100060246885,DTC_IDENTITY_ORDER,0.0,identity-v1,7022.357588051818,False,0.00015831323008448072,0.0007024680835219796,0.21572021854260204,0.16911534525287764,nobal_float2_split,7,0.11058240011334419,True,False,2.6702880859375e-05,0.4017803333699703,0.04452864170074463,0.29119793325662613,False,2.781575473824628,0.505346651538342,0.016911534525287764
PPI,Mixed/Irregular,1767,32318,256,0.0318400003015995,1.092017412185669,0.025118719786405563,1.0601774454116821,36.437313079833984,True,36.6836736869812,,,False,0.011133193969726562,36.482918930053714,36.482918930053714,8325.586294064298,36.6836736869812,8289.148980984464,DTC_IDENTITY_ORDER,0.0,identity-v1,8284.262264962308,False,0.0001311640254049399,0.0006847383934537624,0.24802382577244741,0.16911534525287764,nobal_float2_split,7,0.10764160081744194,True,False,2.09808349609375e-05,0.4032255860976875,0.07094272136688233,0.29558398528024554,False,2.708204662194009,0.35407042896625546,0.016911534525287764
PPI,Mixed/Irregular,1767,32318,512,0.049404799938201904,1.2055385112762451,0.04368896037340164,1.1561336517333984,52.51955032348633,True,52.96789503097534,,,False,0.013185501098632812,52.57635841369629,52.57635841369629,13515.762196397409,52.96789503097534,13463.242646073923,DTC_IDENTITY_ORDER,0.0,identity-v1,13458.340320037678,False,8.919500755921691e-05,0.0008248196449538456,0.3193881060886116,0.16911534525287764,nobal_float4_split,7,0.16439999788999557,True,False,2.86102294921875e-05,0.46779157463461163,0.12644351959228517,0.30339157674461603,False,2.5770847031990303,0.34552154601735147,0.016911534525287764
Reddit,Dense Large-Scale,232965,114615892,64,25.720584869384766,27.043657302856445,25.716188430786133,1.323073148727417,,,,skipped_reorder_filter,,,,,nan,,,,,,,,,,,,,,,55.09179916381836,True,False,0.002105712890625,73.33147076107562,55.045673828125,18.239671597257257,False,0.3687865117415759,0.46717910132379414,0.1471631747415093
Reddit,Dense Large-Scale,232965,114615892,128,58.745845794677734,60.06828689575195,58.73923873901367,1.3224414587020874,,,,skipped_reorder_filter,,,,,nan,,,,,,,,,,,,,,,109.00521926879883,True,False,0.001861572265625,127.2283530684188,108.946220703125,18.223133799619973,False,0.47212972145799453,0.5391581126900789,0.1471631747415093
Reddit,Dense Large-Scale,232965,114615892,256,116.96507263183594,118.41717529296875,116.95770263671875,1.452104926109314,,,,skipped_reorder_filter,,,,,nan,,,,,,,,,,,,,,,217.18688354492187,True,False,0.00201416015625,235.5187267520465,217.12421875,18.33184320712462,False,0.5027930344479064,0.5386672353275594,0.1471631747415093
Yelp,Sparse Uniform,716847,13954819,64,4.011622428894043,5.413071632385254,4.001249313354492,1.40144944190979,,,,skipped_reorder_filter,,,,,nan,,,,,,,,,,,,,,,10.547635078430176,True,False,0.00048828125,12.527931461110711,10.490721435546876,1.9802963826805353,False,0.43208023999720524,0.38140840341033316,0.06989992846920517
Yelp,Sparse Uniform,716847,13954819,128,8.596121788024902,10.084875106811523,8.587370872497559,1.488753318786621,,,,skipped_reorder_filter,,,,,nan,,,,,,,,,,,,,,,20.750867080688476,True,False,0.00038909912109375,22.731480660196393,20.68142578125,1.9806135795079172,False,0.4436523628867911,0.41522141477706825,0.06989992846920517
Yelp,Sparse Uniform,716847,13954819,256,17.23801612854004,18.978858947753906,17.23005485534668,1.7408431768417358,,,,skipped_reorder_filter,,,,,nan,,,,,,,,,,,,,,,41.15946502685547,True,False,0.000518798828125,43.16703860210255,41.094296875,2.007573575247079,False,0.43966089781358075,0.41928092620143365,0.06989992846920517
amazon-computers,Dense Small,13752,491722,64,0.07303040474653244,1.2904964685440063,0.06762495636940002,1.217466115951538,nan,False,344.2904316711426,,,True,29.373857498168945,345.81212005615237,345.81212005615237,nan,nan,nan,DTC_IDENTITY_ORDER,0.0,identity-v1,35796.55832995195,False,,,0.2982205930639782,0.5469917732470938,nobal_float2_nonsplit,5,0.4467231959104538,True,False,0.0001983642578125,0.7437259929254652,0.408540153503418,0.2970027970150113,False,1.7351773110252684,0.1655282982333198,0.05469917732470938
amazon-computers,Dense Small,13752,491722,128,0.12503039836883545,1.2592308521270752,0.11468799412250519,1.1342004537582397,nan,False,382.4184786987305,,,True,39.12739944458008,380.4540954589844,380.4540954589844,nan,nan,nan,DTC_IDENTITY_ORDER,0.0,identity-v1,60956.9934370229,False,,,0.34613753595068547,0.5469917732470938,nobal_float2_split,7,0.663459199666977,True,False,0.0003509521484375,1.0004318237304688,0.6110771179199219,0.3369726240634918,False,1.258687321072596,0.1876817029459355,0.05469917732470938
amazon-computers,Dense Small,13752,491722,256,0.25804799795150757,1.472832202911377,0.23592446744441986,1.2147842645645142,525.0204467773438,True,521.2310589599609,,,False,0.04535865783691406,519.9602691650391,519.9602691650391,95411.33595878258,521.2310589599609,94886.31551200524,DTC_IDENTITY_ORDER,0.0,identity-v1,94877.49108404387,False,1.5436658423351667e-05,0.00045262933470459734,0.37347601502161637,0.5469917732470938,nobal_float4_split,7,1.0588832139968871,True,False,0.00028228759765625,1.3632392218336462,1.0018252563476562,0.3043560078367591,False,1.0803915991577187,0.23549462937731,0.05469917732470938
amazon-computers,Dense Small,13752,491722,512,0.4953855872154236,1.7418851852416992,0.4832511842250824,1.2464996576309204,778.1837158203125,True,777.6280453491211,,,False,0.037841796875,777.9863037109375,777.9863037109375,193879.85965195764,777.6280453491211,193101.67593613733,DTC_IDENTITY_ORDER,0.0,identity-v1,193092.77669806033,False,8.984353446348861e-06,0.0006214425869994487,0.41646089517343887,0.5469917732470938,nobal_float4_split,7,1.837820792198181,True,False,0.00030517578125,2.1368700192309915,1.7833319091796875,0.29904922703281045,False,0.8151572952802071,0.270982188866554,0.05469917732470938
amazon-photo,Dense Small,7650,238162,64,0.04126719757914543,1.0233646631240845,0.035880960524082184,0.9820975065231323,125.34230041503906,True,124.20955142974853,,,False,0.01924896240234375,123.84931793212891,123.84931793212891,14074.768107404932,124.20955142974853,13949.425806989893,DTC_IDENTITY_ORDER,0.0,identity-v1,13942.66586995218,False,7.270916688038917e-05,0.00028887440708918457,0.33289544160467827,0.37868192457522976,nobal_float2_nonsplit,5,0.1965920001268387,True,False,7.62939453125e-05,0.5322979905642569,0.1570406436920166,0.3357059904374182,False,1.9225409099126554,0.2284820010955307,0.03786819245752297
amazon-photo,Dense Small,7650,238162,128,0.06758400052785873,1.2608938217163086,0.05970431864261627,1.1933097839355469,183.03421020507812,True,180.35242515563965,,,False,0.0254974365234375,180.35502243041992,180.35502243041992,28630.25350016076,180.35242515563965,28447.219289955683,DTC_IDENTITY_ORDER,0.0,identity-v1,28440.471024950966,False,4.404060975950592e-05,0.00033104250520109686,0.414580522153209,0.37868192457522976,nobal_float2_split,7,0.3185792028903961,True,False,0.00012969970703125,0.6479377061128616,0.24889856338500976,0.3293585032224655,False,1.9460108739167568,0.23987409903311657,0.03786819245752297
amazon-photo,Dense Small,7650,238162,256,0.1300479918718338,1.293235182762146,0.11623935401439667,1.1631871461868286,233.51295471191406,True,233.88459022521974,,,False,0.026769638061523438,233.6527359008789,233.6527359008789,40906.929366681725,233.88459022521974,40673.41641196981,DTC_IDENTITY_ORDER,0.0,identity-v1,40666.69722995721,False,3.161408599432723e-05,0.0004969944958856147,0.6773209610748925,0.37868192457522976,nobal_float2_split,7,0.4594879984855652,True,False,0.00016021728515625,0.7469470092095435,0.4244377517700195,0.2874590107239783,False,1.7313613506943577,0.27386667074181625,0.03786819245752297
amazon-photo,Dense Small,7650,238162,512,0.25180160999298096,1.4770119190216064,0.22990335524082184,1.2252103090286255,349.9055480957031,True,346.7759916687012,,,False,0.025928497314453125,346.47669830322263,346.47669830322263,85109.68904005364,346.7759916687012,84759.78349195793,DTC_IDENTITY_ORDER,0.0,identity-v1,84753.01822205074,False,1.735421590280405e-05,0.0006629736797363533,1.5103571138558343,0.37868192457522976,nobal_float4_split,7,0.815440011024475,True,False,0.00018310546875,1.1168515144847333,0.7778765106201172,0.30141150346025825,False,1.322478323990128,0.29555251007328226,0.03786819245752297
ca-CondMat,Dense Small,23133,186936,64,0.053247999399900436,1.1351102590560913,0.04761600121855736,1.081862211227417,77.81635284423828,True,78.38560779571533,,,False,0.008585929870605469,78.40532417297364,78.40532417297364,9969.695349936374,78.38560779571533,9891.878997092135,DTC_IDENTITY_ORDER,0.0,identity-v1,9886.332983034663,False,0.00011385606271944264,0.0006074584679199249,0.3481470872372149,0.16733200530681513,nobal_float2_nonsplit,5,0.18986560106277467,True,False,3.0517578125e-05,0.5304395913146436,0.15246335983276368,0.34057399025186896,False,2.139942563945556,0.3123111104909869,0.016733200530681513
ca-CondMat,Dense Small,23133,186936,128,0.11048959940671921,1.2464325428009033,0.10115072131156921,1.1359429359436035,113.12268829345703,True,112.88655879974365,,,False,0.011124610900878906,111.3333755493164,111.3333755493164,20505.399571302347,112.88655879974365,20392.27688300889,DTC_IDENTITY_ORDER,0.0,identity-v1,20386.763932998292,False,6.078557691435122e-05,0.000896038663832482,0.4328797640548238,0.16733200530681513,nobal_float4_split,7,0.3311680018901825,True,False,2.288818359375e-05,0.6844240910373628,0.29438976287841795,0.3532560891471803,False,1.8211406628187499,0.3435945609064679,0.016733200530681513
ca-CondMat,Dense Small,23133,186936,256,0.20408320426940918,1.360148310661316,0.19704321026802063,1.1560651063919067,185.33343505859375,True,184.95634391784668,,,False,0.010740280151367188,184.83205032348633,184.83205032348633,39083.5821520146,184.95634391784668,38898.248716956005,DTC_IDENTITY_ORDER,0.0,identity-v1,38892.794634914026,False,3.480101453779374e-05,0.0010653498338804893,0.4828344251207892,0.16733200530681513,nobal_float4_split,7,0.6112383902072906,True,False,2.6702880859375e-05,0.9236151808872819,0.57870849609375,0.31237679067999125,False,1.4726352909819793,0.3404878476781511,0.016733200530681513
ca-CondMat,Dense Small,23133,186936,512,0.39239680767059326,1.6299723386764526,0.38553088903427124,1.2375755310058594,334.3665771484375,True,333.5704579162598,,,False,0.011151313781738281,332.42598724365234,332.42598724365234,86565.87257206626,333.5704579162598,86231.50599491782,DTC_IDENTITY_ORDER,0.0,identity-v1,86226.03784396779,False,1.882927174700974e-05,0.0011557704823220757,0.4451711101722693,0.16733200530681513,nobal_float4_split,7,1.1883423924446106,True,False,3.0517578125e-05,1.522828501649201,1.1512831878662109,0.3344861092045903,False,1.0703584395164765,0.3348705975189427,0.016733200530681513
ca-GrQc,Dense Small,5242,28980,64,0.01924159936606884,0.948180079460144,0.014315520413219929,0.9289385080337524,17.202239990234375,True,17.185239086151125,,,False,0.00478363037109375,16.774655914306642,16.774655914306642,3157.817678916268,17.185239086151125,3140.6154389260337,DTC_IDENTITY_ORDER,0.0,identity-v1,3136.1497389152646,False,0.0003002643521159683,0.0008330125837327579,0.2114550637202776,0.09000000000000001,nobal_float2_nonsplit,5,0.06769599989056588,True,False,1.52587890625e-05,0.35679838750511406,0.0440064001083374,0.2891023876145482,False,2.6574673896096392,0.3253054187113053,0.009000000000000001
ca-GrQc,Dense Small,5242,28980,128,0.021903999149799347,1.1207787990570068,0.016097279265522957,1.098874807357788,20.999103546142578,True,21.13686861038208,,,False,0.00609588623046875,20.814028835296632,20.814028835296632,5710.186449572444,21.13686861038208,5689.187346026301,DTC_IDENTITY_ORDER,0.0,identity-v1,5684.730353066698,False,0.00019627709339349616,0.0007615735122475161,0.2659502411047152,0.09000000000000001,nobal_float2_split,7,0.09145279973745346,True,False,1.1444091796875e-05,0.35468298802152276,0.056110081672668455,0.2632301882840693,False,3.1599451817773567,0.2868874680922811,0.009000000000000001
ca-GrQc,Dense Small,5242,28980,256,0.03819520026445389,1.0968281030654907,0.03179008141160011,1.0586328506469727,34.62937545776367,True,36.39209978103638,,,False,0.006299018859863281,36.206643676757814,36.206643676757814,9621.861816517077,36.39209978103638,9587.232441059314,DTC_IDENTITY_ORDER,0.0,identity-v1,9582.787852035835,False,0.00011399333351292304,0.0008735434779217016,0.21863819015636463,0.09000000000000001,nobal_float2_split,7,0.14426880031824113,True,False,7.62939453125e-06,0.3972452783957124,0.1123737621307373,0.25297647807747126,False,2.7610853110578573,0.2828959430459849,0.009000000000000001
ca-GrQc,Dense Small,5242,28980,512,0.07239679992198944,1.1125147342681885,0.06697472184896469,1.0401179790496826,57.05583953857422,True,59.633802223205564,,,False,0.00734710693359375,59.606374168395995,59.606374168395995,15810.486992556602,59.633802223205564,15753.431153018028,DTC_IDENTITY_ORDER,0.0,identity-v1,15748.96375904791,False,7.036562091932702e-05,0.0011230999760552334,0.36146547198074125,0.09000000000000001,nobal_float2_split,7,0.2509663999080658,True,False,9.5367431640625e-06,0.5164915067143738,0.2186956787109375,0.26552510680630803,False,2.1539845666492687,0.30624620588634943,0.009000000000000001
ca-HepTh,Dense Small,9877,51971,64,0.02232320047914982,1.3149898052215576,0.01740800030529499,1.2926665544509888,20.07164764404297,True,20.525204458236693,,,False,0.0051174163818359375,19.95340805053711,19.95340805053711,3450.2582647157833,20.525204458236693,3430.1866170717403,DTC_IDENTITY_ORDER,0.0,identity-v1,3425.7151150377467,False,0.0003811279342967911,0.0008481279853126735,0.14607361641178485,0.0806225774829855,nobal_float2_split,5,0.08650559931993484,True,False,5.7220458984375e-06,0.4117756080813706,0.049018878936767575,0.32527000876143575,False,3.1934621172648567,0.35512848687850707,0.00806225774829855
ca-HepTh,Dense Small,9877,51971,128,0.03495680168271065,1.1949188709259033,0.0301414392888546,1.1599620580673218,34.66032028198242,True,35.67248901367188,,,False,0.005488395690917969,35.259750556945804,35.259750556945804,9257.858311426826,35.67248901367188,9223.197991144843,DTC_IDENTITY_ORDER,0.0,identity-v1,9218.676525051706,False,0.0001290707667723791,0.0008449491505149124,0.17364478087984975,0.0806225774829855,nobal_float2_split,7,0.13207679837942124,True,False,5.7220458984375e-06,0.42428338890895245,0.10010111808776856,0.29220659052953124,False,2.8163225385717907,0.30110991629910283,0.00806225774829855
ca-HepTh,Dense Small,9877,51971,256,0.0736256018280983,1.1212282180786133,0.0685516819357872,1.047602653503418,54.029151916503906,True,57.370265617370606,,,False,0.005871772766113281,56.9004545211792,56.9004545211792,13678.694014905952,57.370265617370606,13624.664862989448,DTC_IDENTITY_ORDER,0.0,identity-v1,13620.155198965222,False,8.196895236173776e-05,0.0011948991554787411,0.2477446557937687,0.0806225774829855,nobal_float2_split,7,0.2320575997233391,True,False,9.5367431640625e-06,0.5606078313663602,0.19543039321899414,0.3285502316430211,False,2.0000223959516625,0.35077288034195375,0.00806225774829855
ca-HepTh,Dense Small,9877,51971,512,0.13281279802322388,1.2260513305664062,0.1268889605998993,1.0932384729385376,98.3763198852539,True,99.259176902771,,,False,0.0064046382904052734,98.90268211364746,98.90268211364746,27909.308566853404,99.259176902771,27810.93224696815,DTC_IDENTITY_ORDER,0.0,identity-v1,27806.419107946567,False,4.3929835367635396e-05,0.0012783599920861016,0.4304744651163421,0.0806225774829855,nobal_float4_split,7,0.4225760042667389,True,False,7.62939453125e-06,0.7543856088072062,0.38613502502441405,0.33180960454046726,False,1.6252316007260166,0.3286129265064119,0.00806225774829855
com-Amazon,Community,334863,1851744,64,0.7905279994010925,2.0215952396392822,0.7836006283760071,1.2310672998428345,,,,skipped_reorder_filter,,,,,nan,,,,,,,,,,,,,,,2.1650304079055784,True,False,3.814697265625e-05,2.560288213845342,2.130155487060547,0.3952578059397638,False,0.7895967448926434,0.3678607656276381,0.023430749027719962
com-Amazon,Community,334863,1851744,128,1.5859712362289429,2.85600209236145,1.5785164833068848,1.2700308561325073,,,,skipped_reorder_filter,,,,,nan,,,,,,,,,,,,,,,4.231184005737305,True,False,4.57763671875e-05,4.637260694988072,4.196607971191407,0.40607668925076723,False,0.6158812885909569,0.3761410391780645,0.023430749027719962
com-Amazon,Community,334863,1851744,256,3.153817653656006,4.593965530395508,3.1437466144561768,1.4401477575302124,,,,skipped_reorder_filter,,,,,nan,,,,,,,,,,,,,,,8.366799926757812,True,False,3.62396240234375e-05,8.777529759705066,8.329103393554687,0.4107298329472542,False,0.5233779498515616,0.3774411801501832,0.023430749027719962
com-Amazon,Community,334863,1851744,512,6.273433685302734,7.9479146003723145,6.264744758605957,1.67448091506958,,,,skipped_reorder_filter,,,,,nan,,,,,,,,,,,,,,,16.629299354553222,True,False,4.1961669921875e-05,17.050172163452952,16.590372314453123,0.42087280889973044,False,0.46614864203005946,0.3776132711107554,0.023430749027719962
com-DBLP,Community,317080,2099732,64,0.7153536081314087,1.9565107822418213,0.709048330783844,1.2411571741104126,,,,skipped_reorder_filter,,,,,nan,,,,,,,,,,,,,,,2.14552640914917,True,False,2.288818359375e-05,2.576996120624244,2.1108940124511717,0.4314697114750743,False,0.7592214697505566,0.33589954142723466,0.018520259177452137
com-DBLP,Community,317080,2099732,128,1.5476800203323364,2.794766426086426,1.5411558151245117,1.247086524963379,,,,skipped_reorder_filter,,,,,nan,,,,,,,,,,,,,,,4.261708736419678,True,False,3.0517578125e-05,4.70100714545697,4.227409973144531,0.439298409037292,False,0.5945037604946579,0.3645626577301499,0.018520259177452137
com-DBLP,Community,317080,2099732,256,3.0729055404663086,4.4988203048706055,3.0642740726470947,1.4259146451950073,,,,skipped_reorder_filter,,,,,nan,,,,,,,,,,,,,,,8.501903915405274,True,False,3.4332275390625e-05,8.951532112061978,8.46223388671875,0.44962819665670395,False,0.5025754528443853,0.3621117205772806,0.018520259177452137
com-DBLP,Community,317080,2099732,512,6.145267009735107,7.800920009613037,6.136309623718262,1.6556529998779297,,,,skipped_reorder_filter,,,,,nan,,,,,,,,,,,,,,,16.974271965026855,True,False,3.814697265625e-05,17.449335046857595,16.93349853515625,0.47506308183074,False,0.4470611624262372,0.3623769542353251,0.018520259177452137
com-youtube,Community,1157828,5975248,64,1.9319168329238892,3.3044018745422363,1.92401921749115,1.3724850416183472,,,,skipped_reorder_filter,,,,,nan,,,,,,,,,,,,,,,8.080038261413574,True,False,0.0012664794921875,9.164924741070717,8.02566162109375,1.0848864796571434,False,0.36054871893647333,0.23973340869919973,0.16957004452437938
com-youtube,Community,1157828,5975248,128,4.082672119140625,5.760347843170166,4.072089672088623,1.6776758432388306,,,,skipped_reorder_filter,,,,,nan,,,,,,,,,,,,,,,15.478895950317384,True,False,0.0017547607421875,16.58814195189625,15.437911376953124,1.1092460015788674,False,0.34725696584189647,0.26377205909911783,0.16957004452437938
com-youtube,Community,1157828,5975248,256,8.13015079498291,10.693233489990234,8.12171745300293,2.5630831718444824,,,,skipped_reorder_filter,,,,,nan,,,,,,,,,,,,,,,30.4888032913208,True,False,0.002471923828125,31.611022011004387,30.4412255859375,1.1222187196835876,False,0.3382754751259773,0.2667999496299783,0.16957004452437938
gplus-combined,Dense Large-Scale,107614,13673453,64,1.7630208730697632,2.960322856903076,1.7907148599624634,1.1973021030426025,,,,skipped_reorder_filter,,,,,nan,,,,,,,,,,,,,,,5.04204478263855,True,False,0.00067138671875,7.463130109570921,5.0057369995117185,2.4210853269323707,False,0.3966596874824248,0.3577325097457452,0.07110555533852471
gplus-combined,Dense Large-Scale,107614,13673453,128,3.299020767211914,4.533487796783447,3.2496843338012695,1.2344669103622437,,,,skipped_reorder_filter,,,,,nan,,,,,,,,,,,,,,,9.420767974853515,True,False,0.0006256103515625,11.848310650140046,9.375134887695312,2.4275426752865314,False,0.38262735765877826,0.3466280083144637,0.07110555533852471
gplus-combined,Dense Large-Scale,107614,13673453,256,6.294172763824463,7.555524826049805,6.427361488342285,1.2613518238067627,,,,skipped_reorder_filter,,,,,nan,,,,,,,,,,,,,,,17.99327983856201,True,False,0.000640869140625,20.428407461009918,17.96042724609375,2.435127622447908,False,0.3698538341997748,0.3578623938214045,0.07110555533852471
gplus-combined,Dense Large-Scale,107614,13673453,512,12.422639846801758,13.795095443725586,12.67504596710205,1.3724554777145386,,,,skipped_reorder_filter,,,,,nan,,,,,,,,,,,,,,,35.582662200927736,True,False,0.000732421875,38.022739698085935,35.489873046875,2.4400774971581995,False,0.36281171617993724,0.3571454299191451,0.07110555533852471
ogbn-arxiv,Sparse Uniform,169343,1166243,64,0.31068161129951477,1.8370459079742432,0.30558207631111145,1.5263643264770508,,,,skipped_reorder_filter,,,,,nan,,,,,,,,,,,,,,,1.002095991373062,True,False,3.0517578125e-05,1.3316845778375863,0.9680844879150391,0.32958858646452427,False,1.3794902625945191,0.31565641235430053,0.0208806130178211
ogbn-arxiv,Sparse Uniform,169343,1166243,128,0.6537216305732727,1.9138107299804688,0.647792637348175,1.2600890398025513,,,,skipped_reorder_filter,,,,,nan,,,,,,,,,,,,,,,1.9650815844535827,True,False,3.62396240234375e-05,2.2983792911283674,1.9300250244140624,0.3332977066747844,False,0.8326783735685774,0.33563950164057527,0.0208806130178211
ogbn-arxiv,Sparse Uniform,169343,1166243,256,1.2964863777160645,2.5892186164855957,1.288965106010437,1.2927322387695312,,,,skipped_reorder_filter,,,,,nan,,,,,,,,,,,,,,,3.8924607753753664,True,False,3.0517578125e-05,4.2292200800031425,3.857080383300781,0.33675930462777615,False,0.6122213002648166,0.33418155130782545,0.0208806130178211
ogbn-arxiv,Sparse Uniform,169343,1166243,512,2.5906176567077637,4.008911609649658,2.582794189453125,1.418293833732605,,,,skipped_reorder_filter,,,,,nan,,,,,,,,,,,,,,,7.755039930343628,True,False,5.340576171875e-05,8.101176512427628,7.716239624023437,0.3461365820840001,False,0.4948554822253013,0.3347218742937888,0.0208806130178211
ogbn-products,Dense Large-Scale,2449029,123718152,64,39.09882354736328,40.79311752319336,39.088375091552734,1.6942945718765259,,,,skipped_reorder_filter,,,,,nan,,,,,,,,,,,,,,,80.11409225463868,True,False,0.00079345703125,98.201135472022,79.885087890625,18.087043217383325,False,0.41540372549781285,0.48930753065041055,0.1322157328006013
ogbn-products,Dense Large-Scale,2449029,123718152,128,79.15509796142578,81.3177261352539,79.14104461669922,2.1626248359680176,,,,skipped_reorder_filter,,,,,nan,,,,,,,,,,,,,,,159.7807174682617,True,False,0.00115966796875,177.8680025617592,159.65390625,18.087285093497485,False,0.45718018397951493,0.49570377872730076,0.1322157328006013
ogbn-proteins,Dense Large-Scale,132534,79122504,64,9.659149169921875,10.939478874206543,9.983733177185059,1.280329942703247,,,,skipped_reorder_filter,,,,,nan,,,,,,,,,,,,,,,18.72544631958008,True,False,0.0006256103515625,35.02429159022868,18.883665771484374,16.2988452706486,False,0.3123397612775276,0.5286967741327628,0.08803408430829505
ogbn-proteins,Dense Large-Scale,132534,79122504,128,18.6210880279541,19.986757278442383,18.90110969543457,1.3656690120697021,,,,skipped_reorder_filter,,,,,nan,,,,,,,,,,,,,,,37.571110534667966,True,False,0.000823974609375,53.86670602504164,37.77218994140625,16.29559549037367,False,0.37104101500379305,0.5003975073924688,0.08803408430829505
roadNet-CA,Sparse Uniform,1971281,5533214,64,2.544332981109619,4.075996398925781,2.538311719894409,1.531663179397583,,,,skipped_reorder_filter,,,,,nan,,,,,,,,,,,,,,,8.67956476211548,True,False,9.5367431640625e-07,9.548480423819274,8.643978271484375,0.8689156617037952,False,0.42687382892443876,0.29365086771076776,0.0034641016151377543
roadNet-CA,Sparse Uniform,1971281,5533214,128,5.491299152374268,7.405174732208252,5.478850841522217,1.913875699043274,,,,skipped_reorder_filter,,,,,nan,,,,,,,,,,,,,,,17.160099220275878,True,False,9.5367431640625e-07,18.035930429399013,17.12205322265625,0.8758312091231346,False,0.4105790250852617,0.319987957651743,0.0034641016151377543
roadNet-PA,Sparse Uniform,1090920,3083796,64,1.4047231674194336,2.762869358062744,1.3988096714019775,1.358146071434021,,,,skipped_reorder_filter,,,,,nan,,,,,,,,,,,,,,,4.824892807006836,True,False,9.5367431640625e-07,5.370682306308299,4.789913635253907,0.5457894993014634,False,0.5144354479537044,0.2920323366807069,0.003
roadNet-PA,Sparse Uniform,1090920,3083796,128,3.0360960960388184,4.629103660583496,3.0265088081359863,1.5930074453353882,,,,skipped_reorder_filter,,,,,nan,,,,,,,,,,,,,,,9.610947036743164,True,False,9.5367431640625e-07,10.168699956592173,9.573632202148438,0.5577529198490083,False,0.45523062735099556,0.31612963024178026,0.003
roadNet-PA,Sparse Uniform,1090920,3083796,256,6.059945583343506,8.041280746459961,6.049924850463867,1.981335163116455,,,,skipped_reorder_filter,,,,,nan,,,,,,,,,,,,,,,19.04664306640625,True,False,9.5367431640625e-07,19.620315490476788,19.009398193359374,0.5736724240705371,False,0.40984461999925526,0.3182596728694605,0.003
roadNet-PA,Sparse Uniform,1090920,3083796,512,12.138086318969727,15.004888534545898,12.132567405700684,2.86680269241333,,,,skipped_reorder_filter,,,,,nan,,,,,,,,,,,,,,,38.28635215759277,True,False,9.5367431640625e-07,38.86703784810379,38.2085986328125,0.580685690511018,False,0.38605691005284426,0.3175350010162782,0.003
roadNet-TX,Sparse Uniform,1393383,3843320,64,1.7693312168121338,3.16900897026062,1.7628108263015747,1.3996777534484863,,,,skipped_reorder_filter,,,,,nan,,,,,,,,,,,,,,,6.055964803695678,True,False,9.5367431640625e-07,6.7006912146694955,6.019113159179687,0.6447264109738171,False,0.47293762221468494,0.2928688628511877,0.0034641016151377543
roadNet-TX,Sparse Uniform,1393383,3843320,128,3.8199679851531982,5.541053295135498,3.8094184398651123,1.7210851907730103,,,,skipped_reorder_filter,,,,,nan,,,,,,,,,,,,,,,12.133135890960693,True,False,9.5367431640625e-07,12.787630525324493,12.041103515625,0.6544946343638003,False,0.43331352780032645,0.31636788396693577,0.0034641016151377543
soc-Pokec,Sparse Skewed,1632803,30622564,64,9.216041564941406,10.722148895263672,9.20721435546875,1.5061078071594238,,,,skipped_reorder_filter,,,,,nan,,,,,,,,,,,,,,,20.782377815246583,True,False,0.0006103515625,25.140340521372856,20.70390380859375,4.357962706126273,False,0.42649179258921827,0.44470909643847123,0.09361089680160105
soc-Pokec,Sparse Skewed,1632803,30622564,128,19.44063949584961,21.222492218017578,19.435304641723633,1.7818535566329956,,,,skipped_reorder_filter,,,,,nan,,,,,,,,,,,,,,,41.324354553222655,True,False,0.00079345703125,45.66600414328277,41.250009765625,4.341649590060115,False,0.46473284922038216,0.4711587888621475,0.09361089680160105
soc-Pokec,Sparse Skewed,1632803,30622564,256,38.81973648071289,41.29718780517578,38.80994415283203,2.4774529933929443,,,,skipped_reorder_filter,,,,,nan,,,,,,,,,,,,,,,82.99199676513672,True,False,0.0007781982421875,87.36558287311345,82.932080078125,4.373586107976735,False,0.4726940111548765,0.4679726363582304,0.09361089680160105
synth_community_nc10,Community,200000,1089063,64,0.35973119735717773,1.5955661535263062,0.3529472053050995,1.2358349561691284,,,,skipped_reorder_filter,,,,,nan,,,,,,,,,,,,,,,0.9879711985588073,True,False,1.9073486328125e-06,1.3140023772604763,0.9351065826416015,0.326031178701669,False,1.2142795029434068,0.3774406167776638,0.004358898943540674
synth_community_nc10,Community,200000,1089063,128,0.8085504174232483,2.0413036346435547,0.8014233112335205,1.2327531576156616,,,,skipped_reorder_filter,,,,,nan,,,,,,,,,,,,,,,1.8907360076904296,True,False,1.430511474609375e-06,2.2107219133526086,1.862476806640625,0.319985905662179,False,0.9233651787292743,0.430299753734415,0.004358898943540674
synth_community_nc10,Community,200000,1089063,256,1.5993951559066772,2.922623634338379,1.5917567014694214,1.323228359222412,,,,skipped_reorder_filter,,,,,nan,,,,,,,,,,,,,,,3.749174427986145,True,False,1.9073486328125e-06,4.077147437538952,3.7187890625,0.3279730095528066,False,0.7168304995373268,0.428030919398086,0.004358898943540674
synth_community_nc10,Community,200000,1089063,512,3.1803390979766846,4.697875022888184,3.1704421043395996,1.5175360441207886,,,,skipped_reorder_filter,,,,,nan,,,,,,,,,,,,,,,7.470835208892822,True,False,1.430511474609375e-06,7.804336525965482,7.444100952148437,0.33350131707265973,False,0.6019570026559055,0.42589993401749615,0.004358898943540674
synth_community_nc100,Community,200000,1098420,64,0.30003198981285095,1.5622150897979736,0.2947123050689697,1.2621830701828003,,,,skipped_reorder_filter,,,,,nan,,,,,,,,,,,,,,,0.9616639912128448,True,False,1.430511474609375e-06,1.2782012792304158,0.9330226898193359,0.316537288017571,False,1.22219803342597,0.31586831519181574,0.004242640687119285
synth_community_nc100,Community,200000,1098420,128,0.695091187953949,1.913799524307251,0.6892850995063782,1.2187082767486572,,,,skipped_reorder_filter,,,,,nan,,,,,,,,,,,,,,,1.8793599963188172,True,False,1.9073486328125e-06,2.199485763348639,1.8523493957519532,0.3201257670298219,False,0.8701122581459946,0.37211397649230527,0.004242640687119285
synth_community_nc100,Community,200000,1098420,256,1.3768703937530518,2.6783013343811035,1.3699737787246704,1.3014309406280518,,,,skipped_reorder_filter,,,,,nan,,,,,,,,,,,,,,,3.7263456106185915,True,False,1.9073486328125e-06,4.073838908504695,3.691990966796875,0.3474932978861034,False,0.6574391856265558,0.37106639508201245,0.004242640687119285
synth_community_nc100,Community,200000,1098420,512,2.7357921600341797,4.207406997680664,2.7270400524139404,1.4716147184371948,,,,skipped_reorder_filter,,,,,nan,,,,,,,,,,,,,,,7.40862398147583,True,False,1.9073486328125e-06,7.749787778314203,7.3850830078125,0.34116379683837295,False,0.5429060921453895,0.3692632905451531,0.004242640687119285
synth_community_nc1000,Community,200000,1101854,64,0.2978816032409668,1.5586696863174438,0.2918604910373688,1.260788083076477,,,,skipped_reorder_filter,,,,,nan,,,,,,,,,,,,,,,0.9588480114936828,True,False,1.430511474609375e-06,1.2737329004332423,0.9269760131835938,0.31488488893955946,False,1.2237021480620343,0.31485225818843693,0.00412310562561766
synth_community_nc1000,Community,200000,1101854,128,0.6896640062332153,1.9404305219650269,0.683991014957428,1.2507665157318115,,,,skipped_reorder_filter,,,,,nan,,,,,,,,,,,,,,,1.867564821243286,True,False,1.9073486328125e-06,2.1852876130491494,1.8417561340332032,0.3177227918058634,False,0.8879520070392604,0.37137979470690174,0.00412310562561766
synth_community_nc1000,Community,200000,1101854,256,1.3654016256332397,2.705105781555176,1.3590527772903442,1.3397042751312256,,,,skipped_reorder_filter,,,,,nan,,,,,,,,,,,,,,,3.699468803405762,True,False,1.9073486328125e-06,4.029020497854799,3.6687973022460936,0.3295516944490373,False,0.671405316253783,0.3704355038797896,0.00412310562561766
synth_community_nc1000,Community,200000,1101854,512,2.7191967964172363,4.185885429382324,2.7127246856689453,1.4666887521743774,,,,skipped_reorder_filter,,,,,nan,,,,,,,,,,,,,,,7.360160064697266,True,False,1.9073486328125e-06,7.6893264593556525,7.3340826416015625,0.3291663946583867,False,0.5443760843694353,0.36987920892537973,0.00412310562561766
synth_community_nc50,Community,200000,1098216,64,0.30336320400238037,1.6082760095596313,0.2973286509513855,1.304912805557251,,,,skipped_reorder_filter,,,,,nan,,,,,,,,,,,,,,,0.9711039960384369,True,False,1.6689300537109375e-06,1.2824782878160477,0.9417984008789062,0.3113742917776108,False,1.2540376120506411,0.3157030747492373,0.004242640687119285
synth_community_nc50,Community,200000,1098216,128,0.7032831907272339,1.9462133646011353,0.6968422532081604,1.2429301738739014,,,,skipped_reorder_filter,,,,,nan,,,,,,,,,,,,,,,1.8940799832344055,True,False,1.9073486328125e-06,2.2099859043955803,1.868170166015625,0.3159059211611748,False,0.8806451483379096,0.3730079121723498,0.004242640687119285
synth_community_nc50,Community,200000,1098216,256,1.3887487649917603,2.7160353660583496,1.3815193176269531,1.3272866010665894,,,,skipped_reorder_filter,,,,,nan,,,,,,,,,,,,,,,3.8012192249298096,True,False,1.9073486328125e-06,4.1298717157915235,3.7264895629882813,0.3286524908617139,False,0.6576561096735664,0.37072942088669353,0.004242640687119285
synth_community_nc50,Community,200000,1098216,512,2.759065628051758,4.268924236297607,2.7509403228759766,1.50985848903656,,,,skipped_reorder_filter,,,,,nan,,,,,,,,,,,,,,,7.463577651977539,True,False,1.9073486328125e-06,7.796082756575197,7.452569580078125,0.3325051045976579,False,0.5475729760176298,0.36912641919233696,0.004242640687119285
synth_community_nc500,Community,200000,1100450,64,0.29726719856262207,1.603223443031311,0.2917324900627136,1.305956244468689,,,,skipped_reorder_filter,,,,,nan,,,,,,,,,,,,,,,0.964710408449173,True,False,1.1920928955078125e-06,1.2766661947593092,0.9340876770019532,0.3119557863101363,False,1.255789061864811,0.31231810165728546,0.004242640687119285
synth_community_nc500,Community,200000,1100450,128,0.6900736093521118,1.9352878332138062,0.6852300763130188,1.2452142238616943,,,,skipped_reorder_filter,,,,,nan,,,,,,,,,,,,,,,1.883129596710205,True,False,1.430511474609375e-06,2.19918629899621,1.857111053466797,0.316056702286005,False,0.8800017688802185,0.3689763598325758,0.004242640687119285
synth_community_nc500,Community,200000,1100450,256,1.369088053703308,2.7079997062683105,1.3618687391281128,1.338911771774292,,,,skipped_reorder_filter,,,,,nan,,,,,,,,,,,,,,,3.7321184158325194,True,False,1.9073486328125e-06,4.057257306016981,3.6998910522460937,0.32513889018446207,False,0.6674458881994744,0.3680834705393184,0.004242640687119285
synth_community_nc500,Community,200000,1100450,512,2.7202303409576416,4.2455644607543945,2.713738203048706,1.525334358215332,,,,skipped_reorder_filter,,,,,nan,,,,,,,,,,,,,,,7.417459201812744,True,False,1.9073486328125e-06,7.749861895851791,7.4022607421875,0.33240269403904676,False,0.5478245313025365,0.36660937753548356,0.004242640687119285
synth_dense_small_d120,Dense Small,10000,1200000,64,0.16517120599746704,1.3943791389465332,0.1440921574831009,1.229207992553711,,,,nonzero_returncode,returncode=1 detail=Exp_Edges:	17599872,,,,nan,,,,DTC_IDENTITY_ORDER,0.0,identity-v1,,,,,,,,,0.24985920190811156,True,False,1.71661376953125e-05,0.6004869124852121,0.20937728881835938,0.3506277105771005,False,2.3220808146769922,0.6881938260653707,0.010954451150103323
synth_dense_small_d120,Dense Small,10000,1200000,128,0.2792448103427887,1.44670832157135,0.2707200050354004,1.1674635410308838,,,,nonzero_returncode,returncode=1 detail=Exp_Edges:	17599872,,,,nan,,,,DTC_IDENTITY_ORDER,0.0,identity-v1,,,,,,,,,0.46567040085792544,True,False,1.621246337890625e-05,0.8435192849487066,0.4261478424072266,0.3778488840907812,False,1.71508624329712,0.6352724995770377,0.010954451150103323
synth_dense_small_d120,Dense Small,10000,1200000,256,0.5488352179527283,1.7492711544036865,0.544834554195404,1.2004358768463135,,,,nonzero_returncode,returncode=1 detail=Exp_Edges:	17599872,,,,nan,,,,DTC_IDENTITY_ORDER,0.0,identity-v1,,,,,,,,,0.8996928036212921,True,False,1.71661376953125e-05,1.257253395859152,0.8555315399169922,0.35756059223785996,False,1.3913433522351404,0.6368374849725196,0.010954451150103323
synth_dense_small_d120,Dense Small,10000,1200000,512,1.088819146156311,2.276548385620117,1.0915071964263916,1.1877292394638062,,,,nonzero_returncode,returncode=1 detail=Exp_Edges:	17599872,,,,nan,,,,DTC_IDENTITY_ORDER,0.0,identity-v1,,,,,,,,,1.745631992816925,True,False,1.9073486328125e-05,2.082351204007864,1.7000038146972656,0.33671921119093895,False,1.0932586113420664,0.6420616159739416,0.010954451150103323
synth_dense_small_d30,Dense Small,10000,300000,64,0.05056639760732651,1.2484288215637207,0.044702719897031784,1.1978623867034912,,,,nonzero_returncode,returncode=1 detail=Exp_Edges:	4725888,,,,nan,,,,DTC_IDENTITY_ORDER,0.0,identity-v1,,,,,,,,,0.1033215992152691,True,False,3.814697265625e-06,0.4107534861192107,0.06646783828735352,0.30743188690394163,False,3.0393626925941564,0.6725466187688118,0.005477225575051661
synth_dense_small_d30,Dense Small,10000,300000,128,0.08493760228157043,1.2868502140045166,0.07773184031248093,1.2019126415252686,,,,nonzero_returncode,returncode=1 detail=Exp_Edges:	4725888,,,,nan,,,,DTC_IDENTITY_ORDER,0.0,identity-v1,,,,,,,,,0.1682879999279976,True,False,4.76837158203125e-06,0.4774337066337466,0.1281382369995117,0.30914570670574903,False,2.6953484769178586,0.6066248618105862,0.005477225575051661
synth_dense_small_d30,Dense Small,10000,300000,256,0.17130880057811737,1.3902782201766968,0.1521356701850891,1.218969464302063,,,,nonzero_returncode,returncode=1 detail=Exp_Edges:	4725888,,,,nan,,,,DTC_IDENTITY_ORDER,0.0,identity-v1,,,,,,,,,0.2934816002845764,True,False,4.76837158203125e-06,0.5704429874196648,0.25926143646240235,0.27696138713508844,False,2.4371904832513853,0.5868040857173588,0.005477225575051661
synth_dense_small_d30,Dense Small,10000,300000,512,0.325107216835022,1.5861824750900269,0.31380993127822876,1.2610752582550049,,,,nonzero_returncode,returncode=1 detail=Exp_Edges:	4725888,,,,nan,,,,DTC_IDENTITY_ORDER,0.0,identity-v1,,,,,,,,,0.5507968008518219,True,False,4.76837158203125e-06,0.8358724988996983,0.5165311813354492,0.28507569804787636,False,1.897636873061382,0.6075333738166567,0.005477225575051661
synth_dense_small_d50,Dense Small,10000,500000,64,0.07065600156784058,1.1222784519195557,0.06688767671585083,1.0516223907470703,,,,nonzero_returncode,returncode=1 detail=Exp_Edges:	7740928,,,,nan,,,,DTC_IDENTITY_ORDER,0.0,identity-v1,,,,,,,,,0.1453695997595787,True,False,5.7220458984375e-06,0.4337671624496579,0.11210751533508301,0.2883975626900792,False,2.587283107327897,0.5966386509943367,0.007071067811865475
synth_dense_small_d50,Dense Small,10000,500000,128,0.1348607987165451,1.320769190788269,0.11930111795663834,1.1859084367752075,,,,nonzero_returncode,returncode=1 detail=Exp_Edges:	7740928,,,,nan,,,,DTC_IDENTITY_ORDER,0.0,identity-v1,,,,,,,,,0.28828479945659635,True,False,6.67572021484375e-06,0.6258077885955572,0.2225766372680664,0.33752298913896084,False,2.1105029609048964,0.5360001814249475,0.007071067811865475
synth_dense_small_d50,Dense Small,10000,500000,256,0.2611199915409088,1.5605889558792114,0.24334847927093506,1.299468994140625,,,,nonzero_returncode,returncode=1 detail=Exp_Edges:	7740928,,,,nan,,,,DTC_IDENTITY_ORDER,0.0,identity-v1,,,,,,,,,0.49188160002231596,True,False,7.62939453125e-06,0.8249614936299622,0.4499148941040039,0.3330798936076462,False,1.891711271289004,0.5408766912585956,0.007071067811865475
synth_dense_small_d50,Dense Small,10000,500000,512,0.49899521470069885,1.73154616355896,0.4902656078338623,1.2325509786605835,,,,nonzero_returncode,returncode=1 detail=Exp_Edges:	7740928,,,,nan,,,,DTC_IDENTITY_ORDER,0.0,identity-v1,,,,,,,,,0.9589376032352448,True,False,9.5367431640625e-06,1.2666712037287653,0.902666244506836,0.3077336004935205,False,1.3670052326615765,0.5431305433402074,0.007071067811865475
synth_dense_small_d70,Dense Small,10000,700000,64,0.09277120232582092,1.2378764152526855,0.08695296198129654,1.145105242729187,,,,nonzero_returncode,returncode=1 detail=Exp_Edges:	10666112,,,,nan,,,,DTC_IDENTITY_ORDER,0.0,identity-v1,,,,,,,,,0.1863200008869171,True,False,9.5367431640625e-06,0.5045865337364376,0.14320639610290528,0.31826653284952044,False,2.4532490117924346,0.6071863013633404,0.008366600265340756
synth_dense_small_d70,Dense Small,10000,700000,128,0.17756159603595734,1.3704913854599,0.16439807415008545,1.192929744720459,,,,nonzero_returncode,returncode=1 detail=Exp_Edges:	10666112,,,,nan,,,,DTC_IDENTITY_ORDER,0.0,identity-v1,,,,,,,,,0.33055360019207003,True,False,9.5367431640625e-06,0.6503478862345219,0.2864947128295898,0.31979428604245186,False,2.10732042721776,0.5738258571210395,0.008366600265340756
synth_dense_small_d70,Dense Small,10000,700000,256,0.34005120396614075,1.5087014436721802,0.32672256231307983,1.1686502695083618,,,,nonzero_returncode,returncode=1 detail=Exp_Edges:	10666112,,,,nan,,,,DTC_IDENTITY_ORDER,0.0,identity-v1,,,,,,,,,0.6301663994789124,True,False,1.1444091796875e-05,0.9298686931841076,0.5747200012207031,0.2997022937051952,False,1.622488696233015,0.5684899805455219,0.008366600265340756
synth_dense_small_d70,Dense Small,10000,700000,512,0.663856029510498,1.8984267711639404,0.6612838506698608,1.2345707416534424,,,,nonzero_returncode,returncode=1 detail=Exp_Edges:	10666112,,,,nan,,,,DTC_IDENTITY_ORDER,0.0,identity-v1,,,,,,,,,1.2059903979301452,True,False,1.049041748046875e-05,1.5092461994849145,1.1532032012939453,0.3032558015547693,False,1.2578642051984945,0.5734322016517739,0.008366600265340756
synth_dense_small_d90,Dense Small,10000,900000,64,0.12337920069694519,1.3160797357559204,0.10817024111747742,1.1927005052566528,,,,nonzero_returncode,returncode=1 detail=Exp_Edges:	13496832,,,,nan,,,,DTC_IDENTITY_ORDER,0.0,identity-v1,,,,,,,,,0.21044160127639772,True,False,1.1444091796875e-05,0.5642577878199517,0.16293376922607422,0.35381618654355407,False,2.3324086333671774,0.663890865787244,0.009486832980505138
synth_dense_small_d90,Dense Small,10000,900000,128,0.2215712070465088,1.4363142251968384,0.20949505269527435,1.2147430181503296,,,,nonzero_returncode,returncode=1 detail=Exp_Edges:	13496832,,,,nan,,,,DTC_IDENTITY_ORDER,0.0,identity-v1,,,,,,,,,0.37728639841079714,True,False,1.33514404296875e-05,0.7367040012963116,0.3336550521850586,0.3594176028855145,False,1.9496490078369137,0.6278791564021633,0.009486832980505138
synth_dense_small_d90,Dense Small,10000,900000,256,0.42808640003204346,1.6159740686416626,0.41772034764289856,1.1878876686096191,,,,nonzero_returncode,returncode=1 detail=Exp_Edges:	13496832,,,,nan,,,,DTC_IDENTITY_ORDER,0.0,identity-v1,,,,,,,,,0.7201503992080689,True,False,1.1444091796875e-05,1.0508568987250329,0.672906265258789,0.33070649951696396,False,1.5377679592742515,0.6207704835119197,0.009486832980505138
synth_dense_small_d90,Dense Small,10000,900000,512,0.8438783884048462,2.081031084060669,0.8458546996116638,1.2371526956558228,,,,nonzero_returncode,returncode=1 detail=Exp_Edges:	13496832,,,,nan,,,,DTC_IDENTITY_ORDER,0.0,identity-v1,,,,,,,,,1.395033609867096,True,False,1.33514404296875e-05,1.7186360273510217,1.3374566650390625,0.3236024174839258,False,1.2108620155416014,0.6324352195642611,0.009486832980505138
synth_mixed_v1,Mixed/Irregular,200000,4001390,64,1.3112319707870483,2.5254392623901367,1.3046835660934448,1.2142072916030884,,,,skipped_reorder_filter,,,,,nan,,,,,,,,,,,,,,,3.3031872272491456,True,False,3.0517578125e-05,3.996322237327695,3.2520294189453125,0.6931350100785494,False,0.6319408477127398,0.4011905791788856,0.01549193338482967
synth_mixed_v1,Mixed/Irregular,200000,4001390,128,2.697932720184326,3.9266457557678223,2.6906368732452393,1.2287131547927856,,,,skipped_reorder_filter,,,,,nan,,,,,,,,,,,,,,,6.562947225570679,True,False,2.6702880859375e-05,7.238601718377322,6.499896240234375,0.6756544928066432,False,0.5424591528221363,0.41395074225803635,0.01549193338482967
synth_mixed_v1,Mixed/Irregular,200000,4001390,256,5.362483024597168,6.676706790924072,5.355976104736328,1.3142237663269043,,,,skipped_reorder_filter,,,,,nan,,,,,,,,,,,,,,,13.053190422058105,True,False,3.0517578125e-05,13.737205222994088,13.017154541015625,0.6840148009359837,False,0.48603094170481154,0.41145521379962385,0.01549193338482967
synth_mixed_v1,Mixed/Irregular,200000,4001390,512,10.714828491210938,12.218883514404297,10.706084251403809,1.5040546655654907,,,,skipped_reorder_filter,,,,,nan,,,,,,,,,,,,,,,26.11197452545166,True,False,3.0517578125e-05,26.80754233635962,26.063544921875,0.6955678109079599,False,0.4558002132792149,0.41076853833563703,0.01549193338482967
synth_mixed_v2,Mixed/Irregular,200000,5457270,64,1.704755187034607,2.9212303161621094,1.6993484497070312,1.2164751291275024,,,,skipped_reorder_filter,,,,,nan,,,,,,,,,,,,,,,4.115673494338989,True,False,5.7220458984375e-05,4.99908655397594,4.0589773559570315,0.8834130596369505,False,0.5843528181841056,0.41866418574940695,0.018973665961010275
synth_mixed_v2,Mixed/Irregular,200000,5457270,128,3.5230720043182373,4.826896667480469,3.513763666152954,1.3038244247436523,,,,skipped_reorder_filter,,,,,nan,,,,,,,,,,,,,,,8.154140663146972,True,False,5.340576171875e-05,9.02336494186893,8.101253051757812,0.8692242787219584,False,0.5349331096078572,0.43373088628438,0.018973665961010275
synth_mixed_v2,Mixed/Irregular,200000,5457270,256,7.03607702255249,8.349581718444824,7.027261257171631,1.3135044574737549,,,,skipped_reorder_filter,,,,,nan,,,,,,,,,,,,,,,16.280563354492188,True,False,6.103515625e-05,17.15062491549179,16.211256103515623,0.8700615609996021,False,0.4868383373542749,0.43348036773336013,0.018973665961010275
synth_mixed_v2,Mixed/Irregular,200000,5457270,512,14.060118675231934,15.556143760681152,14.054496765136719,1.4960254430770874,,,,skipped_reorder_filter,,,,,nan,,,,,,,,,,,,,,,32.49055366516113,True,False,4.9591064453125e-05,33.382207870204,32.465126953125,0.8916542050428689,False,0.46600104526238123,0.43291057464304394,0.018973665961010275
synth_mixed_v3,Mixed/Irregular,200000,5576937,64,1.7668095827102661,2.9626998901367188,1.760358452796936,1.1958903074264526,,,,skipped_reorder_filter,,,,,nan,,,,,,,,,,,,,,,3.9031519889831543,True,False,3.0517578125e-05,4.809565992094576,3.8450482177734373,0.9064140031114221,False,0.616001505126756,0.45782480559276617,0.017320508075688777
synth_mixed_v3,Mixed/Irregular,200000,5576937,128,3.657388687133789,4.953498840332031,3.6484506130218506,1.2961101531982422,,,,skipped_reorder_filter,,,,,nan,,,,,,,,,,,,,,,7.750831985473633,True,False,3.4332275390625e-05,8.643677095975727,7.68996337890625,0.892845110502094,False,0.5730777289954818,0.4744431713458657,0.017320508075688777
synth_mixed_v3,Mixed/Irregular,200000,5576937,256,7.274598121643066,8.612159729003906,7.263953685760498,1.3375611305236816,,,,skipped_reorder_filter,,,,,nan,,,,,,,,,,,,,,,15.463724708557129,True,False,3.4332275390625e-05,16.369746124278755,15.39788818359375,0.9060214157216251,False,0.5261022170790297,0.471749995788393,0.017320508075688777
synth_mixed_v3,Mixed/Irregular,200000,5576937,512,14.529229164123535,15.99793529510498,14.522039413452148,1.468706488609314,,,,skipped_reorder_filter,,,,,nan,,,,,,,,,,,,,,,30.88096981048584,True,False,3.814697265625e-05,31.797848398517818,30.83631103515625,0.9168785880319774,False,0.5031137671519526,0.4709395814854662,0.017320508075688777
synth_mixed_v4,Mixed/Irregular,200000,7410217,64,2.243839979171753,3.4269394874572754,2.237480878829956,1.183099627494812,,,,skipped_reorder_filter,,,,,nan,,,,,,,,,,,,,,,5.224633646011353,True,False,5.340576171875e-05,6.382960615027696,5.19035400390625,1.1583269690163434,False,0.5368887095102977,0.431084445713343,0.021908902300206645
synth_mixed_v4,Mixed/Irregular,200000,7410217,128,4.651519775390625,5.874785900115967,4.644710540771484,1.2232662439346313,,,,skipped_reorder_filter,,,,,nan,,,,,,,,,,,,,,,10.422316741943359,True,False,6.103515625e-05,11.569521845132112,10.35610107421875,1.1472051031887531,False,0.5077812185114451,0.4484999236183947,0.021908902300206645
synth_mixed_v4,Mixed/Irregular,200000,7410217,256,9.255571365356445,10.559976577758789,9.248246192932129,1.3044053316116333,,,,skipped_reorder_filter,,,,,nan,,,,,,,,,,,,,,,20.791382598876954,True,False,6.4849853515625e-05,21.924651100020856,20.73535888671875,1.1332685011439025,False,0.48164855757949754,0.4460133168399484,0.021908902300206645
synth_mixed_v4,Mixed/Irregular,200000,7410217,512,18.519821166992188,19.97588539123535,18.514062881469727,1.4560645818710327,,,,skipped_reorder_filter,,,,,nan,,,,,,,,,,,,,,,41.554678726196286,True,False,6.4849853515625e-05,42.71834230162203,41.523388671875,1.163663575425744,False,0.4676184588388595,0.44587071223331637,0.021908902300206645
synth_mixed_v5,Mixed/Irregular,200000,7276677,64,2.224822521209717,3.4332053661346436,2.2177023887634277,1.2083828449249268,,,,skipped_reorder_filter,,,,,nan,,,,,,,,,,,,,,,4.896431970596313,True,False,4.1961669921875e-05,6.054335071425885,4.856243286132813,1.1579031008295715,False,0.5670656357191135,0.4566703639202264,0.020493901531919198
synth_mixed_v5,Mixed/Irregular,200000,7276677,128,4.605542182922363,5.871473789215088,4.598184585571289,1.265931487083435,,,,skipped_reorder_filter,,,,,nan,,,,,,,,,,,,,,,9.751919937133788,True,False,4.57763671875e-05,10.895555408950894,9.696875610351562,1.143635471817106,False,0.5388870570463592,0.47419238632520533,0.020493901531919198
synth_mixed_v5,Mixed/Irregular,200000,7276677,256,9.180262565612793,10.494041442871094,9.173944473266602,1.3137792348861694,,,,skipped_reorder_filter,,,,,nan,,,,,,,,,,,,,,,19.47835178375244,True,False,5.7220458984375e-05,20.611342587787657,19.415413818359376,1.1329908040352166,False,0.5091391498722104,0.4725083152537106,0.020493901531919198
synth_mixed_v5,Mixed/Irregular,200000,7276677,512,18.368253707885742,19.87513542175293,18.361759185791016,1.5068814754486084,,,,skipped_reorder_filter,,,,,nan,,,,,,,,,,,,,,,38.941580581665036,True,False,5.7220458984375e-05,40.09115367727354,38.89740234375,1.1495730956085026,False,0.49574865272633806,0.47205618060357096,0.020493901531919198
synth_sparse_skewed_cv1p5,Sparse Skewed,200000,3622709,64,1.219155192375183,2.4481821060180664,1.2129381895065308,1.2290270328521729,,,,skipped_reorder_filter,,,,,nan,,,,,,,,,,,,,,,2.6073312044143675,True,False,9.5367431640625e-06,3.287904186360538,2.5536819458007813,0.6805729819461703,False,0.7446026305067057,0.4749762167920166,0.007745966692414835
synth_sparse_skewed_cv1p5,Sparse Skewed,200000,3622709,128,2.5111265182495117,3.7933695316314697,2.500659227371216,1.282243013381958,,,,skipped_reorder_filter,,,,,nan,,,,,,,,,,,,,,,5.185145664215088,True,False,9.5367431640625e-06,5.852311442792415,5.124786987304687,0.6671657785773277,False,0.6481831270793533,0.48795378882399243,0.007745966692414835
synth_sparse_skewed_cv1p5,Sparse Skewed,200000,3622709,256,4.992511749267578,6.326502323150635,4.9838643074035645,1.333990454673767,,,,skipped_reorder_filter,,,,,nan,,,,,,,,,,,,,,,10.312867259979248,True,False,7.62939453125e-06,10.989220267999917,10.276295166015625,0.6763530080206692,False,0.5757007475383041,0.4849864885046828,0.007745966692414835
synth_sparse_skewed_cv1p5,Sparse Skewed,200000,3622709,512,9.986595153808594,11.511258125305176,9.976545333862305,1.5246626138687134,,,,skipped_reorder_filter,,,,,nan,,,,,,,,,,,,,,,20.625225830078126,True,False,9.5367431640625e-06,21.299095629435033,20.5851904296875,0.6738697993569076,False,0.540457600903805,0.48464673513412604,0.007745966692414835
synth_sparse_skewed_cv2p0,Sparse Skewed,200000,6166484,64,1.9303935766220093,3.121736526489258,1.9227904081344604,1.191343069076538,,,,skipped_reorder_filter,,,,,nan,,,,,,,,,,,,,,,3.8543007612228393,True,False,1.33514404296875e-05,4.898912545386702,3.8040985107421874,1.0446117841638625,False,0.6372305072947244,0.5054523174688554,0.01
synth_sparse_skewed_cv2p0,Sparse Skewed,200000,6166484,128,4.017555236816406,5.295589447021484,4.00978946685791,1.2780343294143677,,,,skipped_reorder_filter,,,,,nan,,,,,,,,,,,,,,,7.6913024425506595,True,False,1.71661376953125e-05,8.708118438813836,7.633745727539062,1.0168159962631762,False,0.6081209717380481,0.5252715521283902,0.01
synth_sparse_skewed_cv2p0,Sparse Skewed,200000,6166484,256,8.005523681640625,9.375130653381348,7.997931480407715,1.3696067333221436,,,,skipped_reorder_filter,,,,,nan,,,,,,,,,,,,,,,15.379823875427245,True,False,1.33514404296875e-05,16.410835474543273,15.319193115234375,1.0310115991160274,False,0.5712768656979218,0.5220856882112195,0.01
synth_sparse_skewed_cv2p0,Sparse Skewed,200000,6166484,512,16.035263061523438,17.536535263061523,16.02495574951172,1.5012720823287964,,,,skipped_reorder_filter,,,,,nan,,,,,,,,,,,,,,,30.749161529541016,True,False,1.71661376953125e-05,31.807249935530127,30.70075439453125,1.0580884059891105,False,0.551337676114917,0.5219727028064906,0.01
synth_sparse_skewed_cv2p5,Sparse Skewed,200000,10306672,64,3.0736353397369385,4.316564083099365,3.0659072399139404,1.2429288625717163,,,,skipped_reorder_filter,,,,,nan,,,,,,,,,,,,,,,5.839929533004761,True,False,1.71661376953125e-05,7.5186474959366025,5.80305908203125,1.6787179629318416,False,0.5741144381928027,0.5283260426224676,0.012649110640673518
synth_sparse_skewed_cv2p5,Sparse Skewed,200000,10306672,128,6.397337436676025,7.657989978790283,6.391193866729736,1.2606525421142578,,,,skipped_reorder_filter,,,,,nan,,,,,,,,,,,,,,,11.700144004821777,True,False,2.47955322265625e-05,13.354934614431112,11.6454345703125,1.6547906096093357,False,0.5734202525046578,0.5488154029925765,0.012649110640673518
synth_sparse_skewed_cv2p5,Sparse Skewed,200000,10306672,256,12.738128662109375,14.074251174926758,12.730900764465332,1.3361221551895142,,,,skipped_reorder_filter,,,,,nan,,,,,,,,,,,,,,,23.43723201751709,True,False,2.09808349609375e-05,25.08733904082328,23.37345947265625,1.650107023306191,False,0.5610101235537369,0.5446733625101045,0.012649110640673518
synth_sparse_skewed_cv2p5,Sparse Skewed,200000,10306672,512,25.492656707763672,26.994903564453125,25.483137130737305,1.5022478103637695,,,,skipped_reorder_filter,,,,,nan,,,,,,,,,,,,,,,46.92031631469727,True,False,2.193450927734375e-05,48.58957541631535,46.852734375,1.6692591016180813,False,0.5555698590317134,0.5438986106291114,0.012649110640673518
synth_sparse_skewed_cv3p0,Sparse Skewed,200000,16207364,64,4.687094688415527,5.964846611022949,4.681400299072266,1.2777520418167114,,,,skipped_reorder_filter,,,,,nan,,,,,,,,,,,,,,,8.616070365905761,True,False,3.4332275390625e-05,11.325243940018117,8.578569946289063,2.7091735741123557,False,0.5266859277040356,0.5457087053416585,0.01549193338482967
synth_sparse_skewed_cv3p0,Sparse Skewed,200000,16207364,128,9.760704040527344,11.0067720413208,9.754383087158203,1.2460683584213257,,,,skipped_reorder_filter,,,,,nan,,,,,,,,,,,,,,,17.259584045410158,True,False,2.86102294921875e-05,19.998275958374144,17.214730224609376,2.7386919129639864,False,0.5503860464887619,0.566630029044184,0.01549193338482967
synth_sparse_skewed_cv3p0,Sparse Skewed,200000,16207364,256,19.439769744873047,20.81954574584961,19.427614212036133,1.379776954650879,,,,skipped_reorder_filter,,,,,nan,,,,,,,,,,,,,,,34.61562881469727,True,False,3.4332275390625e-05,37.37153431624174,34.544716796875,2.7559055015444756,False,0.5570963602851434,0.5623903164779629,0.01549193338482967
synth_sparse_skewed_cv3p0,Sparse Skewed,200000,16207364,512,38.93529510498047,40.410682678222656,38.92900466918945,1.475388526916504,,,,skipped_reorder_filter,,,,,nan,,,,,,,,,,,,,,,69.32890853881835,True,False,3.4332275390625e-05,72.09303092481568,69.2555712890625,2.764122385997325,False,0.5605352162314567,0.5621064694810697,0.01549193338482967
synth_sparse_skewed_cv4p0,Sparse Skewed,200000,25191428,64,7.120588779449463,8.372991561889648,7.1196417808532715,1.252402663230896,,,,skipped_reorder_filter,,,,,nan,,,,,,,,,,,,,,,12.837446403503417,True,False,4.76837158203125e-05,17.259720705263316,12.79298583984375,4.422274301759899,False,0.4851174422154075,0.556526980486381,0.018973665961010275
synth_sparse_skewed_cv4p0,Sparse Skewed,200000,25191428,128,14.826905250549316,16.102487564086914,14.821043968200684,1.2755831480026245,,,,skipped_reorder_filter,,,,,nan,,,,,,,,,,,,,,,25.715660667419435,True,False,4.9591064453125e-05,30.15587667739019,25.667568359375,4.440216009970754,False,0.5339751099380238,0.5774229861079669,0.018973665961010275
synth_sparse_skewed_cv4p0,Sparse Skewed,200000,25191428,256,29.575475692749023,30.928613662719727,29.567184448242188,1.353137731552124,,,,skipped_reorder_filter,,,,,nan,,,,,,,,,,,,,,,51.633334732055665,True,False,4.9591064453125e-05,56.0848015261814,51.57828125,4.451466794125736,False,0.5514615871161047,0.5732487343835674,0.018973665961010275
synth_sparse_skewed_cv4p0,Sparse Skewed,200000,25191428,512,59.14132308959961,60.64907455444336,59.133914947509766,1.507750153541565,,,,skipped_reorder_filter,,,,,nan,,,,,,,,,,,,,,,103.38491134643554,True,False,5.7220458984375e-05,107.8614189482294,103.377080078125,4.476507601793855,False,0.5622870081428587,0.5720215245276862,0.018973665961010275
synth_sparse_uniform_d12,Sparse Uniform,300000,3600000,64,1.3236863613128662,2.548766613006592,1.3172122240066528,1.2250802516937256,,,,skipped_reorder_filter,,,,,nan,,,,,,,,,,,,,,,2.004329597949982,True,False,0.0,2.655239187553525,1.9532595825195314,0.6509095896035433,False,0.9599009478897325,0.674366190646082,0.0034641016151377543
synth_sparse_uniform_d12,Sparse Uniform,300000,3600000,128,2.6470143795013428,3.941526174545288,2.6388683319091797,1.2945117950439453,,,,skipped_reorder_filter,,,,,nan,,,,,,,,,,,,,,,3.965792012214661,True,False,0.0,4.61990998480469,3.9117108154296876,0.6541179725900292,False,0.853160816446496,0.6746072131662191,0.0034641016151377543
synth_sparse_uniform_d12,Sparse Uniform,300000,3600000,256,5.267763137817383,6.665085315704346,5.2601447105407715,1.397322177886963,,,,skipped_reorder_filter,,,,,nan,,,,,,,,,,,,,,,7.891110372543335,True,False,0.0,8.548425296135246,7.84373779296875,0.6573149235919118,False,0.7796857415034836,0.6706171023789255,0.0034641016151377543
synth_sparse_uniform_d12,Sparse Uniform,300000,3600000,512,10.515522956848145,12.134854316711426,10.50758171081543,1.6193312406539917,,,,skipped_reorder_filter,,,,,nan,,,,,,,,,,,,,,,15.728911972045898,True,False,0.0,16.392554289568217,15.684034423828125,0.6636423175223172,False,0.7402662271146921,0.6699540071686965,0.0034641016151377543
synth_sparse_uniform_d18,Sparse Uniform,300000,5400000,64,1.9175039529800415,3.1766176223754883,1.9095910787582397,1.2591135501861572,,,,skipped_reorder_filter,,,,,nan,,,,,,,,,,,,,,,2.7658559799194338,True,False,2.86102294921875e-06,3.709169809985906,2.72616455078125,0.9433138300664723,False,0.8564228075574568,0.700468017681104,0.004242640687119285
synth_sparse_uniform_d18,Sparse Uniform,300000,5400000,128,3.873548746109009,5.170237064361572,3.8652260303497314,1.296688199043274,,,,skipped_reorder_filter,,,,,nan,,,,,,,,,,,,,,,5.514355134963989,True,False,2.86102294921875e-06,6.436099720466882,5.472455444335938,0.9217445855028927,False,0.8033183587756029,0.7063056190526485,0.004242640687119285
synth_sparse_uniform_d18,Sparse Uniform,300000,5400000,256,7.710483074188232,9.12724494934082,7.699650287628174,1.416762351989746,,,,skipped_reorder_filter,,,,,nan,,,,,,,,,,,,,,,11.031574153900147,True,False,3.814697265625e-06,11.966480434499681,10.970946044921876,0.9349062805995345,False,0.7627342892757949,0.7018219081655326,0.004242640687119285
synth_sparse_uniform_d18,Sparse Uniform,300000,5400000,512,15.40106201171875,17.05106544494629,15.392486572265625,1.6500041484832764,,,,skipped_reorder_filter,,,,,nan,,,,,,,,,,,,,,,21.984735870361327,True,False,3.814697265625e-06,22.963925561495124,21.968701171875,0.9791896911337972,False,0.7425152724557141,0.7006552846178978,0.004242640687119285
synth_sparse_uniform_d3,Sparse Uniform,300000,900000,64,0.48261120915412903,1.7318997383117676,0.47536641359329224,1.249288558959961,,,,skipped_reorder_filter,,,,,nan,,,,,,,,,,,,,,,1.415065598487854,True,False,0.0,1.73747489862144,1.3856716918945313,0.32240930013358593,False,0.9967912282853146,0.3430584722008409,0.0017320508075688772
synth_sparse_uniform_d3,Sparse Uniform,300000,900000,128,0.9434112310409546,2.2052831649780273,0.9359359741210938,1.2618720531463623,,,,skipped_reorder_filter,,,,,nan,,,,,,,,,,,,,,,2.7862367630004883,True,False,0.0,3.0967258675955236,2.7568536376953126,0.3104891045950353,False,0.7121338017208273,0.33949425581530757,0.0017320508075688772
synth_sparse_uniform_d3,Sparse Uniform,300000,900000,256,1.8655872344970703,3.2397093772888184,1.8571929931640625,1.3741220235824585,,,,skipped_reorder_filter,,,,,nan,,,,,,,,,,,,,,,5.573289585113526,True,False,0.0,5.897845292743296,5.53218017578125,0.32455570762977004,False,0.5493038926054833,0.33570724997252843,0.0017320508075688772
synth_sparse_uniform_d3,Sparse Uniform,300000,900000,512,3.7102112770080566,5.400483131408691,3.7008588314056396,1.6902717351913452,,,,skipped_reorder_filter,,,,,nan,,,,,,,,,,,,,,,11.032758331298828,True,False,0.0,11.376248653419315,11.061043701171876,0.3434903221204877,False,0.4747156374597604,0.334584957024765,0.0017320508075688772
synth_sparse_uniform_d5,Sparse Uniform,300000,1500000,64,0.6821888089179993,1.9489030838012695,0.6753791570663452,1.266714334487915,,,,skipped_reorder_filter,,,,,nan,,,,,,,,,,,,,,,1.4394752025604247,True,False,9.5367431640625e-07,1.7938866090029477,1.4147482299804688,0.354411406442523,False,1.0864137532552745,0.47738469838952835,0.00223606797749979
synth_sparse_uniform_d5,Sparse Uniform,300000,1500000,128,1.3478080034255981,2.6266465187072754,1.3401395082473755,1.2788383960723877,,,,skipped_reorder_filter,,,,,nan,,,,,,,,,,,,,,,2.844979190826416,True,False,9.5367431640625e-07,3.2028962118551134,2.8176690673828126,0.3579170210286975,False,0.8200848060530581,0.4756199100031864,0.00223606797749979
synth_sparse_uniform_d5,Sparse Uniform,300000,1500000,256,2.6788864135742188,4.049862861633301,2.670499801635742,1.3709766864776611,,,,skipped_reorder_filter,,,,,nan,,,,,,,,,,,,,,,5.661007976531982,True,False,9.5367431640625e-07,6.026231095101684,5.6567449951171875,0.3652231185697019,False,0.672039090058322,0.472091247517941,0.00223606797749979
synth_sparse_uniform_d5,Sparse Uniform,300000,1500000,512,5.329792022705078,6.9563822746276855,5.32283878326416,1.6265902519226074,,,,skipped_reorder_filter,,,,,nan,,,,,,,,,,,,,,,11.35387201309204,True,False,9.5367431640625e-07,11.728352245222776,11.306280517578125,0.3744802321307361,False,0.5931252855626994,0.4707860180002278,0.00223606797749979
synth_sparse_uniform_d8,Sparse Uniform,300000,2400000,64,0.9447424411773682,2.174269914627075,0.9362432360649109,1.229527473449707,,,,skipped_reorder_filter,,,,,nan,,,,,,,,,,,,,,,1.662716794013977,True,False,0.0,2.1432053769938646,1.6058624267578125,0.4804885829798877,False,1.0144944287498863,0.5830158427426174,0.0028284271247461905
synth_sparse_uniform_d8,Sparse Uniform,300000,2400000,128,1.8777376413345337,3.1613924503326416,1.8693324327468872,1.283654808998108,,,,skipped_reorder_filter,,,,,nan,,,,,,,,,,,,,,,3.2407488107681273,True,False,0.0,3.7189429292455314,3.2118936157226563,0.4781941184774041,False,0.8500782374130165,0.5820032218988358,0.0028284271247461905
synth_sparse_uniform_d8,Sparse Uniform,300000,2400000,256,3.732332944869995,5.14510440826416,3.723125696182251,1.4127713441848755,,,,skipped_reorder_filter,,,,,nan,,,,,,,,,,,,,,,6.439081525802612,True,False,0.0,6.9245700187981125,6.441866455078125,0.48548849299550056,False,0.7430215008725103,0.5779576031488995,0.0028284271247461905
synth_sparse_uniform_d8,Sparse Uniform,300000,2400000,512,7.44087028503418,9.115094184875488,7.430881500244141,1.6742238998413086,,,,skipped_reorder_filter,,,,,nan,,,,,,,,,,,,,,,12.934671974182129,True,False,0.0,13.433231579512357,12.897684326171875,0.4985596053302288,False,0.6785481312461954,0.5761407483950787,0.0028284271247461905
twitter-combined,Sparse Skewed,81306,1768149,64,0.27658239006996155,1.5237737894058228,0.2685440182685852,1.2471914291381836,271.76495361328125,True,272.15960083007815,,,False,0.026572227478027344,269.8000885009766,269.8000885009766,32494.915957555175,272.15960083007815,32223.151003941894,DTC_IDENTITY_ORDER,0.0,identity-v1,32214.066011016257,False,4.689268288602976e-05,0.000986715212138519,0.5166264577664792,0.34713109915419565,nobal_float2_nonsplit,5,0.8233568012714386,True,False,8.392333984375e-05,1.3010145710781216,0.7671654510498047,0.47765776980668306,False,1.1712196183499357,0.35004706990011625,0.034713109915419565
twitter-combined,Sparse Skewed,81306,1768149,128,0.4762496054172516,1.7698904275894165,0.4734412729740143,1.2936408519744873,412.7668762207031,True,412.2834991455078,,,False,0.022271156311035156,413.1124206542969,413.1124206542969,79461.18884923402,412.2834991455078,79048.42197301332,DTC_IDENTITY_ORDER,0.0,identity-v1,79039.33670499828,False,2.227364645836755e-05,0.0011483391257599712,0.47343802326160883,0.34713109915419565,nobal_float4_nonsplit,7,1.5657984018325806,True,False,0.00011444091796875,2.0036921086721122,1.5066624450683594,0.43789370683953166,False,0.883314567107997,0.314231813850337,0.034713109915419565
twitter-combined,Sparse Skewed,81306,1768149,256,0.9115647673606873,2.237117052078247,0.917248010635376,1.3255523443222046,741.279541015625,True,739.401882019043,,,False,0.02398681640625,738.3511108398437,738.3511108398437,155111.20985805895,739.401882019043,154369.93031704333,DTC_IDENTITY_ORDER,0.0,identity-v1,154360.80207803752,False,1.4422665222748345e-05,0.001240527016418593,0.5499343242907987,0.34713109915419565,nobal_float4_split,7,3.019455981254578,True,False,0.00012969970703125,3.4515058950521054,2.9849343872070313,0.43204991379752755,False,0.6481568104186809,0.3072925202532289,0.034713109915419565
twitter-combined,Sparse Skewed,81306,1768149,512,1.785753607749939,3.171743392944336,1.8037657737731934,1.3859896659851074,,,,timeout,timed out after 600s,,,,nan,,,,DTC_IDENTITY_ORDER,0.0,identity-v1,,,,,,,,,5.984006404876709,True,False,0.00014495849609375,6.424186194315553,5.946214599609375,0.4401797894388437,False,0.49371909484050386,0.3033469013869241,0.034713109915419565
web-Google,Sparse Uniform,916428,5105039,64,1.8996864557266235,3.226132392883301,1.8924697637557983,1.3264460563659668,,,,skipped_reorder_filter,,,,,nan,,,,,,,,,,,,,,,5.666172790527344,True,False,3.4332275390625e-05,6.470482989400625,5.6297674560546875,0.8043101988732815,False,0.49859220682104666,0.3361541624104722,0.021354156504062624
web-Google,Sparse Uniform,916428,5105039,128,3.932492733001709,5.472829818725586,3.9198360443115234,1.5403368473052979,,,,skipped_reorder_filter,,,,,nan,,,,,,,,,,,,,,,11.331065654754639,True,False,3.4332275390625e-05,12.162743349559605,11.252423095703126,0.8316776948049664,False,0.4499667271959454,0.3483548397507698,0.021354156504062624
web-Google,Sparse Uniform,916428,5105039,256,7.882854461669922,9.788841247558594,7.872598648071289,1.9059869050979614,,,,skipped_reorder_filter,,,,,nan,,,,,,,,,,,,,,,22.6017183303833,True,False,3.4332275390625e-05,23.43648406965658,22.55953369140625,0.8347657392732799,False,0.4176753312683233,0.34896991913756836,0.021354156504062624
web-Google,Sparse Uniform,916428,5105039,512,15.640876770019531,18.262203216552734,15.631299018859863,2.6213274002075195,,,,skipped_reorder_filter,,,,,nan,,,,,,,,,,,,,,,45.382700729370114,True,False,4.9591064453125e-05,46.227148113958535,45.134716796875,0.8444473845884204,False,0.3950536418888096,0.34632540377304705,0.021354156504062624
web-Stanford,Sparse Uniform,281904,2312497,64,0.5671936273574829,1.8233845233917236,0.5612390637397766,1.2561908960342407,,,,skipped_reorder_filter,,,,,nan,,,,,,,,,,,,,,,2.036969614028931,True,False,2.6702880859375e-05,2.486972004454583,1.9818138122558593,0.45000239042565227,False,0.7331745271461587,0.2831946473826062,0.01596871942267131
web-Stanford,Sparse Uniform,281904,2312497,128,1.2062560319900513,2.453188896179199,1.1988736391067505,1.2469329833984375,,,,skipped_reorder_filter,,,,,nan,,,,,,,,,,,,,,,3.9913471937179565,True,False,3.4332275390625e-05,4.446931605692953,3.9571713256835936,0.45558441197499633,False,0.5516587871598096,0.30296227795991304,0.01596871942267131
web-Stanford,Sparse Uniform,281904,2312497,256,2.403398275375366,3.7542974948883057,2.396390438079834,1.3508992195129395,,,,skipped_reorder_filter,,,,,nan,,,,,,,,,,,,,,,7.949004745483398,True,False,3.4332275390625e-05,8.405881018284708,7.912263793945312,0.4568762728013098,False,0.446627484581551,0.3028703921516898,0.01596871942267131
web-Stanford,Sparse Uniform,281904,2312497,512,4.758016109466553,6.391261100769043,4.751042366027832,1.6332449913024902,,,,skipped_reorder_filter,,,,,nan,,,,,,,,,,,,,,,15.843382263183594,True,False,3.4332275390625e-05,16.315674148127435,15.8055419921875,0.4722918849438429,False,0.39172522341055543,0.3005934480687988,0.01596871942267131
