M,N,category,cusparse_cold_exec_ms,cusparse_ms_cold,cusparse_ms_warm,cusparse_preprocess_ms,dataset,dtc_cold_exec_ms,dtc_correct,dtc_end_to_end_ms,dtc_failure_class,dtc_failure_detail,dtc_hard_fail,dtc_max_error,dtc_mean_kernel_ms,dtc_ms,dtc_ms_cold,dtc_ms_warm,dtc_preprocess_ms,dtc_reorder_method,dtc_reorder_ms,dtc_reorder_version,dtc_selection_variant_ms,dtc_soft_fail,dtc_speedup_vs_cusparse_cold,dtc_speedup_vs_cusparse_warm,dtc_std_kernel_ms,dtc_tolerance,dtc_variant,dtc_variant_count,nnz,pyg_cold_exec_ms,pyg_correct,pyg_hard_fail,pyg_max_error,pyg_ms_cold,pyg_ms_warm,pyg_preprocess_ms,pyg_soft_fail,pyg_speedup_vs_cusparse_cold,pyg_speedup_vs_cusparse_warm,pyg_tolerance
1090920,64,Sparse Uniform,1.4047231674194336,2.762869358062744,1.3988096714019775,1.358146071434021,roadNet-PA,,,,skipped_reorder_filter,,,,,nan,,,,,,,,,,,,,,,3083796,4.824892807006836,True,False,9.5367431640625e-07,5.370682306308299,4.789913635253907,0.5457894993014634,False,0.5144354479537044,0.2920323366807069,0.003
1090920,128,Sparse Uniform,3.0360960960388184,4.629103660583496,3.0265088081359863,1.5930074453353882,roadNet-PA,,,,skipped_reorder_filter,,,,,nan,,,,,,,,,,,,,,,3083796,9.610947036743164,True,False,9.5367431640625e-07,10.168699956592173,9.573632202148438,0.5577529198490083,False,0.45523062735099556,0.31612963024178026,0.003
1090920,256,Sparse Uniform,6.059945583343506,8.041280746459961,6.049924850463867,1.981335163116455,roadNet-PA,,,,skipped_reorder_filter,,,,,nan,,,,,,,,,,,,,,,3083796,19.04664306640625,True,False,9.5367431640625e-07,19.620315490476788,19.009398193359374,0.5736724240705371,False,0.40984461999925526,0.3182596728694605,0.003
1090920,512,Sparse Uniform,12.138086318969727,15.004888534545898,12.132567405700684,2.86680269241333,roadNet-PA,,,,skipped_reorder_filter,,,,,nan,,,,,,,,,,,,,,,3083796,38.28635215759277,True,False,9.5367431640625e-07,38.86703784810379,38.2085986328125,0.580685690511018,False,0.38605691005284426,0.3175350010162782,0.003
403394,64,Sparse Uniform,1.0043392181396484,2.25394344329834,0.9988864064216614,1.249604344367981,Amazon0601,,,,skipped_reorder_filter,,,,,nan,,,,,,,,,,,,,,,3387388,2.134057641029358,True,False,2.86102294921875e-06,2.7426848132163286,2.078592071533203,0.6086271721869707,False,0.8218018462920481,0.4805591342821137,0.0031622776601683794
403394,128,Sparse Uniform,2.2591359615325928,3.5419204235076904,2.251023292541504,1.2827844619750977,Amazon0601,,,,skipped_reorder_filter,,,,,nan,,,,,,,,,,,,,,,3387388,4.196591997146607,True,False,2.86102294921875e-06,4.812931183818728,4.162969665527344,0.6163391866721213,False,0.7359175288887928,0.5407253651598145,0.0031622776601683794
403394,256,Sparse Uniform,4.464742660522461,5.916690826416016,4.459770679473877,1.4519479274749756,Amazon0601,,,,skipped_reorder_filter,,,,,nan,,,,,,,,,,,,,,,3387388,8.406502437591552,True,False,2.86102294921875e-06,9.023297716211527,8.338145141601563,0.6167952786199749,False,0.6557126909140891,0.5348636421813664,0.0031622776601683794
403394,512,Sparse Uniform,8.928556442260742,10.70407485961914,8.91675090789795,1.7755179405212402,Amazon0601,,,,skipped_reorder_filter,,,,,nan,,,,,,,,,,,,,,,3387388,16.779641532897948,True,False,2.86102294921875e-06,17.41591203548014,16.704788818359376,0.6362705025821924,False,0.6146146603067658,0.5337841145347498,0.0031622776601683794
281904,64,Sparse Uniform,0.5671936273574829,1.8233845233917236,0.5612390637397766,1.2561908960342407,web-Stanford,,,,skipped_reorder_filter,,,,,nan,,,,,,,,,,,,,,,2312497,2.036969614028931,True,False,2.6702880859375e-05,2.486972004454583,1.9818138122558593,0.45000239042565227,False,0.7331745271461587,0.2831946473826062,0.01596871942267131
281904,128,Sparse Uniform,1.2062560319900513,2.453188896179199,1.1988736391067505,1.2469329833984375,web-Stanford,,,,skipped_reorder_filter,,,,,nan,,,,,,,,,,,,,,,2312497,3.9913471937179565,True,False,3.4332275390625e-05,4.446931605692953,3.9571713256835936,0.45558441197499633,False,0.5516587871598096,0.30296227795991304,0.01596871942267131
281904,256,Sparse Uniform,2.403398275375366,3.7542974948883057,2.396390438079834,1.3508992195129395,web-Stanford,,,,skipped_reorder_filter,,,,,nan,,,,,,,,,,,,,,,2312497,7.949004745483398,True,False,3.4332275390625e-05,8.405881018284708,7.912263793945312,0.4568762728013098,False,0.446627484581551,0.3028703921516898,0.01596871942267131
281904,512,Sparse Uniform,4.758016109466553,6.391261100769043,4.751042366027832,1.6332449913024902,web-Stanford,,,,skipped_reorder_filter,,,,,nan,,,,,,,,,,,,,,,2312497,15.843382263183594,True,False,3.4332275390625e-05,16.315674148127435,15.8055419921875,0.4722918849438429,False,0.39172522341055543,0.3005934480687988,0.01596871942267131
716847,64,Sparse Uniform,4.011622428894043,5.413071632385254,4.001249313354492,1.40144944190979,Yelp,,,,skipped_reorder_filter,,,,,nan,,,,,,,,,,,,,,,13954819,10.547635078430176,True,False,0.00048828125,12.527931461110711,10.490721435546876,1.9802963826805353,False,0.43208023999720524,0.38140840341033316,0.06989992846920517
716847,128,Sparse Uniform,8.596121788024902,10.084875106811523,8.587370872497559,1.488753318786621,Yelp,,,,skipped_reorder_filter,,,,,nan,,,,,,,,,,,,,,,13954819,20.750867080688476,True,False,0.00038909912109375,22.731480660196393,20.68142578125,1.9806135795079172,False,0.4436523628867911,0.41522141477706825,0.06989992846920517
716847,256,Sparse Uniform,17.23801612854004,18.978858947753906,17.23005485534668,1.7408431768417358,Yelp,,,,skipped_reorder_filter,,,,,nan,,,,,,,,,,,,,,,13954819,41.15946502685547,True,False,0.000518798828125,43.16703860210255,41.094296875,2.007573575247079,False,0.43966089781358075,0.41928092620143365,0.06989992846920517
1632803,64,Sparse Skewed,9.216041564941406,10.722148895263672,9.20721435546875,1.5061078071594238,soc-Pokec,,,,skipped_reorder_filter,,,,,nan,,,,,,,,,,,,,,,30622564,20.782377815246583,True,False,0.0006103515625,25.140340521372856,20.70390380859375,4.357962706126273,False,0.42649179258921827,0.44470909643847123,0.09361089680160105
1632803,128,Sparse Skewed,19.44063949584961,21.222492218017578,19.435304641723633,1.7818535566329956,soc-Pokec,,,,skipped_reorder_filter,,,,,nan,,,,,,,,,,,,,,,30622564,41.324354553222655,True,False,0.00079345703125,45.66600414328277,41.250009765625,4.341649590060115,False,0.46473284922038216,0.4711587888621475,0.09361089680160105
1632803,256,Sparse Skewed,38.81973648071289,41.29718780517578,38.80994415283203,2.4774529933929443,soc-Pokec,,,,skipped_reorder_filter,,,,,nan,,,,,,,,,,,,,,,30622564,82.99199676513672,True,False,0.0007781982421875,87.36558287311345,82.932080078125,4.373586107976735,False,0.4726940111548765,0.4679726363582304,0.09361089680160105
9877,64,Dense Small,0.02232320047914982,1.3149898052215576,0.01740800030529499,1.2926665544509888,ca-HepTh,20.07164764404297,True,20.525204458236693,,,False,0.0051174163818359375,19.95340805053711,19.95340805053711,3450.2582647157833,20.525204458236693,3430.1866170717403,DTC_IDENTITY_ORDER,0.0,identity-v1,3425.7151150377467,False,0.0003811279342967911,0.0008481279853126735,0.14607361641178485,0.0806225774829855,nobal_float2_split,5,51971,0.08650559931993484,True,False,5.7220458984375e-06,0.4117756080813706,0.049018878936767575,0.32527000876143575,False,3.1934621172648567,0.35512848687850707,0.00806225774829855
9877,128,Dense Small,0.03495680168271065,1.1949188709259033,0.0301414392888546,1.1599620580673218,ca-HepTh,34.66032028198242,True,35.67248901367188,,,False,0.005488395690917969,35.259750556945804,35.259750556945804,9257.858311426826,35.67248901367188,9223.197991144843,DTC_IDENTITY_ORDER,0.0,identity-v1,9218.676525051706,False,0.0001290707667723791,0.0008449491505149124,0.17364478087984975,0.0806225774829855,nobal_float2_split,7,51971,0.13207679837942124,True,False,5.7220458984375e-06,0.42428338890895245,0.10010111808776856,0.29220659052953124,False,2.8163225385717907,0.30110991629910283,0.00806225774829855
9877,256,Dense Small,0.0736256018280983,1.1212282180786133,0.0685516819357872,1.047602653503418,ca-HepTh,54.029151916503906,True,57.370265617370606,,,False,0.005871772766113281,56.9004545211792,56.9004545211792,13678.694014905952,57.370265617370606,13624.664862989448,DTC_IDENTITY_ORDER,0.0,identity-v1,13620.155198965222,False,8.196895236173776e-05,0.0011948991554787411,0.2477446557937687,0.0806225774829855,nobal_float2_split,7,51971,0.2320575997233391,True,False,9.5367431640625e-06,0.5606078313663602,0.19543039321899414,0.3285502316430211,False,2.0000223959516625,0.35077288034195375,0.00806225774829855
9877,512,Dense Small,0.13281279802322388,1.2260513305664062,0.1268889605998993,1.0932384729385376,ca-HepTh,98.3763198852539,True,99.259176902771,,,False,0.0064046382904052734,98.90268211364746,98.90268211364746,27909.308566853404,99.259176902771,27810.93224696815,DTC_IDENTITY_ORDER,0.0,identity-v1,27806.419107946567,False,4.3929835367635396e-05,0.0012783599920861016,0.4304744651163421,0.0806225774829855,nobal_float4_split,7,51971,0.4225760042667389,True,False,7.62939453125e-06,0.7543856088072062,0.38613502502441405,0.33180960454046726,False,1.6252316007260166,0.3286129265064119,0.00806225774829855
13752,64,Dense Small,0.07303040474653244,1.2904964685440063,0.06762495636940002,1.217466115951538,amazon-computers,nan,False,344.2904316711426,,,True,29.373857498168945,345.81212005615237,345.81212005615237,nan,nan,nan,DTC_IDENTITY_ORDER,0.0,identity-v1,35796.55832995195,False,,,0.2982205930639782,0.5469917732470938,nobal_float2_nonsplit,5,491722,0.4467231959104538,True,False,0.0001983642578125,0.7437259929254652,0.408540153503418,0.2970027970150113,False,1.7351773110252684,0.1655282982333198,0.05469917732470938
13752,128,Dense Small,0.12503039836883545,1.2592308521270752,0.11468799412250519,1.1342004537582397,amazon-computers,nan,False,382.4184786987305,,,True,39.12739944458008,380.4540954589844,380.4540954589844,nan,nan,nan,DTC_IDENTITY_ORDER,0.0,identity-v1,60956.9934370229,False,,,0.34613753595068547,0.5469917732470938,nobal_float2_split,7,491722,0.663459199666977,True,False,0.0003509521484375,1.0004318237304688,0.6110771179199219,0.3369726240634918,False,1.258687321072596,0.1876817029459355,0.05469917732470938
13752,256,Dense Small,0.25804799795150757,1.472832202911377,0.23592446744441986,1.2147842645645142,amazon-computers,525.0204467773438,True,521.2310589599609,,,False,0.04535865783691406,519.9602691650391,519.9602691650391,95411.33595878258,521.2310589599609,94886.31551200524,DTC_IDENTITY_ORDER,0.0,identity-v1,94877.49108404387,False,1.5436658423351667e-05,0.00045262933470459734,0.37347601502161637,0.5469917732470938,nobal_float4_split,7,491722,1.0588832139968871,True,False,0.00028228759765625,1.3632392218336462,1.0018252563476562,0.3043560078367591,False,1.0803915991577187,0.23549462937731,0.05469917732470938
13752,512,Dense Small,0.4953855872154236,1.7418851852416992,0.4832511842250824,1.2464996576309204,amazon-computers,778.1837158203125,True,777.6280453491211,,,False,0.037841796875,777.9863037109375,777.9863037109375,193879.85965195764,777.6280453491211,193101.67593613733,DTC_IDENTITY_ORDER,0.0,identity-v1,193092.77669806033,False,8.984353446348861e-06,0.0006214425869994487,0.41646089517343887,0.5469917732470938,nobal_float4_split,7,491722,1.837820792198181,True,False,0.00030517578125,2.1368700192309915,1.7833319091796875,0.29904922703281045,False,0.8151572952802071,0.270982188866554,0.05469917732470938
107614,64,Dense Large-Scale,1.7630208730697632,2.960322856903076,1.7907148599624634,1.1973021030426025,gplus-combined,,,,skipped_reorder_filter,,,,,nan,,,,,,,,,,,,,,,13673453,5.04204478263855,True,False,0.00067138671875,7.463130109570921,5.0057369995117185,2.4210853269323707,False,0.3966596874824248,0.3577325097457452,0.07110555533852471
107614,128,Dense Large-Scale,3.299020767211914,4.533487796783447,3.2496843338012695,1.2344669103622437,gplus-combined,,,,skipped_reorder_filter,,,,,nan,,,,,,,,,,,,,,,13673453,9.420767974853515,True,False,0.0006256103515625,11.848310650140046,9.375134887695312,2.4275426752865314,False,0.38262735765877826,0.3466280083144637,0.07110555533852471
107614,256,Dense Large-Scale,6.294172763824463,7.555524826049805,6.427361488342285,1.2613518238067627,gplus-combined,,,,skipped_reorder_filter,,,,,nan,,,,,,,,,,,,,,,13673453,17.99327983856201,True,False,0.000640869140625,20.428407461009918,17.96042724609375,2.435127622447908,False,0.3698538341997748,0.3578623938214045,0.07110555533852471
107614,512,Dense Large-Scale,12.422639846801758,13.795095443725586,12.67504596710205,1.3724554777145386,gplus-combined,,,,skipped_reorder_filter,,,,,nan,,,,,,,,,,,,,,,13673453,35.582662200927736,True,False,0.000732421875,38.022739698085935,35.489873046875,2.4400774971581995,False,0.36281171617993724,0.3571454299191451,0.07110555533852471
2449029,64,Dense Large-Scale,39.09882354736328,40.79311752319336,39.088375091552734,1.6942945718765259,ogbn-products,,,,skipped_reorder_filter,,,,,nan,,,,,,,,,,,,,,,123718152,80.11409225463868,True,False,0.00079345703125,98.201135472022,79.885087890625,18.087043217383325,False,0.41540372549781285,0.48930753065041055,0.1322157328006013
2449029,128,Dense Large-Scale,79.15509796142578,81.3177261352539,79.14104461669922,2.1626248359680176,ogbn-products,,,,skipped_reorder_filter,,,,,nan,,,,,,,,,,,,,,,123718152,159.7807174682617,True,False,0.00115966796875,177.8680025617592,159.65390625,18.087285093497485,False,0.45718018397951493,0.49570377872730076,0.1322157328006013
317080,64,Community,0.7153536081314087,1.9565107822418213,0.709048330783844,1.2411571741104126,com-DBLP,,,,skipped_reorder_filter,,,,,nan,,,,,,,,,,,,,,,2099732,2.14552640914917,True,False,2.288818359375e-05,2.576996120624244,2.1108940124511717,0.4314697114750743,False,0.7592214697505566,0.33589954142723466,0.018520259177452137
317080,128,Community,1.5476800203323364,2.794766426086426,1.5411558151245117,1.247086524963379,com-DBLP,,,,skipped_reorder_filter,,,,,nan,,,,,,,,,,,,,,,2099732,4.261708736419678,True,False,3.0517578125e-05,4.70100714545697,4.227409973144531,0.439298409037292,False,0.5945037604946579,0.3645626577301499,0.018520259177452137
317080,256,Community,3.0729055404663086,4.4988203048706055,3.0642740726470947,1.4259146451950073,com-DBLP,,,,skipped_reorder_filter,,,,,nan,,,,,,,,,,,,,,,2099732,8.501903915405274,True,False,3.4332275390625e-05,8.951532112061978,8.46223388671875,0.44962819665670395,False,0.5025754528443853,0.3621117205772806,0.018520259177452137
317080,512,Community,6.145267009735107,7.800920009613037,6.136309623718262,1.6556529998779297,com-DBLP,,,,skipped_reorder_filter,,,,,nan,,,,,,,,,,,,,,,2099732,16.974271965026855,True,False,3.814697265625e-05,17.449335046857595,16.93349853515625,0.47506308183074,False,0.4470611624262372,0.3623769542353251,0.018520259177452137
1157828,64,Community,1.9319168329238892,3.3044018745422363,1.92401921749115,1.3724850416183472,com-youtube,,,,skipped_reorder_filter,,,,,nan,,,,,,,,,,,,,,,5975248,8.080038261413574,True,False,0.0012664794921875,9.164924741070717,8.02566162109375,1.0848864796571434,False,0.36054871893647333,0.23973340869919973,0.16957004452437938
1157828,128,Community,4.082672119140625,5.760347843170166,4.072089672088623,1.6776758432388306,com-youtube,,,,skipped_reorder_filter,,,,,nan,,,,,,,,,,,,,,,5975248,15.478895950317384,True,False,0.0017547607421875,16.58814195189625,15.437911376953124,1.1092460015788674,False,0.34725696584189647,0.26377205909911783,0.16957004452437938
1157828,256,Community,8.13015079498291,10.693233489990234,8.12171745300293,2.5630831718444824,com-youtube,,,,skipped_reorder_filter,,,,,nan,,,,,,,,,,,,,,,5975248,30.4888032913208,True,False,0.002471923828125,31.611022011004387,30.4412255859375,1.1222187196835876,False,0.3382754751259773,0.2667999496299783,0.16957004452437938
3327,64,Mixed/Irregular,0.018943998962640762,1.3040095567703247,0.013875199481844902,1.2850655317306519,CiteSeer,13.23971176147461,True,13.334876160621643,,,False,0.0061798095703125,13.221529483795166,13.221529483795166,2774.2213048096746,13.334876160621643,2760.9815930482,DTC_IDENTITY_ORDER,0.0,identity-v1,2756.630468997173,False,0.0004700452536030777,0.0010405195604904717,0.1503043077694336,0.099498743710662,nobal_float2_nonsplit,5,9104,0.05469119995832443,True,False,6.67572021484375e-06,0.322220384888351,0.019148800373077392,0.26752918493002653,False,4.046949286657213,0.7245988893044701,0.0099498743710662
3327,128,Mixed/Irregular,0.022313600406050682,1.0900909900665283,0.0141056003049016,1.067777395248413,CiteSeer,13.79417610168457,True,14.112640013694763,,,False,0.005419731140136719,13.896755170822143,13.896755170822143,5004.7104370854795,14.112640013694763,4990.916260983795,DTC_IDENTITY_ORDER,0.0,identity-v1,4986.556167947128,False,0.00021781299912754769,0.0009995011770450935,0.16569455459595372,0.099498743710662,nobal_float2_split,7,9104,0.06924479901790619,True,False,7.62939453125e-06,0.3825268818065524,0.032040960788726806,0.3132820827886462,False,2.8497108096517985,0.4402364959625203,0.0099498743710662
3327,256,Mixed/Irregular,0.024883199483156204,1.052732229232788,0.019353600218892097,1.0278490781784058,CiteSeer,19.14022445678711,True,18.798064670562745,,,False,0.007346153259277344,19.06421766281128,19.06421766281128,7261.729712500237,18.798064670562745,7242.58948804345,DTC_IDENTITY_ORDER,0.0,identity-v1,7238.196025020443,False,0.00014496989986017105,0.0010295528054650915,0.26932183356787165,0.099498743710662,nobal_float2_split,7,9104,0.09648960083723068,True,False,6.67572021484375e-06,0.3888610936701298,0.061327362060546876,0.2923714928328991,False,2.70721922652879,0.3155785536606776,0.0099498743710662
3327,512,Mixed/Irregular,0.045977599918842316,1.2691344022750854,0.0373811200261116,1.2231568098068237,CiteSeer,27.428192138671875,True,29.30366467475891,,,False,0.0077877044677734375,28.696371173858644,28.696371173858644,10396.755998075008,29.30366467475891,10369.327805936337,DTC_IDENTITY_ORDER,0.0,identity-v1,10364.930948009714,False,0.0001220702306094391,0.0012756465937282689,1.7262656367292892,0.099498743710662,nobal_float2_split,7,9104,0.1502367988228798,True,False,1.33514404296875e-05,0.4213537060655653,0.11681792259216309,0.27111690724268556,False,3.0120404401465026,0.3199947336558729,0.0099498743710662
89250,64,Mixed/Irregular,0.25824639201164246,1.4930568933486938,0.25165826082229614,1.234810471534729,Flickr,847.4541625976562,True,847.1342449951172,,,False,0.052410125732421875,846.547250366211,846.547250366211,90041.01096250024,847.1342449951172,89193.55679990258,DTC_IDENTITY_ORDER,0.0,identity-v1,89179.4117129175,False,1.6581965011149348e-05,0.00029707010702152253,0.33469489254776763,0.7365459931328118,nobal_float2_nonsplit,5,899756,1.053983998298645,True,False,0.000396728515625,1.4076025698333978,1.0064588928222655,0.35361857153475285,False,1.0607091272399498,0.25004325821654544,0.07365459931328118
89250,128,Mixed/Irregular,0.5594047904014587,1.7360608577728271,0.5536205172538757,1.1766561269760132,Flickr,959.0302124023438,True,957.5633926391602,,,False,0.04211616516113281,957.65380859375,957.65380859375,157382.46801743377,957.5633926391602,156423.43780503143,DTC_IDENTITY_ORDER,0.0,identity-v1,156410.33829003572,False,1.1030840217733262e-05,0.0005781554741018564,0.3812853597440293,0.7365459931328118,nobal_float2_split,7,899756,1.7343487977981566,True,False,0.0002593994140625,2.0848113033920526,1.6881100463867187,0.3504625055938959,False,0.8327184599144308,0.3279528597314267,0.07365459931328118
89250,256,Mixed/Irregular,1.1053760051727295,2.327458381652832,1.0985472202301025,1.222082257270813,Flickr,1355.1380615234375,True,1353.8875732421875,,,False,0.0429840087890625,1353.8825622558593,1353.8825622558593,232896.2230225578,1353.8875732421875,231541.08496103436,DTC_IDENTITY_ORDER,0.0,identity-v1,231526.84677601792,False,9.993542838294117e-06,0.0008114021001015503,0.6774515792953895,0.7365459931328118,nobal_float2_split,7,899756,3.0818912506103517,True,False,0.00048065185546875,3.4431714404374363,3.0490625,0.36128018982708454,False,0.67596354753603,0.3602901613955446,0.07365459931328118
89250,512,Mixed/Irregular,2.18255352973938,3.483438491821289,2.175851583480835,1.3008849620819092,Flickr,,,,timeout,timed out after 600s,,,,nan,,,,DTC_IDENTITY_ORDER,0.0,identity-v1,,,,,,,,,899756,5.8101279735565186,True,False,0.0006103515625,6.199876645579934,5.76974853515625,0.38974867202341557,False,0.5618560966539117,0.37711376331618773,0.07365459931328118
200000,64,Sparse Skewed,1.9303935766220093,3.121736526489258,1.9227904081344604,1.191343069076538,synth_sparse_skewed_cv2p0,,,,skipped_reorder_filter,,,,,nan,,,,,,,,,,,,,,,6166484,3.8543007612228393,True,False,1.33514404296875e-05,4.898912545386702,3.8040985107421874,1.0446117841638625,False,0.6372305072947244,0.5054523174688554,0.01
200000,128,Sparse Skewed,4.017555236816406,5.295589447021484,4.00978946685791,1.2780343294143677,synth_sparse_skewed_cv2p0,,,,skipped_reorder_filter,,,,,nan,,,,,,,,,,,,,,,6166484,7.6913024425506595,True,False,1.71661376953125e-05,8.708118438813836,7.633745727539062,1.0168159962631762,False,0.6081209717380481,0.5252715521283902,0.01
200000,256,Sparse Skewed,8.005523681640625,9.375130653381348,7.997931480407715,1.3696067333221436,synth_sparse_skewed_cv2p0,,,,skipped_reorder_filter,,,,,nan,,,,,,,,,,,,,,,6166484,15.379823875427245,True,False,1.33514404296875e-05,16.410835474543273,15.319193115234375,1.0310115991160274,False,0.5712768656979218,0.5220856882112195,0.01
200000,512,Sparse Skewed,16.035263061523438,17.536535263061523,16.02495574951172,1.5012720823287964,synth_sparse_skewed_cv2p0,,,,skipped_reorder_filter,,,,,nan,,,,,,,,,,,,,,,6166484,30.749161529541016,True,False,1.71661376953125e-05,31.807249935530127,30.70075439453125,1.0580884059891105,False,0.551337676114917,0.5219727028064906,0.01
200000,64,Sparse Skewed,4.687094688415527,5.964846611022949,4.681400299072266,1.2777520418167114,synth_sparse_skewed_cv3p0,,,,skipped_reorder_filter,,,,,nan,,,,,,,,,,,,,,,16207364,8.616070365905761,True,False,3.4332275390625e-05,11.325243940018117,8.578569946289063,2.7091735741123557,False,0.5266859277040356,0.5457087053416585,0.01549193338482967
200000,128,Sparse Skewed,9.760704040527344,11.0067720413208,9.754383087158203,1.2460683584213257,synth_sparse_skewed_cv3p0,,,,skipped_reorder_filter,,,,,nan,,,,,,,,,,,,,,,16207364,17.259584045410158,True,False,2.86102294921875e-05,19.998275958374144,17.214730224609376,2.7386919129639864,False,0.5503860464887619,0.566630029044184,0.01549193338482967
200000,256,Sparse Skewed,19.439769744873047,20.81954574584961,19.427614212036133,1.379776954650879,synth_sparse_skewed_cv3p0,,,,skipped_reorder_filter,,,,,nan,,,,,,,,,,,,,,,16207364,34.61562881469727,True,False,3.4332275390625e-05,37.37153431624174,34.544716796875,2.7559055015444756,False,0.5570963602851434,0.5623903164779629,0.01549193338482967
200000,512,Sparse Skewed,38.93529510498047,40.410682678222656,38.92900466918945,1.475388526916504,synth_sparse_skewed_cv3p0,,,,skipped_reorder_filter,,,,,nan,,,,,,,,,,,,,,,16207364,69.32890853881835,True,False,3.4332275390625e-05,72.09303092481568,69.2555712890625,2.764122385997325,False,0.5605352162314567,0.5621064694810697,0.01549193338482967
200000,64,Community,0.35973119735717773,1.5955661535263062,0.3529472053050995,1.2358349561691284,synth_community_nc10,,,,skipped_reorder_filter,,,,,nan,,,,,,,,,,,,,,,1089063,0.9879711985588073,True,False,1.9073486328125e-06,1.3140023772604763,0.9351065826416015,0.326031178701669,False,1.2142795029434068,0.3774406167776638,0.004358898943540674
200000,128,Community,0.8085504174232483,2.0413036346435547,0.8014233112335205,1.2327531576156616,synth_community_nc10,,,,skipped_reorder_filter,,,,,nan,,,,,,,,,,,,,,,1089063,1.8907360076904296,True,False,1.430511474609375e-06,2.2107219133526086,1.862476806640625,0.319985905662179,False,0.9233651787292743,0.430299753734415,0.004358898943540674
200000,256,Community,1.5993951559066772,2.922623634338379,1.5917567014694214,1.323228359222412,synth_community_nc10,,,,skipped_reorder_filter,,,,,nan,,,,,,,,,,,,,,,1089063,3.749174427986145,True,False,1.9073486328125e-06,4.077147437538952,3.7187890625,0.3279730095528066,False,0.7168304995373268,0.428030919398086,0.004358898943540674
200000,512,Community,3.1803390979766846,4.697875022888184,3.1704421043395996,1.5175360441207886,synth_community_nc10,,,,skipped_reorder_filter,,,,,nan,,,,,,,,,,,,,,,1089063,7.470835208892822,True,False,1.430511474609375e-06,7.804336525965482,7.444100952148437,0.33350131707265973,False,0.6019570026559055,0.42589993401749615,0.004358898943540674
200000,64,Community,0.30003198981285095,1.5622150897979736,0.2947123050689697,1.2621830701828003,synth_community_nc100,,,,skipped_reorder_filter,,,,,nan,,,,,,,,,,,,,,,1098420,0.9616639912128448,True,False,1.430511474609375e-06,1.2782012792304158,0.9330226898193359,0.316537288017571,False,1.22219803342597,0.31586831519181574,0.004242640687119285
200000,128,Community,0.695091187953949,1.913799524307251,0.6892850995063782,1.2187082767486572,synth_community_nc100,,,,skipped_reorder_filter,,,,,nan,,,,,,,,,,,,,,,1098420,1.8793599963188172,True,False,1.9073486328125e-06,2.199485763348639,1.8523493957519532,0.3201257670298219,False,0.8701122581459946,0.37211397649230527,0.004242640687119285
200000,256,Community,1.3768703937530518,2.6783013343811035,1.3699737787246704,1.3014309406280518,synth_community_nc100,,,,skipped_reorder_filter,,,,,nan,,,,,,,,,,,,,,,1098420,3.7263456106185915,True,False,1.9073486328125e-06,4.073838908504695,3.691990966796875,0.3474932978861034,False,0.6574391856265558,0.37106639508201245,0.004242640687119285
200000,512,Community,2.7357921600341797,4.207406997680664,2.7270400524139404,1.4716147184371948,synth_community_nc100,,,,skipped_reorder_filter,,,,,nan,,,,,,,,,,,,,,,1098420,7.40862398147583,True,False,1.9073486328125e-06,7.749787778314203,7.3850830078125,0.34116379683837295,False,0.5429060921453895,0.3692632905451531,0.004242640687119285
200000,64,Community,0.2978816032409668,1.5586696863174438,0.2918604910373688,1.260788083076477,synth_community_nc1000,,,,skipped_reorder_filter,,,,,nan,,,,,,,,,,,,,,,1101854,0.9588480114936828,True,False,1.430511474609375e-06,1.2737329004332423,0.9269760131835938,0.31488488893955946,False,1.2237021480620343,0.31485225818843693,0.00412310562561766
200000,128,Community,0.6896640062332153,1.9404305219650269,0.683991014957428,1.2507665157318115,synth_community_nc1000,,,,skipped_reorder_filter,,,,,nan,,,,,,,,,,,,,,,1101854,1.867564821243286,True,False,1.9073486328125e-06,2.1852876130491494,1.8417561340332032,0.3177227918058634,False,0.8879520070392604,0.37137979470690174,0.00412310562561766
200000,256,Community,1.3654016256332397,2.705105781555176,1.3590527772903442,1.3397042751312256,synth_community_nc1000,,,,skipped_reorder_filter,,,,,nan,,,,,,,,,,,,,,,1101854,3.699468803405762,True,False,1.9073486328125e-06,4.029020497854799,3.6687973022460936,0.3295516944490373,False,0.671405316253783,0.3704355038797896,0.00412310562561766
200000,512,Community,2.7191967964172363,4.185885429382324,2.7127246856689453,1.4666887521743774,synth_community_nc1000,,,,skipped_reorder_filter,,,,,nan,,,,,,,,,,,,,,,1101854,7.360160064697266,True,False,1.9073486328125e-06,7.6893264593556525,7.3340826416015625,0.3291663946583867,False,0.5443760843694353,0.36987920892537973,0.00412310562561766
200000,64,Mixed/Irregular,1.704755187034607,2.9212303161621094,1.6993484497070312,1.2164751291275024,synth_mixed_v2,,,,skipped_reorder_filter,,,,,nan,,,,,,,,,,,,,,,5457270,4.115673494338989,True,False,5.7220458984375e-05,4.99908655397594,4.0589773559570315,0.8834130596369505,False,0.5843528181841056,0.41866418574940695,0.018973665961010275
200000,128,Mixed/Irregular,3.5230720043182373,4.826896667480469,3.513763666152954,1.3038244247436523,synth_mixed_v2,,,,skipped_reorder_filter,,,,,nan,,,,,,,,,,,,,,,5457270,8.154140663146972,True,False,5.340576171875e-05,9.02336494186893,8.101253051757812,0.8692242787219584,False,0.5349331096078572,0.43373088628438,0.018973665961010275
200000,256,Mixed/Irregular,7.03607702255249,8.349581718444824,7.027261257171631,1.3135044574737549,synth_mixed_v2,,,,skipped_reorder_filter,,,,,nan,,,,,,,,,,,,,,,5457270,16.280563354492188,True,False,6.103515625e-05,17.15062491549179,16.211256103515623,0.8700615609996021,False,0.4868383373542749,0.43348036773336013,0.018973665961010275
200000,512,Mixed/Irregular,14.060118675231934,15.556143760681152,14.054496765136719,1.4960254430770874,synth_mixed_v2,,,,skipped_reorder_filter,,,,,nan,,,,,,,,,,,,,,,5457270,32.49055366516113,True,False,4.9591064453125e-05,33.382207870204,32.465126953125,0.8916542050428689,False,0.46600104526238123,0.43291057464304394,0.018973665961010275
200000,64,Mixed/Irregular,2.243839979171753,3.4269394874572754,2.237480878829956,1.183099627494812,synth_mixed_v4,,,,skipped_reorder_filter,,,,,nan,,,,,,,,,,,,,,,7410217,5.224633646011353,True,False,5.340576171875e-05,6.382960615027696,5.19035400390625,1.1583269690163434,False,0.5368887095102977,0.431084445713343,0.021908902300206645
200000,128,Mixed/Irregular,4.651519775390625,5.874785900115967,4.644710540771484,1.2232662439346313,synth_mixed_v4,,,,skipped_reorder_filter,,,,,nan,,,,,,,,,,,,,,,7410217,10.422316741943359,True,False,6.103515625e-05,11.569521845132112,10.35610107421875,1.1472051031887531,False,0.5077812185114451,0.4484999236183947,0.021908902300206645
200000,256,Mixed/Irregular,9.255571365356445,10.559976577758789,9.248246192932129,1.3044053316116333,synth_mixed_v4,,,,skipped_reorder_filter,,,,,nan,,,,,,,,,,,,,,,7410217,20.791382598876954,True,False,6.4849853515625e-05,21.924651100020856,20.73535888671875,1.1332685011439025,False,0.48164855757949754,0.4460133168399484,0.021908902300206645
200000,512,Mixed/Irregular,18.519821166992188,19.97588539123535,18.514062881469727,1.4560645818710327,synth_mixed_v4,,,,skipped_reorder_filter,,,,,nan,,,,,,,,,,,,,,,7410217,41.554678726196286,True,False,6.4849853515625e-05,42.71834230162203,41.523388671875,1.163663575425744,False,0.4676184588388595,0.44587071223331637,0.021908902300206645
10000,64,Dense Small,0.05056639760732651,1.2484288215637207,0.044702719897031784,1.1978623867034912,synth_dense_small_d30,,,,nonzero_returncode,returncode=1 detail=Exp_Edges:	4725888,,,,nan,,,,DTC_IDENTITY_ORDER,0.0,identity-v1,,,,,,,,,300000,0.1033215992152691,True,False,3.814697265625e-06,0.4107534861192107,0.06646783828735352,0.30743188690394163,False,3.0393626925941564,0.6725466187688118,0.005477225575051661
10000,128,Dense Small,0.08493760228157043,1.2868502140045166,0.07773184031248093,1.2019126415252686,synth_dense_small_d30,,,,nonzero_returncode,returncode=1 detail=Exp_Edges:	4725888,,,,nan,,,,DTC_IDENTITY_ORDER,0.0,identity-v1,,,,,,,,,300000,0.1682879999279976,True,False,4.76837158203125e-06,0.4774337066337466,0.1281382369995117,0.30914570670574903,False,2.6953484769178586,0.6066248618105862,0.005477225575051661
10000,256,Dense Small,0.17130880057811737,1.3902782201766968,0.1521356701850891,1.218969464302063,synth_dense_small_d30,,,,nonzero_returncode,returncode=1 detail=Exp_Edges:	4725888,,,,nan,,,,DTC_IDENTITY_ORDER,0.0,identity-v1,,,,,,,,,300000,0.2934816002845764,True,False,4.76837158203125e-06,0.5704429874196648,0.25926143646240235,0.27696138713508844,False,2.4371904832513853,0.5868040857173588,0.005477225575051661
10000,512,Dense Small,0.325107216835022,1.5861824750900269,0.31380993127822876,1.2610752582550049,synth_dense_small_d30,,,,nonzero_returncode,returncode=1 detail=Exp_Edges:	4725888,,,,nan,,,,DTC_IDENTITY_ORDER,0.0,identity-v1,,,,,,,,,300000,0.5507968008518219,True,False,4.76837158203125e-06,0.8358724988996983,0.5165311813354492,0.28507569804787636,False,1.897636873061382,0.6075333738166567,0.005477225575051661
10000,64,Dense Small,0.09277120232582092,1.2378764152526855,0.08695296198129654,1.145105242729187,synth_dense_small_d70,,,,nonzero_returncode,returncode=1 detail=Exp_Edges:	10666112,,,,nan,,,,DTC_IDENTITY_ORDER,0.0,identity-v1,,,,,,,,,700000,0.1863200008869171,True,False,9.5367431640625e-06,0.5045865337364376,0.14320639610290528,0.31826653284952044,False,2.4532490117924346,0.6071863013633404,0.008366600265340756
10000,128,Dense Small,0.17756159603595734,1.3704913854599,0.16439807415008545,1.192929744720459,synth_dense_small_d70,,,,nonzero_returncode,returncode=1 detail=Exp_Edges:	10666112,,,,nan,,,,DTC_IDENTITY_ORDER,0.0,identity-v1,,,,,,,,,700000,0.33055360019207003,True,False,9.5367431640625e-06,0.6503478862345219,0.2864947128295898,0.31979428604245186,False,2.10732042721776,0.5738258571210395,0.008366600265340756
10000,256,Dense Small,0.34005120396614075,1.5087014436721802,0.32672256231307983,1.1686502695083618,synth_dense_small_d70,,,,nonzero_returncode,returncode=1 detail=Exp_Edges:	10666112,,,,nan,,,,DTC_IDENTITY_ORDER,0.0,identity-v1,,,,,,,,,700000,0.6301663994789124,True,False,1.1444091796875e-05,0.9298686931841076,0.5747200012207031,0.2997022937051952,False,1.622488696233015,0.5684899805455219,0.008366600265340756
10000,512,Dense Small,0.663856029510498,1.8984267711639404,0.6612838506698608,1.2345707416534424,synth_dense_small_d70,,,,nonzero_returncode,returncode=1 detail=Exp_Edges:	10666112,,,,nan,,,,DTC_IDENTITY_ORDER,0.0,identity-v1,,,,,,,,,700000,1.2059903979301452,True,False,1.049041748046875e-05,1.5092461994849145,1.1532032012939453,0.3032558015547693,False,1.2578642051984945,0.5734322016517739,0.008366600265340756
10000,64,Dense Small,0.16517120599746704,1.3943791389465332,0.1440921574831009,1.229207992553711,synth_dense_small_d120,,,,nonzero_returncode,returncode=1 detail=Exp_Edges:	17599872,,,,nan,,,,DTC_IDENTITY_ORDER,0.0,identity-v1,,,,,,,,,1200000,0.24985920190811156,True,False,1.71661376953125e-05,0.6004869124852121,0.20937728881835938,0.3506277105771005,False,2.3220808146769922,0.6881938260653707,0.010954451150103323
10000,128,Dense Small,0.2792448103427887,1.44670832157135,0.2707200050354004,1.1674635410308838,synth_dense_small_d120,,,,nonzero_returncode,returncode=1 detail=Exp_Edges:	17599872,,,,nan,,,,DTC_IDENTITY_ORDER,0.0,identity-v1,,,,,,,,,1200000,0.46567040085792544,True,False,1.621246337890625e-05,0.8435192849487066,0.4261478424072266,0.3778488840907812,False,1.71508624329712,0.6352724995770377,0.010954451150103323
10000,256,Dense Small,0.5488352179527283,1.7492711544036865,0.544834554195404,1.2004358768463135,synth_dense_small_d120,,,,nonzero_returncode,returncode=1 detail=Exp_Edges:	17599872,,,,nan,,,,DTC_IDENTITY_ORDER,0.0,identity-v1,,,,,,,,,1200000,0.8996928036212921,True,False,1.71661376953125e-05,1.257253395859152,0.8555315399169922,0.35756059223785996,False,1.3913433522351404,0.6368374849725196,0.010954451150103323
10000,512,Dense Small,1.088819146156311,2.276548385620117,1.0915071964263916,1.1877292394638062,synth_dense_small_d120,,,,nonzero_returncode,returncode=1 detail=Exp_Edges:	17599872,,,,nan,,,,DTC_IDENTITY_ORDER,0.0,identity-v1,,,,,,,,,1200000,1.745631992816925,True,False,1.9073486328125e-05,2.082351204007864,1.7000038146972656,0.33671921119093895,False,1.0932586113420664,0.6420616159739416,0.010954451150103323
300000,64,Sparse Uniform,0.6821888089179993,1.9489030838012695,0.6753791570663452,1.266714334487915,synth_sparse_uniform_d5,,,,skipped_reorder_filter,,,,,nan,,,,,,,,,,,,,,,1500000,1.4394752025604247,True,False,9.5367431640625e-07,1.7938866090029477,1.4147482299804688,0.354411406442523,False,1.0864137532552745,0.47738469838952835,0.00223606797749979
300000,128,Sparse Uniform,1.3478080034255981,2.6266465187072754,1.3401395082473755,1.2788383960723877,synth_sparse_uniform_d5,,,,skipped_reorder_filter,,,,,nan,,,,,,,,,,,,,,,1500000,2.844979190826416,True,False,9.5367431640625e-07,3.2028962118551134,2.8176690673828126,0.3579170210286975,False,0.8200848060530581,0.4756199100031864,0.00223606797749979
300000,256,Sparse Uniform,2.6788864135742188,4.049862861633301,2.670499801635742,1.3709766864776611,synth_sparse_uniform_d5,,,,skipped_reorder_filter,,,,,nan,,,,,,,,,,,,,,,1500000,5.661007976531982,True,False,9.5367431640625e-07,6.026231095101684,5.6567449951171875,0.3652231185697019,False,0.672039090058322,0.472091247517941,0.00223606797749979
300000,512,Sparse Uniform,5.329792022705078,6.9563822746276855,5.32283878326416,1.6265902519226074,synth_sparse_uniform_d5,,,,skipped_reorder_filter,,,,,nan,,,,,,,,,,,,,,,1500000,11.35387201309204,True,False,9.5367431640625e-07,11.728352245222776,11.306280517578125,0.3744802321307361,False,0.5931252855626994,0.4707860180002278,0.00223606797749979
300000,64,Sparse Uniform,1.3236863613128662,2.548766613006592,1.3172122240066528,1.2250802516937256,synth_sparse_uniform_d12,,,,skipped_reorder_filter,,,,,nan,,,,,,,,,,,,,,,3600000,2.004329597949982,True,False,0.0,2.655239187553525,1.9532595825195314,0.6509095896035433,False,0.9599009478897325,0.674366190646082,0.0034641016151377543
300000,128,Sparse Uniform,2.6470143795013428,3.941526174545288,2.6388683319091797,1.2945117950439453,synth_sparse_uniform_d12,,,,skipped_reorder_filter,,,,,nan,,,,,,,,,,,,,,,3600000,3.965792012214661,True,False,0.0,4.61990998480469,3.9117108154296876,0.6541179725900292,False,0.853160816446496,0.6746072131662191,0.0034641016151377543
300000,256,Sparse Uniform,5.267763137817383,6.665085315704346,5.2601447105407715,1.397322177886963,synth_sparse_uniform_d12,,,,skipped_reorder_filter,,,,,nan,,,,,,,,,,,,,,,3600000,7.891110372543335,True,False,0.0,8.548425296135246,7.84373779296875,0.6573149235919118,False,0.7796857415034836,0.6706171023789255,0.0034641016151377543
300000,512,Sparse Uniform,10.515522956848145,12.134854316711426,10.50758171081543,1.6193312406539917,synth_sparse_uniform_d12,,,,skipped_reorder_filter,,,,,nan,,,,,,,,,,,,,,,3600000,15.728911972045898,True,False,0.0,16.392554289568217,15.684034423828125,0.6636423175223172,False,0.7402662271146921,0.6699540071686965,0.0034641016151377543
